-- 36834

INSERT INTO PROV_FOREST_USE (FOREST_FILE_ID,FILE_STATUS_ST,FILE_STATUS_DATE,FILE_TYPE_CODE,FOREST_REGION,BCTS_ORG_UNIT,SB_FUNDED_IND,DISTRICT_ADMIN_ZONE,MGMT_UNIT_TYPE,MGMT_UNIT_ID,REVISION_COUNT,ENTRY_USERID,ENTRY_TIMESTAMP,UPDATE_USERID,UPDATE_TIMESTAMP,FOREST_TENURE_GUID) VALUES
	('W1940','HI',TIMESTAMP'2009-01-09 00:00:00','A04',1828,NULL,'N',NULL,'F',NULL,7,'IDIR\BMO',TIMESTAMP'2004-10-12 14:34:46','IDIR\PBUBBLEGUM',TIMESTAMP'2024-10-09 13:55:18','B994A7AB290D2408E05332B3228E5273');

INSERT INTO HAULING_AUTHORITY (TIMBER_MARK,FOREST_FILE_ID,MARKING_METHOD_CODE,MARKING_INSTRUMENT_CODE,REVISION_COUNT,ENTRY_TIMESTAMP,UPDATE_USERID,UPDATE_TIMESTAMP,ENTRY_USERID,HAULING_AUTHORITY_GUID) VALUES
	('WBMJEA','W1940','S','H',2,TIMESTAMP'2022-06-02 15:50:31','IDIR\BMO',TIMESTAMP'2023-01-16 10:10:47','BCEID\PBUBBLEGUM','E07FD5234FD4725BE05332B3228EC7EA');

INSERT INTO HARVESTING_AUTHORITY (HVA_SKEY,FOREST_FILE_ID,CUTTING_PERMIT_ID,HARVESTING_AUTHORITY_ID,FOREST_DISTRICT,DISTRICT_ADMN_ZONE,GEOGRAPHIC_DISTRICT,MGMT_UNIT_ID,MGMT_UNIT_TYPE_CODE,LICENCE_TO_CUT_CODE,HARVEST_TYPE_CODE,HARVEST_AUTH_STATUS_CODE,TENURE_TERM,STATUS_DATE,ISSUE_DATE,EXPIRY_DATE,EXTEND_DATE,EXTEND_COUNT,HARVEST_AUTH_EXTEND_REAS_CODE,QUOTA_TYPE_CODE,CROWN_LANDS_REGION_CODE,SALVAGE_TYPE_CODE,CASCADE_SPLIT_CODE,CATASTROPHIC_IND,CROWN_GRANTED_IND,CRUISE_BASED_IND,DECIDUOUS_IND,BCAA_FOLIO_NUMBER,LOCATION,HIGHER_LEVEL_PLAN_REFERENCE,HARVEST_AREA,RETIREMENT_DATE,REVISION_COUNT,ENTRY_USERID,ENTRY_TIMESTAMP,UPDATE_USERID,UPDATE_TIMESTAMP,IS_WASTE_ASSESSMENT_REQUIRED,IS_CP_EXTENSN_APPL_FEE_WAIVED,IS_CP_EXTENSION_APPL_FEE_PAID,IS_WITHIN_FIBRE_RECOVERY_ZONE,HARVESTING_AUTHORITY_GUID) VALUES
	(798704,'W1940','EA',NULL,43,'C&E',43,NULL,'F',NULL,'G','HI',48,TIMESTAMP'2023-01-13 00:00:00',TIMESTAMP'2023-01-13 00:00:00',TIMESTAMP'2027-01-12 00:00:00',NULL,NULL,NULL,'A','1','SSS','W','N','N','N','N',NULL,'Brown''s Bay   1CP',NULL,NULL,NULL,3,'BCEID\PBUBBLEGUM',TIMESTAMP'2022-06-02 15:50:31','IDIR\FINNHERO',TIMESTAMP'2023-01-16 10:10:47','U','U','U','N','E07FD5234FD0725BE05332B3228EC7EA');

INSERT INTO HARVESTING_HAULING_XREF (HVA_SKEY,TIMBER_MARK,PRIMARY_MARK_IND,REVISION_COUNT,ENTRY_USERID,ENTRY_TIMESTAMP,UPDATE_USERID,UPDATE_TIMESTAMP) VALUES
	(798704,'WBMJEA','Y',0,'BCEID\ICEKING',TIMESTAMP'2022-06-02 15:50:31','BCEID\PBUBBLEGUM',TIMESTAMP'2022-06-02 15:50:31');

INSERT INTO CUT_BLOCK (CB_SKEY,HVA_SKEY,FOREST_FILE_ID,CUTTING_PERMIT_ID,TIMBER_MARK,CUT_BLOCK_ID,SP_EXEMPT_IND,BLOCK_STATUS_DATE,CUT_BLOCK_DESCRIPTION,CUT_REGULATION_CODE,BLOCK_STATUS_ST,REFOREST_DECLARE_TYPE_CODE,REVISION_COUNT,ENTRY_USERID,ENTRY_TIMESTAMP,UPDATE_USERID,UPDATE_TIMESTAMP,IS_WASTE_ASSESSMENT_REQUIRED,CUT_BLOCK_GUID,FIRE_HARVESTING_REASON_CODE,IS_UNDER_PARTITION_ORDER,REPORTED_FIRE_DATE) VALUES
	(853008,798704,'W1940','EA','WBMJEA','26','N',TIMESTAMP'2025-03-18 00:00:00','W1940 CPEA  1 CP   CB 36  Gross:  16.9   NAR:  15.48ha.',NULL,'HB',NULL,1,'IDIR\ROBIN',TIMESTAMP'2025-03-18 10:39:28','IDIR\FINNHERO',TIMESTAMP'2025-03-18 10:39:36','Y','30A262EFEDF442A1E06332B3228EC1C0',NULL,NULL,NULL);

-- 34752

INSERT INTO CUT_BLOCK (CB_SKEY,HVA_SKEY,FOREST_FILE_ID,CUTTING_PERMIT_ID,TIMBER_MARK,CUT_BLOCK_ID,SP_EXEMPT_IND,BLOCK_STATUS_DATE,CUT_BLOCK_DESCRIPTION,CUT_REGULATION_CODE,BLOCK_STATUS_ST,REFOREST_DECLARE_TYPE_CODE,REVISION_COUNT,ENTRY_USERID,ENTRY_TIMESTAMP,UPDATE_USERID,UPDATE_TIMESTAMP,IS_WASTE_ASSESSMENT_REQUIRED,CUT_BLOCK_GUID,FIRE_HARVESTING_REASON_CODE,IS_UNDER_PARTITION_ORDER,REPORTED_FIRE_DATE) VALUES
	(842464,798704,'W1940','EA','WBMJEA','23','N',TIMESTAMP'2025-05-13 15:05:59','W1940 CPEA  1 CP   & Name change to Blk 23. Dates are correct.',NULL,'LC',NULL,6,'IDIR\ROBIN',TIMESTAMP'2024-03-25 12:50:23','BCEID\BMO',TIMESTAMP'2025-05-13 15:05:59','Y','14827BF4C25A7A5DE06332B3228E7CD9',NULL,NULL,NULL);

-- 2131

INSERT INTO PROV_FOREST_USE (FOREST_FILE_ID,FILE_STATUS_ST,FILE_STATUS_DATE,FILE_TYPE_CODE,FOREST_REGION,BCTS_ORG_UNIT,SB_FUNDED_IND,DISTRICT_ADMIN_ZONE,MGMT_UNIT_TYPE,MGMT_UNIT_ID,REVISION_COUNT,ENTRY_USERID,ENTRY_TIMESTAMP,UPDATE_USERID,UPDATE_TIMESTAMP,FOREST_TENURE_GUID) VALUES
	('A58209','HC',TIMESTAMP'2006-06-21 00:00:00','B20',18,15,'Y',NULL,'U','39',11,'IDIR\FRANKY',TIMESTAMP'1998-01-07 10:05:36','IDIR\TREE_TRUNKS',TIMESTAMP'2016-04-01 13:56:48','B994A7A77A3E2408E05332B3228E5273');

INSERT INTO HAULING_AUTHORITY (TIMBER_MARK,FOREST_FILE_ID,MARKING_METHOD_CODE,MARKING_INSTRUMENT_CODE,REVISION_COUNT,ENTRY_TIMESTAMP,UPDATE_USERID,UPDATE_TIMESTAMP,ENTRY_USERID,HAULING_AUTHORITY_GUID) VALUES
	('58209','A58209','S','H',6,TIMESTAMP'2004-10-05 11:15:23','IDIR\BUBBLEGUM',TIMESTAMP'2006-06-21 14:40:29','IDIR\BROOK','B994A76C79032408E05332B3228E5273');

INSERT INTO HARVESTING_AUTHORITY (HVA_SKEY,FOREST_FILE_ID,CUTTING_PERMIT_ID,HARVESTING_AUTHORITY_ID,FOREST_DISTRICT,DISTRICT_ADMN_ZONE,GEOGRAPHIC_DISTRICT,MGMT_UNIT_ID,MGMT_UNIT_TYPE_CODE,LICENCE_TO_CUT_CODE,HARVEST_TYPE_CODE,HARVEST_AUTH_STATUS_CODE,TENURE_TERM,STATUS_DATE,ISSUE_DATE,EXPIRY_DATE,EXTEND_DATE,EXTEND_COUNT,HARVEST_AUTH_EXTEND_REAS_CODE,QUOTA_TYPE_CODE,CROWN_LANDS_REGION_CODE,SALVAGE_TYPE_CODE,CASCADE_SPLIT_CODE,CATASTROPHIC_IND,CROWN_GRANTED_IND,CRUISE_BASED_IND,DECIDUOUS_IND,BCAA_FOLIO_NUMBER,LOCATION,HIGHER_LEVEL_PLAN_REFERENCE,HARVEST_AREA,RETIREMENT_DATE,REVISION_COUNT,ENTRY_USERID,ENTRY_TIMESTAMP,UPDATE_USERID,UPDATE_TIMESTAMP,IS_WASTE_ASSESSMENT_REQUIRED,IS_CP_EXTENSN_APPL_FEE_WAIVED,IS_CP_EXTENSION_APPL_FEE_PAID,IS_WITHIN_FIBRE_RECOVERY_ZONE,HARVESTING_AUTHORITY_GUID) VALUES
	(38694,'A58209',NULL,NULL,27,'PR',27,'39','U',NULL,'G','HC',12,TIMESTAMP'2006-06-21 00:00:00',TIMESTAMP'2004-12-23 00:00:00',TIMESTAMP'2005-12-22 00:00:00',NULL,0,NULL,'D','1',NULL,'W','N','N','N','N',NULL,'G051',NULL,NULL,TIMESTAMP'2006-08-11 00:00:00',8,'IDIR\BROOK',TIMESTAMP'2004-10-05 11:15:23','DATAFIX_06072007_134C',TIMESTAMP'2007-07-11 11:18:14','U','U','U','U','B9B090AB62F9645AE05332B3228EA5A5');

INSERT INTO HARVESTING_HAULING_XREF (HVA_SKEY,TIMBER_MARK,PRIMARY_MARK_IND,REVISION_COUNT,ENTRY_USERID,ENTRY_TIMESTAMP,UPDATE_USERID,UPDATE_TIMESTAMP) VALUES
	(38694,'58209','Y',6,'IDIR\BROOK',TIMESTAMP'2004-10-05 11:15:23','IDIR\BUBBLEGUM',TIMESTAMP'2006-06-21 14:40:29');

INSERT INTO CUT_BLOCK (CB_SKEY,HVA_SKEY,FOREST_FILE_ID,CUTTING_PERMIT_ID,TIMBER_MARK,CUT_BLOCK_ID,SP_EXEMPT_IND,BLOCK_STATUS_DATE,CUT_BLOCK_DESCRIPTION,CUT_REGULATION_CODE,BLOCK_STATUS_ST,REFOREST_DECLARE_TYPE_CODE,REVISION_COUNT,ENTRY_USERID,ENTRY_TIMESTAMP,UPDATE_USERID,UPDATE_TIMESTAMP,IS_WASTE_ASSESSMENT_REQUIRED,CUT_BLOCK_GUID,FIRE_HARVESTING_REASON_CODE,IS_UNDER_PARTITION_ORDER,REPORTED_FIRE_DATE) VALUES
	(37424,38694,'A58209',' ','58209','G051C0TL','N',TIMESTAMP'2006-05-22 16:39:19','G051',NULL,'S',NULL,4,'IDIR\BROOK',TIMESTAMP'2004-10-05 11:15:23','IDIR\MARCELINE',TIMESTAMP'2008-10-10 16:22:23','U','B9B0909E6C43645AE05332B3228EA5A5',NULL,NULL,NULL);

-- 2258

INSERT INTO PROV_FOREST_USE (FOREST_FILE_ID,FILE_STATUS_ST,FILE_STATUS_DATE,FILE_TYPE_CODE,FOREST_REGION,BCTS_ORG_UNIT,SB_FUNDED_IND,DISTRICT_ADMIN_ZONE,MGMT_UNIT_TYPE,MGMT_UNIT_ID,REVISION_COUNT,ENTRY_USERID,ENTRY_TIMESTAMP,UPDATE_USERID,UPDATE_TIMESTAMP,FOREST_TENURE_GUID) VALUES
	('A19220','HI',TIMESTAMP'1982-10-30 00:00:00','A01',21,NULL,'N',NULL,'U','39',9,'IDIR\JINBE',TIMESTAMP'1991-07-12 19:00:00','IDIR\FLAMEPRINCE',TIMESTAMP'2024-10-09 10:05:05','B994A7A71EC92408E05332B3228E5273'),
	('R01689','HI',TIMESTAMP'2013-07-15 14:45:00','B01',1824,NULL,'N','RS','U','39',74,'IDIR\MARCELINE',TIMESTAMP'1992-05-26 12:23:50','IDIR\BMO',TIMESTAMP'2013-07-15 14:45:00','B994A7AA64F32408E05332B3228E5273');

INSERT INTO HAULING_AUTHORITY (TIMBER_MARK,FOREST_FILE_ID,MARKING_METHOD_CODE,MARKING_INSTRUMENT_CODE,REVISION_COUNT,ENTRY_TIMESTAMP,UPDATE_USERID,UPDATE_TIMESTAMP,ENTRY_USERID,HAULING_AUTHORITY_GUID) VALUES
	('EB5174','A19220','1','H',4,TIMESTAMP'2004-12-03 15:15:37','IDIR\LUMPYSPACE',TIMESTAMP'2009-03-27 10:42:32','IDIR\HANCOCK','B994A76D79A72408E05332B3228E5273'),
	('EB5175','A19220','1','H',4,TIMESTAMP'2005-02-09 12:45:26','IDIR\LUMPYSPACE',TIMESTAMP'2009-03-27 10:43:32','IDIR\DOFLAMINGO','B994A76D79A82408E05332B3228E5273'),
	('EB5176','A19220','1','H',5,TIMESTAMP'2005-04-01 12:21:37','IDIR\LUMPYSPACE',TIMESTAMP'2009-05-29 10:41:19','IDIR\DOFLAMINGO','B994A76D79A92408E05332B3228E5273'),
	('EB5516','A19220','S','H',4,TIMESTAMP'2005-07-13 09:36:41','IDIR\LUMPYSPACE',TIMESTAMP'2010-02-12 15:07:57','BCEID\USOPP','B994A76D79F32408E05332B3228E5273'),
	('EB5527','A19220','1','H',6,TIMESTAMP'2006-04-19 08:33:45','IDIR\LUMPYSPACE',TIMESTAMP'2014-11-03 14:42:01','BCEID\USOPP','B994A76D79FD2408E05332B3228E5273'),
	('EB5670','A19220','S','H',2,TIMESTAMP'2003-01-13 11:39:42','IDIR\LUMPYSPACE',TIMESTAMP'2007-07-25 13:53:37','IDIR\ZORO','B994A76D7A432408E05332B3228E5273'),
	('EB5673','A19220','1','H',4,TIMESTAMP'2004-04-22 11:06:15','IDIR\LUMPYSPACE',TIMESTAMP'2008-06-25 14:38:21','IDIR\BMOBOT','B994A76D7A462408E05332B3228E5273'),
	('EB5674','A19220','1','H',5,TIMESTAMP'2004-12-22 15:03:27','IDIR\LUMPYSPACE',TIMESTAMP'2010-01-26 15:25:35','IDIR\DOFLAMINGO','B994A76D7A472408E05332B3228E5273'),
	('EB5675','A19220','1','H',4,TIMESTAMP'2004-12-22 14:51:04','IDIR\LUMPYSPACE',TIMESTAMP'2009-03-27 11:06:31','IDIR\DOFLAMINGO','B994A76D7A482408E05332B3228E5273'),
	('R01689','R01689','0','H',57,TIMESTAMP'1992-05-26 12:23:50','IDIR\LUMPYSPACE',TIMESTAMP'2009-11-18 09:45:05','IDIR\ZORO','B994A77048902408E05332B3228E5273');

INSERT INTO HARVESTING_AUTHORITY (HVA_SKEY,FOREST_FILE_ID,CUTTING_PERMIT_ID,HARVESTING_AUTHORITY_ID,FOREST_DISTRICT,DISTRICT_ADMN_ZONE,GEOGRAPHIC_DISTRICT,MGMT_UNIT_ID,MGMT_UNIT_TYPE_CODE,LICENCE_TO_CUT_CODE,HARVEST_TYPE_CODE,HARVEST_AUTH_STATUS_CODE,TENURE_TERM,STATUS_DATE,ISSUE_DATE,EXPIRY_DATE,EXTEND_DATE,EXTEND_COUNT,HARVEST_AUTH_EXTEND_REAS_CODE,QUOTA_TYPE_CODE,CROWN_LANDS_REGION_CODE,SALVAGE_TYPE_CODE,CASCADE_SPLIT_CODE,CATASTROPHIC_IND,CROWN_GRANTED_IND,CRUISE_BASED_IND,DECIDUOUS_IND,BCAA_FOLIO_NUMBER,LOCATION,HIGHER_LEVEL_PLAN_REFERENCE,HARVEST_AREA,RETIREMENT_DATE,REVISION_COUNT,ENTRY_USERID,ENTRY_TIMESTAMP,UPDATE_USERID,UPDATE_TIMESTAMP,IS_WASTE_ASSESSMENT_REQUIRED,IS_CP_EXTENSN_APPL_FEE_WAIVED,IS_CP_EXTENSION_APPL_FEE_PAID,IS_WITHIN_FIBRE_RECOVERY_ZONE,HARVESTING_AUTHORITY_GUID) VALUES
	(113024,'A19220','674',NULL,27,'LW',27,'39','U',NULL,'G','HC',48,TIMESTAMP'2010-01-18 00:00:00',TIMESTAMP'2005-01-20 00:00:00',TIMESTAMP'2009-01-19 00:00:00',NULL,0,NULL,'A',NULL,NULL,'W','N','N','N','N',NULL,'CLO-163A',NULL,NULL,TIMESTAMP'2010-01-18 11:49:59',7,'IDIR\DOFLAMINGO',TIMESTAMP'2004-12-22 15:03:27','IDIR\MARCELINE',TIMESTAMP'2010-01-26 15:25:34','U','U','U','U','B9B090AC7416645AE05332B3228EA5A5'),
	(112451,'A19220','516',NULL,27,'LW',27,'39','U',NULL,'G','HC',48,TIMESTAMP'2010-02-12 00:00:00',TIMESTAMP'2005-09-14 00:00:00',TIMESTAMP'2009-09-13 00:00:00',NULL,0,NULL,'A',NULL,NULL,'W','N','N','N','N',NULL,'DOWNIE RANGE',NULL,NULL,TIMESTAMP'2010-02-12 15:08:00',6,'BCEID\USOPP',TIMESTAMP'2005-07-13 09:36:41','IDIR\MARCELINE',TIMESTAMP'2010-02-12 15:08:00','U','U','U','U','B9B090AC71E5645AE05332B3228EA5A5'),
	(115245,'A19220','527',NULL,27,'LW',27,'39','U',NULL,'G','HC',48,TIMESTAMP'2014-11-03 00:00:00',TIMESTAMP'2006-05-11 00:00:00',TIMESTAMP'2010-05-10 00:00:00',NULL,0,NULL,'A',NULL,NULL,'W','N','N','N','N',NULL,'CP527 A19220',NULL,NULL,TIMESTAMP'2014-11-03 14:42:05',8,'BCEID\USOPP',TIMESTAMP'2006-04-19 08:33:45','IDIR\MARCELINE',TIMESTAMP'2014-11-03 14:42:05','U','U','U','U','B9B090AC7C87645AE05332B3228EA5A5'),
	(113028,'A19220','176',NULL,27,'GN',27,'39','U',NULL,'G','HC',48,TIMESTAMP'2009-05-29 00:00:00',TIMESTAMP'2005-04-29 00:00:00',TIMESTAMP'2009-04-28 00:00:00',NULL,0,NULL,'A',NULL,NULL,'W','N','N','N','N',NULL,'CP 176 Stakawus Patato Creek',NULL,156.957,TIMESTAMP'2009-05-29 10:52:00',7,'IDIR\DOFLAMINGO',TIMESTAMP'2005-04-01 12:21:37','IDIR\MARCELINE',TIMESTAMP'2009-05-29 10:52:00','U','U','U','U','B9B090AC741A645AE05332B3228EA5A5'),
	(111360,'A19220','670',NULL,27,'RS',27,'39','U',NULL,'G','HC',24,TIMESTAMP'2007-07-25 00:00:00',TIMESTAMP'2003-03-03 00:00:00',TIMESTAMP'2005-03-02 00:00:00',TIMESTAMP'2007-03-31 00:00:00',1,'X','A',NULL,NULL,'W','N','N','N','N',NULL,'FTA Data Cleanup',NULL,252.2912,TIMESTAMP'2007-07-25 13:53:45',4,'IDIR\ZORO',TIMESTAMP'2003-01-13 11:39:42','IDIR\MARCELINE',TIMESTAMP'2007-07-25 13:53:45','U','U','U','U','B9B090AC6DC2645AE05332B3228EA5A5'),
	(114984,'A19220','675',NULL,27,'RS',27,'39','U',NULL,'G','HC',48,TIMESTAMP'2009-03-27 00:00:00',TIMESTAMP'2005-01-19 00:00:00',TIMESTAMP'2009-01-18 00:00:00',NULL,0,NULL,'A',NULL,NULL,'W','N','N','N','N',NULL,'CLO-153',NULL,112.2731,TIMESTAMP'2009-03-27 11:06:33',6,'IDIR\DOFLAMINGO',TIMESTAMP'2004-12-22 14:51:04','IDIR\MARCELINE',TIMESTAMP'2009-03-27 11:06:33','U','U','U','U','B9B090AC7B88645AE05332B3228EA5A5'),
	(111756,'A19220','175',NULL,27,'GN',27,'39','U',NULL,'G','HC',48,TIMESTAMP'2009-03-27 00:00:00',TIMESTAMP'2005-02-18 00:00:00',TIMESTAMP'2009-02-17 00:00:00',NULL,0,NULL,'A',NULL,NULL,'W','N','N','N','N',NULL,'CP 175 H102SS',NULL,47.1067,TIMESTAMP'2009-03-27 10:43:35',6,'IDIR\DOFLAMINGO',TIMESTAMP'2005-02-09 12:45:26','IDIR\MARCELINE',TIMESTAMP'2009-03-27 10:43:35','U','U','U','U','B9B090AC6F44645AE05332B3228EA5A5'),
	(115272,'A19220','174',NULL,27,'LW',27,'39','U',NULL,'G','HC',48,TIMESTAMP'2009-03-27 00:00:00',TIMESTAMP'2005-02-09 00:00:00',TIMESTAMP'2009-02-08 00:00:00',NULL,0,NULL,'A',NULL,NULL,'W','N','N','N','N',NULL,'CP 174 Jervis Inlet',NULL,126.7173,TIMESTAMP'2009-03-27 10:43:44',6,'IDIR\HANCOCK',TIMESTAMP'2004-12-03 15:15:37','IDIR\LUMPYSPACE',TIMESTAMP'2009-03-27 10:43:44','U','U','U','U','B9B090AC7CA2645AE05332B3228EA5A5'),
	(112117,'A19220','673',NULL,27,'RS',27,'39','U',NULL,'G','HC',48,TIMESTAMP'2008-06-25 00:00:00',TIMESTAMP'2004-04-26 00:00:00',TIMESTAMP'2008-04-25 00:00:00',NULL,0,NULL,'A',NULL,NULL,'W','N','N','N','N',NULL,'Conventional Harvesting',NULL,82.3045,TIMESTAMP'2008-06-25 14:38:58',6,'IDIR\DOFLAMINGO',TIMESTAMP'2004-04-22 11:06:15','IDIR\MARCELINE',TIMESTAMP'2008-06-25 14:38:58','U','U','U','U','B9B090AC70A1645AE05332B3228EA5A5');

INSERT INTO HARVESTING_HAULING_XREF (HVA_SKEY,TIMBER_MARK,PRIMARY_MARK_IND,REVISION_COUNT,ENTRY_USERID,ENTRY_TIMESTAMP,UPDATE_USERID,UPDATE_TIMESTAMP) VALUES
	(113024,'EB5674','Y',3,'IDIR\DOFLAMINGO',TIMESTAMP'2004-12-22 15:03:27','IDIR\MARCELINE',TIMESTAMP'2005-03-03 15:16:10'),
	(112451,'EB5516','Y',3,'BCEID\USOPP',TIMESTAMP'2005-07-13 09:36:41','IDIR\CINNAMON',TIMESTAMP'2005-09-13 12:35:17'),
	(115245,'EB5527','Y',4,'BCEID\USOPP',TIMESTAMP'2006-04-19 08:33:45','IDIR\CINNAMON',TIMESTAMP'2006-05-25 09:39:45'),
	(113028,'EB5176','Y',4,'IDIR\DOFLAMINGO',TIMESTAMP'2005-04-01 12:21:37','IDIR\CINNAMON',TIMESTAMP'2005-08-30 11:16:51'),
	(111360,'EB5670','Y',1,'IDIR\ZORO',TIMESTAMP'2003-01-13 11:39:42','IDIR\FLAMELORD',TIMESTAMP'2003-10-23 14:23:54'),
	(114984,'EB5675','Y',3,'IDIR\DOFLAMINGO',TIMESTAMP'2004-12-22 14:51:04','IDIR\LUMPYSPACE',TIMESTAMP'2005-01-19 15:10:00'),
	(111756,'EB5175','Y',3,'IDIR\DOFLAMINGO',TIMESTAMP'2005-02-09 12:45:26','IDIR\CINNAMON',TIMESTAMP'2005-02-18 14:39:32'),
	(115272,'EB5174','Y',3,'IDIR\HANCOCK',TIMESTAMP'2004-12-03 15:15:37','IDIR\CINNAMON',TIMESTAMP'2005-02-10 10:50:06'),
	(112117,'EB5673','Y',3,'IDIR\DOFLAMINGO',TIMESTAMP'2004-04-22 11:06:15','IDIR\CINNAMON',TIMESTAMP'2004-04-26 14:31:57');

INSERT INTO CUT_BLOCK (CB_SKEY,HVA_SKEY,FOREST_FILE_ID,CUTTING_PERMIT_ID,TIMBER_MARK,CUT_BLOCK_ID,SP_EXEMPT_IND,BLOCK_STATUS_DATE,CUT_BLOCK_DESCRIPTION,CUT_REGULATION_CODE,BLOCK_STATUS_ST,REFOREST_DECLARE_TYPE_CODE,REVISION_COUNT,ENTRY_USERID,ENTRY_TIMESTAMP,UPDATE_USERID,UPDATE_TIMESTAMP,IS_WASTE_ASSESSMENT_REQUIRED,CUT_BLOCK_GUID,FIRE_HARVESTING_REASON_CODE,IS_UNDER_PARTITION_ORDER,REPORTED_FIRE_DATE) VALUES
	(95842,112451,'A19220','516','EB5516','FRB3AH','N',TIMESTAMP'2006-11-03 16:18:45','FRANCES BAY',NULL,'S',NULL,3,'BCEID\USOPP',TIMESTAMP'2005-07-13 09:36:41','FTA 4.0 DATA CONVERSION',TIMESTAMP'2007-06-02 11:15:37','U','B9B0909F4537645AE05332B3228EA5A5',NULL,NULL,NULL),
	(95843,112451,'A19220','516','EB5516','DR1H','N',TIMESTAMP'2006-11-08 14:40:46','DOWNIE RANGE',NULL,'S',NULL,3,'BCEID\USOPP',TIMESTAMP'2005-07-13 09:36:41','FTA 4.0 DATA CONVERSION',TIMESTAMP'2007-06-02 11:15:37','U','B9B0909F4538645AE05332B3228EA5A5',NULL,NULL,NULL),
	(95844,112451,'A19220','516','EB5516','FRB2BH','N',TIMESTAMP'2006-07-21 10:38:10','FRANCES BAY',NULL,'S',NULL,3,'BCEID\USOPP',TIMESTAMP'2005-07-13 09:36:41','FTA 4.0 DATA CONVERSION',TIMESTAMP'2007-06-02 11:15:37','U','B9B0909F4539645AE05332B3228EA5A5',NULL,NULL,NULL),
	(95845,112451,'A19220','516','EB5516','FRB2H','N',TIMESTAMP'2006-11-03 16:18:45','FRANCES BAY',NULL,'S',NULL,3,'BCEID\USOPP',TIMESTAMP'2005-07-13 09:36:41','FTA 4.0 DATA CONVERSION',TIMESTAMP'2007-06-02 11:15:37','U','B9B0909F453A645AE05332B3228EA5A5',NULL,NULL,NULL),
	(95846,112451,'A19220','516','EB5516','FRB4H','N',TIMESTAMP'2006-11-02 10:10:18','FRANCES BAY',NULL,'S',NULL,3,'BCEID\USOPP',TIMESTAMP'2005-07-13 09:36:41','FTA 4.0 DATA CONVERSION',TIMESTAMP'2007-06-02 11:15:37','U','B9B0909F453B645AE05332B3228EA5A5',NULL,NULL,NULL),
	(95847,112451,'A19220','516','EB5516','FRB3H','N',TIMESTAMP'2006-11-03 16:18:45','FRANCES BAY',NULL,'S',NULL,3,'BCEID\USOPP',TIMESTAMP'2005-07-13 09:36:41','FTA 4.0 DATA CONVERSION',TIMESTAMP'2007-06-02 11:15:37','U','B9B0909F453C645AE05332B3228EA5A5',NULL,NULL,NULL),
	(95848,112451,'A19220','516','EB5516','FRB2AH','N',TIMESTAMP'2006-11-03 16:18:45','FRANCES BAY',NULL,'S',NULL,3,'BCEID\USOPP',TIMESTAMP'2005-07-13 09:36:41','FTA 4.0 DATA CONVERSION',TIMESTAMP'2007-06-02 11:15:37','U','B9B0909F453D645AE05332B3228EA5A5',NULL,NULL,NULL),
	(95849,112451,'A19220','516','EB5516','DR2H','N',TIMESTAMP'2006-11-08 14:40:46','DOWNIE RANGE',NULL,'S',NULL,3,'BCEID\USOPP',TIMESTAMP'2005-07-13 09:36:41','FTA 4.0 DATA CONVERSION',TIMESTAMP'2007-06-02 11:15:37','U','B9B0909F453E645AE05332B3228EA5A5',NULL,NULL,NULL),
	(95850,112451,'A19220','516','EB5516','DR1HA','N',TIMESTAMP'2006-11-08 14:40:46','DOWNIE RANGE',NULL,'S',NULL,3,'BCEID\USOPP',TIMESTAMP'2005-07-13 09:36:41','FTA 4.0 DATA CONVERSION',TIMESTAMP'2007-06-02 11:15:37','U','B9B0909F453F645AE05332B3228EA5A5',NULL,NULL,NULL),
	(95851,112451,'A19220','516','EB5516','FRB5H','N',TIMESTAMP'2006-11-02 10:10:18','FRANCES BAY',NULL,'S',NULL,3,'BCEID\USOPP',TIMESTAMP'2005-07-13 09:36:41','FTA 4.0 DATA CONVERSION',TIMESTAMP'2007-06-02 11:15:37','U','B9B0909F4540645AE05332B3228EA5A5',NULL,NULL,NULL),
	(95852,112451,'A19220','516','EB5516','FRB1H','N',TIMESTAMP'2006-11-02 10:10:18','FRANCES BAY',NULL,'S',NULL,3,'BCEID\USOPP',TIMESTAMP'2005-07-13 09:36:41','FTA 4.0 DATA CONVERSION',TIMESTAMP'2007-06-02 11:15:37','U','B9B0909F4541645AE05332B3228EA5A5',NULL,NULL,NULL),
	(95879,115245,'A19220','527','EB5527','FRB8','N',TIMESTAMP'2006-07-21 09:53:09','FRANCES BAY',NULL,'S',NULL,3,'BCEID\USOPP',TIMESTAMP'2006-04-19 08:33:46','FTA 4.0 DATA CONVERSION',TIMESTAMP'2007-06-02 11:15:37','U','B9B0909F455C645AE05332B3228EA5A5',NULL,NULL,NULL),
	(96101,111360,'A19220','670','EB5670','CLO-67A','N',TIMESTAMP'2006-11-02 15:22:39',NULL,NULL,'LC',NULL,5,'FTA_CONV',TIMESTAMP'2003-11-15 10:48:17','IDIR\PEPPERMINT',TIMESTAMP'2007-11-07 15:56:55','U','B9B0909F463A645AE05332B3228EA5A5',NULL,NULL,NULL),
	(96117,112117,'A19220','673','EB5673','CLO-159','N',TIMESTAMP'2006-01-14 13:00:21',NULL,NULL,'LC',NULL,2,'IDIR\DOFLAMINGO',TIMESTAMP'2004-04-22 11:06:15','FTA 4.0 DATA CONVERSION',TIMESTAMP'2007-06-02 11:15:37','U','B9B0909F464A645AE05332B3228EA5A5',NULL,NULL,NULL),
	(96125,113024,'A19220','674','EB5674','CLO-166','N',TIMESTAMP'2009-03-27 00:00:00','CLO-166',NULL,'LC',NULL,2,'IDIR\DOFLAMINGO',TIMESTAMP'2004-12-22 15:03:27','IDIR\MARCELINE',TIMESTAMP'2009-03-27 10:48:52','U','B9B0909F4652645AE05332B3228EA5A5',NULL,NULL,NULL),
	(96127,113024,'A19220','674','EB5674','CLO-368','N',TIMESTAMP'2010-01-18 00:00:00','CLO-368',NULL,'LC',NULL,2,'IDIR\DOFLAMINGO',TIMESTAMP'2004-12-22 15:03:27','IDIR\MARCELINE',TIMESTAMP'2010-01-18 11:49:00','U','B9B0909F4654645AE05332B3228EA5A5',NULL,NULL,NULL),
	(96131,114984,'A19220','675','EB5675','CLO-153','N',TIMESTAMP'2006-09-22 10:23:08','CLO-153',NULL,'LC',NULL,2,'IDIR\DOFLAMINGO',TIMESTAMP'2004-12-22 14:51:04','FTA 4.0 DATA CONVERSION',TIMESTAMP'2007-06-02 11:15:37','U','B9B0909F4658645AE05332B3228EA5A5',NULL,NULL,NULL),
	(96133,114984,'A19220','675','EB5675','CLO-42','N',TIMESTAMP'2006-07-18 08:03:26','CLO-42',NULL,'LC',NULL,2,'IDIR\DOFLAMINGO',TIMESTAMP'2004-12-22 14:51:04','FTA 4.0 DATA CONVERSION',TIMESTAMP'2007-06-02 11:15:37','U','B9B0909F465A645AE05332B3228EA5A5',NULL,NULL,NULL),
	(154490,115272,'A19220','174','EB5174','PT5H','N',TIMESTAMP'2006-12-12 09:53:10',NULL,NULL,'LC',NULL,3,'IDIR\HANCOCK',TIMESTAMP'2004-12-03 15:15:38','IDIR\PEPPERMINT',TIMESTAMP'2010-03-08 13:09:30','U','B9B090A02988645AE05332B3228EA5A5',NULL,NULL,NULL),
	(154491,115272,'A19220','174','EB5174','PT5','N',TIMESTAMP'2014-05-01 15:41:46',NULL,NULL,'S',NULL,3,'IDIR\HANCOCK',TIMESTAMP'2004-12-03 15:15:38','BCEID\FINNHERO',TIMESTAMP'2014-05-01 15:41:46','U','B9B090A02989645AE05332B3228EA5A5',NULL,NULL,NULL);
INSERT INTO CUT_BLOCK (CB_SKEY,HVA_SKEY,FOREST_FILE_ID,CUTTING_PERMIT_ID,TIMBER_MARK,CUT_BLOCK_ID,SP_EXEMPT_IND,BLOCK_STATUS_DATE,CUT_BLOCK_DESCRIPTION,CUT_REGULATION_CODE,BLOCK_STATUS_ST,REFOREST_DECLARE_TYPE_CODE,REVISION_COUNT,ENTRY_USERID,ENTRY_TIMESTAMP,UPDATE_USERID,UPDATE_TIMESTAMP,IS_WASTE_ASSESSMENT_REQUIRED,CUT_BLOCK_GUID,FIRE_HARVESTING_REASON_CODE,IS_UNDER_PARTITION_ORDER,REPORTED_FIRE_DATE) VALUES
	(154492,115272,'A19220','174','EB5174','PT4H','N',TIMESTAMP'2006-12-06 15:55:30',NULL,NULL,'LC',NULL,2,'IDIR\HANCOCK',TIMESTAMP'2004-12-03 15:15:38','FTA 4.0 DATA CONVERSION',TIMESTAMP'2007-06-02 11:15:37','U','B9B090A0298A645AE05332B3228EA5A5',NULL,NULL,NULL),
	(154498,111756,'A19220','175','EB5175','N17','N',TIMESTAMP'2009-03-27 00:00:00','CP 175 N17',NULL,'LC',NULL,2,'IDIR\DOFLAMINGO',TIMESTAMP'2005-02-09 12:45:26','IDIR\LUMPYSPACE',TIMESTAMP'2009-03-27 10:43:20','U','B9B090A02990645AE05332B3228EA5A5',NULL,NULL,NULL),
	(154499,111756,'A19220','175','EB5175','N100','N',TIMESTAMP'2009-03-27 00:00:00','CP 175 N100',NULL,'LC',NULL,2,'IDIR\DOFLAMINGO',TIMESTAMP'2005-02-09 12:45:26','IDIR\LUMPYSPACE',TIMESTAMP'2009-03-27 10:43:01','U','B9B090A02991645AE05332B3228EA5A5',NULL,NULL,NULL),
	(154501,113028,'A19220','176','EB5176','PT8H','N',TIMESTAMP'2006-12-11 11:49:09',NULL,NULL,'LC',NULL,2,'IDIR\DOFLAMINGO',TIMESTAMP'2005-04-01 12:21:38','FTA 4.0 DATA CONVERSION',TIMESTAMP'2007-06-02 11:15:37','U','B9B090A02993645AE05332B3228EA5A5',NULL,NULL,NULL);

-- 4069

INSERT INTO PROV_FOREST_USE (FOREST_FILE_ID,FILE_STATUS_ST,FILE_STATUS_DATE,FILE_TYPE_CODE,FOREST_REGION,BCTS_ORG_UNIT,SB_FUNDED_IND,DISTRICT_ADMIN_ZONE,MGMT_UNIT_TYPE,MGMT_UNIT_ID,REVISION_COUNT,ENTRY_USERID,ENTRY_TIMESTAMP,UPDATE_USERID,UPDATE_TIMESTAMP,FOREST_TENURE_GUID) VALUES
	('A77899','HI',TIMESTAMP'2005-07-11 00:00:00','A01',1825,NULL,'N',NULL,'U','39',6,'IDIR\PEPPERMINT',TIMESTAMP'2005-04-07 14:21:22','IDIR\GUNTER',TIMESTAMP'2024-09-25 13:14:53','B994A7A7BD742408E05332B3228E5273');

INSERT INTO HAULING_AUTHORITY (TIMBER_MARK,FOREST_FILE_ID,MARKING_METHOD_CODE,MARKING_INSTRUMENT_CODE,REVISION_COUNT,ENTRY_TIMESTAMP,UPDATE_USERID,UPDATE_TIMESTAMP,ENTRY_USERID,HAULING_AUTHORITY_GUID) VALUES
	('UQ1019','A77899','1','H',10,TIMESTAMP'2005-03-28 07:32:51','IDIR\LUMPYSPACE',TIMESTAMP'2013-07-18 15:48:41','IDIR\DOFLAMINGO','B994A7708C962408E05332B3228E5273');

INSERT INTO HARVESTING_AUTHORITY (HVA_SKEY,FOREST_FILE_ID,CUTTING_PERMIT_ID,HARVESTING_AUTHORITY_ID,FOREST_DISTRICT,DISTRICT_ADMN_ZONE,GEOGRAPHIC_DISTRICT,MGMT_UNIT_ID,MGMT_UNIT_TYPE_CODE,LICENCE_TO_CUT_CODE,HARVEST_TYPE_CODE,HARVEST_AUTH_STATUS_CODE,TENURE_TERM,STATUS_DATE,ISSUE_DATE,EXPIRY_DATE,EXTEND_DATE,EXTEND_COUNT,HARVEST_AUTH_EXTEND_REAS_CODE,QUOTA_TYPE_CODE,CROWN_LANDS_REGION_CODE,SALVAGE_TYPE_CODE,CASCADE_SPLIT_CODE,CATASTROPHIC_IND,CROWN_GRANTED_IND,CRUISE_BASED_IND,DECIDUOUS_IND,BCAA_FOLIO_NUMBER,LOCATION,HIGHER_LEVEL_PLAN_REFERENCE,HARVEST_AREA,RETIREMENT_DATE,REVISION_COUNT,ENTRY_USERID,ENTRY_TIMESTAMP,UPDATE_USERID,UPDATE_TIMESTAMP,IS_WASTE_ASSESSMENT_REQUIRED,IS_CP_EXTENSN_APPL_FEE_WAIVED,IS_CP_EXTENSION_APPL_FEE_PAID,IS_WITHIN_FIBRE_RECOVERY_ZONE,HARVESTING_AUTHORITY_GUID) VALUES
	(114244,'A77899','19',NULL,27,'HS',27,'39','U',NULL,'G','HC',96,TIMESTAMP'2013-07-18 00:00:00',TIMESTAMP'2005-03-29 00:00:00',TIMESTAMP'2013-03-28 00:00:00',NULL,0,NULL,'A',NULL,NULL,'W','N','N','N','Y',NULL,'CP 19 Staaf Creek Texada Island',NULL,NULL,TIMESTAMP'2013-07-18 15:48:44',12,'IDIR\DOFLAMINGO',TIMESTAMP'2005-03-28 07:32:51','IDIR\LUMPYSPACE',TIMESTAMP'2013-07-18 15:48:44','U','U','U','U','B9B090AC78B6645AE05332B3228EA5A5');

INSERT INTO HARVESTING_HAULING_XREF (HVA_SKEY,TIMBER_MARK,PRIMARY_MARK_IND,REVISION_COUNT,ENTRY_USERID,ENTRY_TIMESTAMP,UPDATE_USERID,UPDATE_TIMESTAMP) VALUES
	(114244,'UQ1019','Y',3,'IDIR\DOFLAMINGO',TIMESTAMP'2005-03-28 07:32:51','IDIR\LUMPYSPACE',TIMESTAMP'2005-03-31 10:06:53');

INSERT INTO CUT_BLOCK (CB_SKEY,HVA_SKEY,FOREST_FILE_ID,CUTTING_PERMIT_ID,TIMBER_MARK,CUT_BLOCK_ID,SP_EXEMPT_IND,BLOCK_STATUS_DATE,CUT_BLOCK_DESCRIPTION,CUT_REGULATION_CODE,BLOCK_STATUS_ST,REFOREST_DECLARE_TYPE_CODE,REVISION_COUNT,ENTRY_USERID,ENTRY_TIMESTAMP,UPDATE_USERID,UPDATE_TIMESTAMP,IS_WASTE_ASSESSMENT_REQUIRED,CUT_BLOCK_GUID,FIRE_HARVESTING_REASON_CODE,IS_UNDER_PARTITION_ORDER,REPORTED_FIRE_DATE) VALUES
	(7749,114244,'A77899','19','UQ1019','411B','N',TIMESTAMP'2008-04-11 09:39:40',NULL,NULL,'S',NULL,7,'IDIR\DOFLAMINGO',TIMESTAMP'2005-03-28 07:32:52','IDIR\MARCELINE',TIMESTAMP'2011-12-23 10:39:26','U','B9B0909E0062645AE05332B3228EA5A5',NULL,NULL,NULL);

-- 10501

INSERT INTO PROV_FOREST_USE (FOREST_FILE_ID,FILE_STATUS_ST,FILE_STATUS_DATE,FILE_TYPE_CODE,FOREST_REGION,BCTS_ORG_UNIT,SB_FUNDED_IND,DISTRICT_ADMIN_ZONE,MGMT_UNIT_TYPE,MGMT_UNIT_ID,REVISION_COUNT,ENTRY_USERID,ENTRY_TIMESTAMP,UPDATE_USERID,UPDATE_TIMESTAMP,FOREST_TENURE_GUID) VALUES
	('DD35'':','HI',NULL,'B09',1826,NULL,'N','EN','T','26',25,'IDIR\FRANKY',TIMESTAMP'1991-07-12 19:00:00','IDIR\JAKEDOG',TIMESTAMP'2020-01-14 09:49:11','B994A7AB4EB02408E05332B3228E5273'),
	('TFL26','HI',TIMESTAMP'1992-03-23 00:00:00','A02',18,NULL,'N',NULL,'T','26',7,'IDIR\MARCELINE',TIMESTAMP'1991-07-12 19:00:00','IDIR\BMO',TIMESTAMP'2024-10-09 14:28:27','B994A7AB1A932408E05332B3228E5273');

INSERT INTO HAULING_AUTHORITY (TIMBER_MARK,FOREST_FILE_ID,MARKING_METHOD_CODE,MARKING_INSTRUMENT_CODE,REVISION_COUNT,ENTRY_TIMESTAMP,UPDATE_USERID,UPDATE_TIMESTAMP,ENTRY_USERID,HAULING_AUTHORITY_GUID) VALUES
	('26/22','TFL26','S','H',6,TIMESTAMP'2004-12-08 09:44:08','IDIR\PBUBBLEGUM',TIMESTAMP'2012-01-27 13:55:38','IDIR\SANJI','B994A76C12F22408E05332B3228E5273'),
	('DD35'':','DD35'':','S','H',15,TIMESTAMP'1965-01-21 00:00:00','IDIR\ICEKING',TIMESTAMP'2007-01-19 11:06:42','IDIR\JINBE','B994A770C2152408E05332B3228E5273');

INSERT INTO HARVESTING_AUTHORITY (HVA_SKEY,FOREST_FILE_ID,CUTTING_PERMIT_ID,HARVESTING_AUTHORITY_ID,FOREST_DISTRICT,DISTRICT_ADMN_ZONE,GEOGRAPHIC_DISTRICT,MGMT_UNIT_ID,MGMT_UNIT_TYPE_CODE,LICENCE_TO_CUT_CODE,HARVEST_TYPE_CODE,HARVEST_AUTH_STATUS_CODE,TENURE_TERM,STATUS_DATE,ISSUE_DATE,EXPIRY_DATE,EXTEND_DATE,EXTEND_COUNT,HARVEST_AUTH_EXTEND_REAS_CODE,QUOTA_TYPE_CODE,CROWN_LANDS_REGION_CODE,SALVAGE_TYPE_CODE,CASCADE_SPLIT_CODE,CATASTROPHIC_IND,CROWN_GRANTED_IND,CRUISE_BASED_IND,DECIDUOUS_IND,BCAA_FOLIO_NUMBER,LOCATION,HIGHER_LEVEL_PLAN_REFERENCE,HARVEST_AREA,RETIREMENT_DATE,REVISION_COUNT,ENTRY_USERID,ENTRY_TIMESTAMP,UPDATE_USERID,UPDATE_TIMESTAMP,IS_WASTE_ASSESSMENT_REQUIRED,IS_CP_EXTENSN_APPL_FEE_WAIVED,IS_CP_EXTENSION_APPL_FEE_PAID,IS_WITHIN_FIBRE_RECOVERY_ZONE,HARVESTING_AUTHORITY_GUID) VALUES
	(126123,'TFL26','22',NULL,15,'EN',15,'26','T',NULL,'G','HC',48,TIMESTAMP'2012-01-27 00:00:00',TIMESTAMP'2004-12-15 00:00:00',TIMESTAMP'2008-12-14 00:00:00',NULL,0,NULL,'A',NULL,NULL,'W','N','N','N','N',NULL,'Cannell Lake',NULL,NULL,TIMESTAMP'2012-01-27 13:55:41',8,'IDIR\BMO',TIMESTAMP'2004-12-08 09:44:08','IDIR\PBUBBLEGUM',TIMESTAMP'2012-01-27 13:55:41','U','U','U','U','B9B090ACA6A8645AE05332B3228EA5A5');

INSERT INTO HARVESTING_HAULING_XREF (HVA_SKEY,TIMBER_MARK,PRIMARY_MARK_IND,REVISION_COUNT,ENTRY_USERID,ENTRY_TIMESTAMP,UPDATE_USERID,UPDATE_TIMESTAMP) VALUES
	(126123,'DD35'':','N',0,'FTA 4.0 DATA CONVERSION',TIMESTAMP'2006-04-06 00:00:00','FTA 4.0 DATA CONVERSION',TIMESTAMP'2006-04-06 00:00:00'),
	(126123,'26/22','Y',5,'IDIR\CHOPPER',TIMESTAMP'2004-12-08 09:44:08','IDIR\SIMONPEG',TIMESTAMP'2005-02-03 13:49:25');

INSERT INTO CUT_BLOCK (CB_SKEY,HVA_SKEY,FOREST_FILE_ID,CUTTING_PERMIT_ID,TIMBER_MARK,CUT_BLOCK_ID,SP_EXEMPT_IND,BLOCK_STATUS_DATE,CUT_BLOCK_DESCRIPTION,CUT_REGULATION_CODE,BLOCK_STATUS_ST,REFOREST_DECLARE_TYPE_CODE,REVISION_COUNT,ENTRY_USERID,ENTRY_TIMESTAMP,UPDATE_USERID,UPDATE_TIMESTAMP,IS_WASTE_ASSESSMENT_REQUIRED,CUT_BLOCK_GUID,FIRE_HARVESTING_REASON_CODE,IS_UNDER_PARTITION_ORDER,REPORTED_FIRE_DATE) VALUES
	(3023,126123,'DD35'':',' ','DD35'':','CAT2','N',TIMESTAMP'2009-08-14 15:24:33',NULL,NULL,'S',NULL,2,'IDIR\SANJI',TIMESTAMP'2005-11-25 13:46:04','BCEID\JAKEDOG',TIMESTAMP'2009-08-14 15:24:33','U','B9B0909DEEAE645AE05332B3228EA5A5',NULL,NULL,NULL),
	(208399,126123,'TFL26','22','26/22','CAT2','N',TIMESTAMP'2009-08-14 15:24:32','Cambell Road',NULL,'S',NULL,3,'IDIR\PBUBBLEGUM',TIMESTAMP'2004-12-08 09:44:09','BCEID\BMO',TIMESTAMP'2009-08-14 15:24:32','U','B9B090A0FA63645AE05332B3228EA5A5',NULL,NULL,NULL);

-- 34906

INSERT INTO PROV_FOREST_USE (FOREST_FILE_ID,FILE_STATUS_ST,FILE_STATUS_DATE,FILE_TYPE_CODE,FOREST_REGION,BCTS_ORG_UNIT,SB_FUNDED_IND,DISTRICT_ADMIN_ZONE,MGMT_UNIT_TYPE,MGMT_UNIT_ID,REVISION_COUNT,ENTRY_USERID,ENTRY_TIMESTAMP,UPDATE_USERID,UPDATE_TIMESTAMP,FOREST_TENURE_GUID) VALUES
	('A88221','HI',TIMESTAMP'2011-05-13 00:00:00','A41',1619,NULL,'N',NULL,'U','11',4,'IDIR\USOPP',TIMESTAMP'2010-10-06 14:01:21','IDIR\LUFFY',TIMESTAMP'2019-01-10 09:25:27','B994A7A7E02C2408E05332B3228E5273'),
	('A97537','HI',TIMESTAMP'2021-05-04 00:00:00','A01',27,NULL,'N',NULL,'U','11',6,'IDIR\SANJI',TIMESTAMP'2020-04-27 09:54:11','IDIR\ZORO',TIMESTAMP'2024-10-04 11:35:27','B994A7AB44F32408E05332B3228E5273');

INSERT INTO HAULING_AUTHORITY (TIMBER_MARK,FOREST_FILE_ID,MARKING_METHOD_CODE,MARKING_INSTRUMENT_CODE,REVISION_COUNT,ENTRY_TIMESTAMP,UPDATE_USERID,UPDATE_TIMESTAMP,ENTRY_USERID,HAULING_AUTHORITY_GUID) VALUES
	('DW90R1','A88221','0','H',1,TIMESTAMP'2011-06-07 14:37:32','IDIR\BMO',TIMESTAMP'2011-06-07 14:37:32','IDIR\BMO','B994A76D5F292408E05332B3228E5273'),
	('DW9B09','A88221','4','H',1,TIMESTAMP'2023-12-06 10:03:16','IDIR\NAMI',TIMESTAMP'2024-01-31 09:14:28','BCEID\JAKEDOG','0BDC2A41AD265533E06332B3228E0688'),
	('HK40R1','A97537',NULL,NULL,1,TIMESTAMP'2023-11-17 13:40:39','IDIR\BMO',TIMESTAMP'2023-11-17 13:40:39','IDIR\BMO','0A60FCC37E0A3CEBE06332B3228E0F31'),
	('HK4R02','A97537','4','H',1,TIMESTAMP'2024-03-25 08:29:12','IDIR\NAMI',TIMESTAMP'2024-05-31 14:31:43','BCEID\ICEKING','147ED5D04F2B737EE06332B3228EAE0E');

INSERT INTO HARVESTING_AUTHORITY (HVA_SKEY,FOREST_FILE_ID,CUTTING_PERMIT_ID,HARVESTING_AUTHORITY_ID,FOREST_DISTRICT,DISTRICT_ADMN_ZONE,GEOGRAPHIC_DISTRICT,MGMT_UNIT_ID,MGMT_UNIT_TYPE_CODE,LICENCE_TO_CUT_CODE,HARVEST_TYPE_CODE,HARVEST_AUTH_STATUS_CODE,TENURE_TERM,STATUS_DATE,ISSUE_DATE,EXPIRY_DATE,EXTEND_DATE,EXTEND_COUNT,HARVEST_AUTH_EXTEND_REAS_CODE,QUOTA_TYPE_CODE,CROWN_LANDS_REGION_CODE,SALVAGE_TYPE_CODE,CASCADE_SPLIT_CODE,CATASTROPHIC_IND,CROWN_GRANTED_IND,CRUISE_BASED_IND,DECIDUOUS_IND,BCAA_FOLIO_NUMBER,LOCATION,HIGHER_LEVEL_PLAN_REFERENCE,HARVEST_AREA,RETIREMENT_DATE,REVISION_COUNT,ENTRY_USERID,ENTRY_TIMESTAMP,UPDATE_USERID,UPDATE_TIMESTAMP,IS_WASTE_ASSESSMENT_REQUIRED,IS_CP_EXTENSN_APPL_FEE_WAIVED,IS_CP_EXTENSION_APPL_FEE_PAID,IS_WITHIN_FIBRE_RECOVERY_ZONE,HARVESTING_AUTHORITY_GUID) VALUES
	(811341,'A88221','B09',NULL,21,'C',18,NULL,NULL,NULL,'G','HI',48,TIMESTAMP'2024-01-16 00:00:00',TIMESTAMP'2024-01-31 00:00:00',TIMESTAMP'2028-01-30 00:00:00',NULL,NULL,NULL,'A','3',NULL,'E','N','N','N','N',NULL,'Blue River and Raft',NULL,NULL,NULL,2,'BCEID\JAKEDOG',TIMESTAMP'2023-12-06 10:03:16','IDIR\NAMI',TIMESTAMP'2024-01-31 09:14:27','U','U','U','N','0BDC2A41AD1E5533E06332B3228E0688'),
	(814006,'A97537','R02',NULL,48,'K',1823,NULL,NULL,NULL,'G','HI',48,TIMESTAMP'2024-05-27 00:00:00',TIMESTAMP'2024-05-31 00:00:00',TIMESTAMP'2028-05-30 00:00:00',NULL,NULL,NULL,'A','3',NULL,'E','N','N','N','N',NULL,'Raft River',NULL,NULL,NULL,2,'BCEID\ICEKING',TIMESTAMP'2024-03-25 08:29:12','IDIR\NAMI',TIMESTAMP'2024-05-31 14:31:43','U','U','U','N','147ED5D04F1B737EE06332B3228EAE0E');

INSERT INTO HARVESTING_HAULING_XREF (HVA_SKEY,TIMBER_MARK,PRIMARY_MARK_IND,REVISION_COUNT,ENTRY_USERID,ENTRY_TIMESTAMP,UPDATE_USERID,UPDATE_TIMESTAMP) VALUES
	(811341,'DW9B09','Y',0,'BCEID\FINNHERO',TIMESTAMP'2023-12-06 10:03:16','BCEID\MARCELINE',TIMESTAMP'2023-12-06 10:03:16'),
	(814006,'HK4R02','Y',0,'BCEID\BUBBLEGUM',TIMESTAMP'2024-03-25 08:29:12','BCEID\ICEKING',TIMESTAMP'2024-03-25 08:29:12');

INSERT INTO CUT_BLOCK (CB_SKEY,HVA_SKEY,FOREST_FILE_ID,CUTTING_PERMIT_ID,TIMBER_MARK,CUT_BLOCK_ID,SP_EXEMPT_IND,BLOCK_STATUS_DATE,CUT_BLOCK_DESCRIPTION,CUT_REGULATION_CODE,BLOCK_STATUS_ST,REFOREST_DECLARE_TYPE_CODE,REVISION_COUNT,ENTRY_USERID,ENTRY_TIMESTAMP,UPDATE_USERID,UPDATE_TIMESTAMP,IS_WASTE_ASSESSMENT_REQUIRED,CUT_BLOCK_GUID,FIRE_HARVESTING_REASON_CODE,IS_UNDER_PARTITION_ORDER,REPORTED_FIRE_DATE) VALUES
	(837561,811341,'A88221','B09','DW9B09','R105','N',TIMESTAMP'2025-05-28 18:56:59',NULL,NULL,'LC',NULL,2,'BCEID\JAKEDOG',TIMESTAMP'2023-12-06 10:03:16','BCEID\BUBBLEGUM',TIMESTAMP'2025-05-28 18:56:59','Y','0BDC2A41AD225533E06332B3228E0688',NULL,NULL,NULL),
	(842443,814006,'A97537','R02','HK4R02','R102','N',TIMESTAMP'2025-05-28 18:56:59',NULL,NULL,'LC',NULL,2,'BCEID\ICEKING',TIMESTAMP'2024-03-25 08:29:12','BCEID\BUBBLEGUM',TIMESTAMP'2025-05-28 18:56:59','Y','147ED5D04F1D737EE06332B3228EAE0E',NULL,NULL,NULL),
	(842444,814006,'A97537','R02','HK4R02','R218','N',TIMESTAMP'2025-05-28 18:56:59',NULL,NULL,'LC',NULL,2,'BCEID\ICEKING',TIMESTAMP'2024-03-25 08:29:12','BCEID\BUBBLEGUM',TIMESTAMP'2025-05-28 18:56:59','Y','147ED5D04F1F737EE06332B3228EAE0E',NULL,NULL,NULL),
	(842445,814006,'A97537','R02','HK4R02','R571','N',TIMESTAMP'2025-05-28 18:56:59',NULL,NULL,'LC',NULL,2,'BCEID\ICEKING',TIMESTAMP'2024-03-25 08:29:12','BCEID\BUBBLEGUM',TIMESTAMP'2025-05-28 18:56:59','Y','147ED5D04F21737EE06332B3228EAE0E',NULL,NULL,NULL),
	(842446,814006,'A97537','R02','HK4R02','R569','N',TIMESTAMP'2025-05-28 18:56:59',NULL,NULL,'LC',NULL,2,'BCEID\ICEKING',TIMESTAMP'2024-03-25 08:29:12','BCEID\BUBBLEGUM',TIMESTAMP'2025-05-28 18:56:59','Y','147ED5D04F23737EE06332B3228EAE0E',NULL,NULL,NULL),
	(842447,814006,'A97537','R02','HK4R02','R274','N',TIMESTAMP'2025-08-05 11:24:40',NULL,NULL,'LC',NULL,2,'BCEID\ICEKING',TIMESTAMP'2024-03-25 08:29:12','BCEID\BUBBLEGUM',TIMESTAMP'2025-08-05 11:24:40','Y','147ED5D04F25737EE06332B3228EAE0E',NULL,NULL,NULL),
	(842448,814006,'A97537','R02','HK4R02','R336','N',TIMESTAMP'2025-05-28 18:56:59',NULL,NULL,'LC',NULL,2,'BCEID\ICEKING',TIMESTAMP'2024-03-25 08:29:12','BCEID\BUBBLEGUM',TIMESTAMP'2025-05-28 18:56:59','Y','147ED5D04F27737EE06332B3228EAE0E',NULL,NULL,NULL),
	(842449,814006,'A97537','R02','HK4R02','R341','N',TIMESTAMP'2025-05-28 19:08:00',NULL,NULL,'LC',NULL,2,'BCEID\ICEKING',TIMESTAMP'2024-03-25 08:29:12','BCEID\BUBBLEGUM',TIMESTAMP'2025-05-28 19:08:00','Y','147ED5D04F29737EE06332B3228EAE0E',NULL,NULL,NULL);

-- 34004

INSERT INTO PROV_FOREST_USE (FOREST_FILE_ID,FILE_STATUS_ST,FILE_STATUS_DATE,FILE_TYPE_CODE,FOREST_REGION,BCTS_ORG_UNIT,SB_FUNDED_IND,DISTRICT_ADMIN_ZONE,MGMT_UNIT_TYPE,MGMT_UNIT_ID,REVISION_COUNT,ENTRY_USERID,ENTRY_TIMESTAMP,UPDATE_USERID,UPDATE_TIMESTAMP,FOREST_TENURE_GUID) VALUES
	('A91320','HI',TIMESTAMP'2019-04-30 00:00:00','A41',21,NULL,'N',NULL,'U','18',5,'IDIR\SIMONPEG',TIMESTAMP'2013-04-18 16:00:52','IDIR\USOPP',TIMESTAMP'2024-10-03 12:25:30','B994A7A7EA8E2408E05332B3228E5273');

INSERT INTO HAULING_AUTHORITY (TIMBER_MARK,FOREST_FILE_ID,MARKING_METHOD_CODE,MARKING_INSTRUMENT_CODE,REVISION_COUNT,ENTRY_TIMESTAMP,UPDATE_USERID,UPDATE_TIMESTAMP,ENTRY_USERID,HAULING_AUTHORITY_GUID) VALUES
	('FU8004','A91320','S','H',1,TIMESTAMP'2022-10-20 09:06:46','IDIR\SANJI',TIMESTAMP'2022-11-23 13:29:22','BCEID\LUFFY','EB7A82F0CA6548ADE05332B3228E2960'),
	('FU80R1','A91320',NULL,NULL,1,TIMESTAMP'2022-10-24 09:07:48','IDIR\CHOPPER',TIMESTAMP'2022-10-24 09:07:48','IDIR\GUNTER','EBCAFE25FE382F18E05332B3228EA615');

INSERT INTO HARVESTING_AUTHORITY (HVA_SKEY,FOREST_FILE_ID,CUTTING_PERMIT_ID,HARVESTING_AUTHORITY_ID,FOREST_DISTRICT,DISTRICT_ADMN_ZONE,GEOGRAPHIC_DISTRICT,MGMT_UNIT_ID,MGMT_UNIT_TYPE_CODE,LICENCE_TO_CUT_CODE,HARVEST_TYPE_CODE,HARVEST_AUTH_STATUS_CODE,TENURE_TERM,STATUS_DATE,ISSUE_DATE,EXPIRY_DATE,EXTEND_DATE,EXTEND_COUNT,HARVEST_AUTH_EXTEND_REAS_CODE,QUOTA_TYPE_CODE,CROWN_LANDS_REGION_CODE,SALVAGE_TYPE_CODE,CASCADE_SPLIT_CODE,CATASTROPHIC_IND,CROWN_GRANTED_IND,CRUISE_BASED_IND,DECIDUOUS_IND,BCAA_FOLIO_NUMBER,LOCATION,HIGHER_LEVEL_PLAN_REFERENCE,HARVEST_AREA,RETIREMENT_DATE,REVISION_COUNT,ENTRY_USERID,ENTRY_TIMESTAMP,UPDATE_USERID,UPDATE_TIMESTAMP,IS_WASTE_ASSESSMENT_REQUIRED,IS_CP_EXTENSN_APPL_FEE_WAIVED,IS_CP_EXTENSION_APPL_FEE_PAID,IS_WITHIN_FIBRE_RECOVERY_ZONE,HARVESTING_AUTHORITY_GUID) VALUES
	(802418,'A91320','004',NULL,1828,'ME',1828,'18','U',NULL,'G','HI',0,TIMESTAMP'2022-11-03 00:00:00',TIMESTAMP'2022-11-21 00:00:00',TIMESTAMP'2026-11-20 00:00:00',NULL,NULL,NULL,'A','3',NULL,'E','N','N','N','N',NULL,'Salem Creek',NULL,NULL,NULL,2,'BCEID\LUFFY',TIMESTAMP'2022-10-20 09:06:46','IDIR\SANJI',TIMESTAMP'2022-11-23 13:29:22','U','U','U','N','EB7A82F0CA5D48ADE05332B3228E2960');

INSERT INTO HARVESTING_HAULING_XREF (HVA_SKEY,TIMBER_MARK,PRIMARY_MARK_IND,REVISION_COUNT,ENTRY_USERID,ENTRY_TIMESTAMP,UPDATE_USERID,UPDATE_TIMESTAMP) VALUES
	(802418,'FU8004','Y',0,'BCEID\LUFFY',TIMESTAMP'2022-10-20 09:06:46','BCEID\BMOBOT',TIMESTAMP'2022-10-20 09:06:46');

INSERT INTO CUT_BLOCK (CB_SKEY,HVA_SKEY,FOREST_FILE_ID,CUTTING_PERMIT_ID,TIMBER_MARK,CUT_BLOCK_ID,SP_EXEMPT_IND,BLOCK_STATUS_DATE,CUT_BLOCK_DESCRIPTION,CUT_REGULATION_CODE,BLOCK_STATUS_ST,REFOREST_DECLARE_TYPE_CODE,REVISION_COUNT,ENTRY_USERID,ENTRY_TIMESTAMP,UPDATE_USERID,UPDATE_TIMESTAMP,IS_WASTE_ASSESSMENT_REQUIRED,CUT_BLOCK_GUID,FIRE_HARVESTING_REASON_CODE,IS_UNDER_PARTITION_ORDER,REPORTED_FIRE_DATE) VALUES
	(821076,802418,'A91320','004','FU8004','NK1239','N',TIMESTAMP'2023-05-28 22:36:07','Block NK1239',NULL,'LC',NULL,2,'BCEID\LUFFY',TIMESTAMP'2022-10-20 09:06:46','BCEID\LUMPYSPACE',TIMESTAMP'2023-05-28 22:36:07','Y','EB7A82F0CA5F48ADE05332B3228E2960',NULL,NULL,NULL),
	(821077,802418,'A91320','004','FU8004','NK1257','N',TIMESTAMP'2023-05-28 22:45:11','Block NK1257',NULL,'LC',NULL,2,'BCEID\LUFFY',TIMESTAMP'2022-10-20 09:06:47','BCEID\LUMPYSPACE',TIMESTAMP'2023-05-28 22:45:11','Y','EB7A82F0CA6148ADE05332B3228E2960',NULL,NULL,NULL),
	(821078,802418,'A91320','004','FU8004','NK1277','N',TIMESTAMP'2023-05-29 15:02:08','Block NK1277',NULL,'LC',NULL,2,'BCEID\LUFFY',TIMESTAMP'2022-10-20 09:06:47','BCEID\LUMPYSPACE',TIMESTAMP'2023-05-29 15:02:08','Y','EB7A82F0CA6348ADE05332B3228E2960',NULL,NULL,NULL);

-- 879

INSERT INTO PROV_FOREST_USE (FOREST_FILE_ID,FILE_STATUS_ST,FILE_STATUS_DATE,FILE_TYPE_CODE,FOREST_REGION,BCTS_ORG_UNIT,SB_FUNDED_IND,DISTRICT_ADMIN_ZONE,MGMT_UNIT_TYPE,MGMT_UNIT_ID,REVISION_COUNT,ENTRY_USERID,ENTRY_TIMESTAMP,UPDATE_USERID,UPDATE_TIMESTAMP,FOREST_TENURE_GUID) VALUES
	 ('A16824','HI',TIMESTAMP'1992-02-11 00:00:00','A01',1824,NULL,'N',NULL,'U','14',2,'L',TIMESTAMP'1991-07-12 19:00:00','  DATAFIX_ABP_2014',TIMESTAMP'2014-06-29 10:33:21','B43E3E39E34B2EF0E0533A54228EF0D3'),
	 ('A74531','HI',TIMESTAMP'2021-01-04 00:00:00','A01',1824,NULL,'N',NULL,'U','03',1,'IDIR\MARCY',TIMESTAMP'2021-01-04 12:46:22','IDIR\MARCY',TIMESTAMP'2021-01-04 14:30:41','B81A16A5CCFB35F7E0533A54228E3669'),
	 ('R21110','HC',TIMESTAMP'2018-12-03 00:00:00','B01',1824,1824,'Y','K2','U','12',6,'IDIR\ICEKING',TIMESTAMP'2016-06-15 16:21:22','IDIR\SIMON',TIMESTAMP'2018-12-03 14:43:02','B43E3E3D36DB2EF0E0533A54228EF0D3');

INSERT INTO HAULING_AUTHORITY (TIMBER_MARK,FOREST_FILE_ID,MARKING_METHOD_CODE,MARKING_INSTRUMENT_CODE,REVISION_COUNT,ENTRY_TIMESTAMP,UPDATE_USERID,UPDATE_TIMESTAMP,ENTRY_USERID,HAULING_AUTHORITY_GUID) VALUES
	 ('EM30R1','A16824','0','H',1,TIMESTAMP'2020-01-31 15:45:48','PBBGUM',TIMESTAMP'2020-01-31 15:45:48','PBBGUM','B43E3E29164E2EF0E0533A54228EF0D3'),
	 ('JY1009','A74531','4','H',0,TIMESTAMP'2021-01-04 16:04:18','IDIR\MARCY',TIMESTAMP'2021-01-04 16:04:18','IDIR\MARCY','B81CF0A7201F0B9AE0533A54228EC88B'),
	 ('R21110','R21110',NULL,NULL,3,TIMESTAMP'2016-08-02 09:40:37','IDIR\SIMON',TIMESTAMP'2018-12-03 14:43:02','IDIR\AREVIAKI','B43E3E2B0D032EF0E0533A54228EF0D3');

INSERT INTO HARVESTING_AUTHORITY (HVA_SKEY,FOREST_FILE_ID,CUTTING_PERMIT_ID,HARVESTING_AUTHORITY_ID,FOREST_DISTRICT,DISTRICT_ADMN_ZONE,GEOGRAPHIC_DISTRICT,MGMT_UNIT_ID,MGMT_UNIT_TYPE_CODE,LICENCE_TO_CUT_CODE,HARVEST_TYPE_CODE,HARVEST_AUTH_STATUS_CODE,TENURE_TERM,STATUS_DATE,ISSUE_DATE,EXPIRY_DATE,EXTEND_DATE,EXTEND_COUNT,HARVEST_AUTH_EXTEND_REAS_CODE,QUOTA_TYPE_CODE,CROWN_LANDS_REGION_CODE,SALVAGE_TYPE_CODE,CASCADE_SPLIT_CODE,CATASTROPHIC_IND,CROWN_GRANTED_IND,CRUISE_BASED_IND,DECIDUOUS_IND,BCAA_FOLIO_NUMBER,LOCATION,HIGHER_LEVEL_PLAN_REFERENCE,HARVEST_AREA,RETIREMENT_DATE,REVISION_COUNT,ENTRY_USERID,ENTRY_TIMESTAMP,UPDATE_USERID,UPDATE_TIMESTAMP,IS_WASTE_ASSESSMENT_REQUIRED,IS_CP_EXTENSN_APPL_FEE_WAIVED,IS_CP_EXTENSION_APPL_FEE_PAID,IS_WITHIN_FIBRE_RECOVERY_ZONE,HARVESTING_AUTHORITY_GUID) VALUES
	 (201528,'A74531','9',NULL,1824,NULL,1824,NULL,NULL,NULL,'G','PE',0,TIMESTAMP'2021-01-04 16:04:18',NULL,NULL,NULL,NULL,NULL,'A',NULL,NULL,'E','N','N','N','N',NULL,'NINE',NULL,38.8362,NULL,0,'IDIR\MARCY',TIMESTAMP'2021-01-04 16:04:18','IDIR\MARCY',TIMESTAMP'2021-01-04 16:04:18','U','U','U','U','B81CF0A7201D0B9AE0533A54228EC88B');

INSERT INTO HARVESTING_HAULING_XREF (HVA_SKEY,TIMBER_MARK,PRIMARY_MARK_IND,REVISION_COUNT,ENTRY_USERID,ENTRY_TIMESTAMP,UPDATE_USERID,UPDATE_TIMESTAMP) VALUES
	 (201528,'JY1009','Y',0,'IDIR\MARCY',TIMESTAMP'2021-01-04 16:04:18','IDIR\MARCY',TIMESTAMP'2021-01-04 16:04:18');

INSERT INTO CUT_BLOCK (CB_SKEY,HVA_SKEY,FOREST_FILE_ID,CUTTING_PERMIT_ID,TIMBER_MARK,CUT_BLOCK_ID,SP_EXEMPT_IND,BLOCK_STATUS_DATE,CUT_BLOCK_DESCRIPTION,CUT_REGULATION_CODE,BLOCK_STATUS_ST,REFOREST_DECLARE_TYPE_CODE,REVISION_COUNT,ENTRY_USERID,ENTRY_TIMESTAMP,UPDATE_USERID,UPDATE_TIMESTAMP,IS_WASTE_ASSESSMENT_REQUIRED,CUT_BLOCK_GUID,FIRE_HARVESTING_REASON_CODE,IS_UNDER_PARTITION_ORDER,REPORTED_FIRE_DATE) VALUES
	 (367797,201528,'A74531','9','JY1009','CB1','N',TIMESTAMP'2021-01-04 16:04:18','A74531 CP9',NULL,'PE',NULL,0,'IDIR\MARCY',TIMESTAMP'2021-01-04 16:04:18','IDIR\MARCY',TIMESTAMP'2021-01-04 16:04:18','Y','B81CF0A720210B9AE0533A54228EC88B',NULL,NULL,NULL);

-- 36312
INSERT INTO PROV_FOREST_USE (FOREST_FILE_ID,FILE_STATUS_ST,FILE_STATUS_DATE,FILE_TYPE_CODE,FOREST_REGION,BCTS_ORG_UNIT,SB_FUNDED_IND,DISTRICT_ADMIN_ZONE,MGMT_UNIT_TYPE,MGMT_UNIT_ID,REVISION_COUNT,ENTRY_USERID,ENTRY_TIMESTAMP,UPDATE_USERID,UPDATE_TIMESTAMP,FOREST_TENURE_GUID) VALUES
    ('W1576','HI',TIMESTAMP'1999-05-14 00:00:00','A04',38,NULL,'N',NULL,'F',NULL,4,'IDIR\ICEKING',TIMESTAMP'1995-09-06 14:12:43','IDIR\BMO',TIMESTAMP'2018-11-20 09:18:50','B994A7AB27E52408E05332B3228E5273');

INSERT INTO HAULING_AUTHORITY (TIMBER_MARK,FOREST_FILE_ID,MARKING_METHOD_CODE,MARKING_INSTRUMENT_CODE,REVISION_COUNT,ENTRY_TIMESTAMP,UPDATE_USERID,UPDATE_TIMESTAMP,ENTRY_USERID,HAULING_AUTHORITY_GUID) VALUES
    ('WBANDD','W1576','1','H',2,TIMESTAMP'2021-04-06 12:08:46','IDIR\BMO',TIMESTAMP'2021-06-09 12:53:27','BCEID\MARCELINE','BF538B0021EB5B00E05332B3228EE4DD');

INSERT INTO HARVESTING_AUTHORITY (HVA_SKEY,FOREST_FILE_ID,CUTTING_PERMIT_ID,HARVESTING_AUTHORITY_ID,FOREST_DISTRICT,DISTRICT_ADMN_ZONE,GEOGRAPHIC_DISTRICT,MGMT_UNIT_ID,MGMT_UNIT_TYPE_CODE,LICENCE_TO_CUT_CODE,HARVEST_TYPE_CODE,HARVEST_AUTH_STATUS_CODE,TENURE_TERM,STATUS_DATE,ISSUE_DATE,EXPIRY_DATE,EXTEND_DATE,EXTEND_COUNT,HARVEST_AUTH_EXTEND_REAS_CODE,QUOTA_TYPE_CODE,CROWN_LANDS_REGION_CODE,SALVAGE_TYPE_CODE,CASCADE_SPLIT_CODE,CATASTROPHIC_IND,CROWN_GRANTED_IND,CRUISE_BASED_IND,DECIDUOUS_IND,BCAA_FOLIO_NUMBER,LOCATION,HIGHER_LEVEL_PLAN_REFERENCE,HARVEST_AREA,RETIREMENT_DATE,REVISION_COUNT,ENTRY_USERID,ENTRY_TIMESTAMP,UPDATE_USERID,UPDATE_TIMESTAMP,IS_WASTE_ASSESSMENT_REQUIRED,IS_CP_EXTENSN_APPL_FEE_WAIVED,IS_CP_EXTENSION_APPL_FEE_PAID,IS_WITHIN_FIBRE_RECOVERY_ZONE,HARVESTING_AUTHORITY_GUID) VALUES
    (789745,'W1576','DD',NULL,38,'SPAR',38,NULL,NULL,NULL,'G','HI',48,TIMESTAMP'2021-06-08 00:00:00',TIMESTAMP'2021-06-08 00:00:00',TIMESTAMP'2025-06-07 00:00:00',NULL,NULL,NULL,'A',NULL,'SSS','E','N','N','N','N',NULL,'Bruce Lake',NULL,NULL,NULL,4,'BCEID\MARCELINE',TIMESTAMP'2021-04-06 12:08:46','IDIR\BMO',TIMESTAMP'2021-06-09 12:53:27','U','U','U','N','BF538B0021E75B00E05332B3228EE4DD');

INSERT INTO HARVESTING_HAULING_XREF (HVA_SKEY,TIMBER_MARK,PRIMARY_MARK_IND,REVISION_COUNT,ENTRY_USERID,ENTRY_TIMESTAMP,UPDATE_USERID,UPDATE_TIMESTAMP) VALUES
    (789745,'WBANDD','Y',0,'BCEID\MARCELINE',TIMESTAMP'2021-04-06 12:08:46','BCEID\MARCELINE',TIMESTAMP'2021-04-06 12:08:46');

INSERT INTO CUT_BLOCK (CB_SKEY,HVA_SKEY,FOREST_FILE_ID,CUTTING_PERMIT_ID,TIMBER_MARK,CUT_BLOCK_ID,SP_EXEMPT_IND,BLOCK_STATUS_DATE,CUT_BLOCK_DESCRIPTION,CUT_REGULATION_CODE,BLOCK_STATUS_ST,REFOREST_DECLARE_TYPE_CODE,REVISION_COUNT,ENTRY_USERID,ENTRY_TIMESTAMP,UPDATE_USERID,UPDATE_TIMESTAMP,IS_WASTE_ASSESSMENT_REQUIRED,CUT_BLOCK_GUID,FIRE_HARVESTING_REASON_CODE,IS_UNDER_PARTITION_ORDER,REPORTED_FIRE_DATE) VALUES
    (853691,789745,'W1576','DD','WBANDD','2','N',TIMESTAMP'2025-04-23 08:40:42','SSS indicates WL 1 CP CL',NULL,'LC',NULL,3,'IDIR\ZORO',TIMESTAMP'2025-04-10 11:15:35','BCEID\LUFFY',TIMESTAMP'2025-04-23 09:01:10','Y','326FEF29BDDE5FBBE06332B3228E9236',NULL,NULL,NULL),
    (853692,789745,'W1576','DD','WBANDD','3','N',TIMESTAMP'2025-04-23 08:41:19','SSS indicates WL 1 CP CL',NULL,'LC',NULL,3,'IDIR\ZORO',TIMESTAMP'2025-04-10 11:16:18','BCEID\LUFFY',TIMESTAMP'2025-04-23 09:01:27','Y','326FEF29BDE05FBBE06332B3228E9236',NULL,NULL,NULL);

-- 2784
INSERT INTO PROV_FOREST_USE (FOREST_FILE_ID,FILE_STATUS_ST,FILE_STATUS_DATE,FILE_TYPE_CODE,FOREST_REGION,BCTS_ORG_UNIT,SB_FUNDED_IND,DISTRICT_ADMIN_ZONE,MGMT_UNIT_TYPE,MGMT_UNIT_ID,REVISION_COUNT,ENTRY_USERID,ENTRY_TIMESTAMP,UPDATE_USERID,UPDATE_TIMESTAMP,FOREST_TENURE_GUID) VALUES
    ('A20015','HI',TIMESTAMP'1982-11-01 00:00:00','A01',1826,NULL,'N',NULL,'U','29',7,'IDIR\LUFFY',TIMESTAMP'1991-07-12 19:00:00','IDIR\ZORO',TIMESTAMP'2025-06-02 07:22:15','B994A76DDD342408E05332B3228E5273');

INSERT INTO HAULING_AUTHORITY (TIMBER_MARK,FOREST_FILE_ID,MARKING_METHOD_CODE,MARKING_INSTRUMENT_CODE,REVISION_COUNT,ENTRY_TIMESTAMP,UPDATE_USERID,UPDATE_TIMESTAMP,ENTRY_USERID,HAULING_AUTHORITY_GUID) VALUES
    ('EG2557','A20015','2','H',10,TIMESTAMP'2005-04-04 13:38:18','IDIR\NAMI',TIMESTAMP'2011-02-10 08:42:07','BCEID\JAKEDOG','B994A76DDD352408E05332B3228E5273'),
    ('EG2558','A20015','2','H',4,TIMESTAMP'2005-07-12 10:05:56','IDIR\NAMI',TIMESTAMP'2010-03-11 14:26:50','BCEID\JAKEDOG','B994A76DDD362408E05332B3228E5273'),
    ('EG2567','A20015','2','H',6,TIMESTAMP'2005-08-08 14:34:43','IDIR\NAMI',TIMESTAMP'2010-03-16 14:38:15','BCEID\JAKEDOG','B994A76DDD3C2408E05332B3228E5273');

INSERT INTO HARVESTING_AUTHORITY (HVA_SKEY,FOREST_FILE_ID,CUTTING_PERMIT_ID,HARVESTING_AUTHORITY_ID,FOREST_DISTRICT,DISTRICT_ADMN_ZONE,GEOGRAPHIC_DISTRICT,MGMT_UNIT_ID,MGMT_UNIT_TYPE_CODE,LICENCE_TO_CUT_CODE,HARVEST_TYPE_CODE,HARVEST_AUTH_STATUS_CODE,TENURE_TERM,STATUS_DATE,ISSUE_DATE,EXPIRY_DATE,EXTEND_DATE,EXTEND_COUNT,HARVEST_AUTH_EXTEND_REAS_CODE,QUOTA_TYPE_CODE,CROWN_LANDS_REGION_CODE,SALVAGE_TYPE_CODE,CASCADE_SPLIT_CODE,CATASTROPHIC_IND,CROWN_GRANTED_IND,CRUISE_BASED_IND,DECIDUOUS_IND,BCAA_FOLIO_NUMBER,LOCATION,HIGHER_LEVEL_PLAN_REFERENCE,HARVEST_AREA,RETIREMENT_DATE,REVISION_COUNT,ENTRY_USERID,ENTRY_TIMESTAMP,UPDATE_USERID,UPDATE_TIMESTAMP,IS_WASTE_ASSESSMENT_REQUIRED,IS_CP_EXTENSN_APPL_FEE_WAIVED,IS_CP_EXTENSION_APPL_FEE_PAID,IS_WITHIN_FIBRE_RECOVERY_ZONE,HARVESTING_AUTHORITY_GUID) VALUES
    (112026,'A20015','557',NULL,1826,'6',1826,'29','U',NULL,'G','HC',0,TIMESTAMP'2009-03-08 00:00:00',TIMESTAMP'2005-03-09 00:00:00',TIMESTAMP'2009-03-08 00:00:00',NULL,0,NULL,'A',NULL,NULL,'E','N','N','N','N',NULL,'Solomon Lake',NULL,NULL,TIMESTAMP'2010-03-16 14:37:05',12,'BCEID\JAKEDOG',TIMESTAMP'2005-04-04 13:38:18','IDIR\NAMI',TIMESTAMP'2011-02-10 08:42:07','U','U','U','U','B9B090AC704B645AE05332B3228EA5A5'),
    (111984,'A20015','558',NULL,1826,'6',1826,'29','U',NULL,'G','HC',0,TIMESTAMP'2007-07-14 00:00:00',TIMESTAMP'2005-07-15 00:00:00',TIMESTAMP'2007-07-14 00:00:00',NULL,0,NULL,'A',NULL,NULL,'E','N','N','N','N',NULL,'558',NULL,285.3132,TIMESTAMP'2010-03-11 14:26:54',7,'BCEID\JAKEDOG',TIMESTAMP'2005-07-12 10:05:56','DATAFIX_BMO',TIMESTAMP'2013-02-04 15:02:29','U','U','U','U','B9B090AC7022645AE05332B3228EA5A5'),
    (114911,'A20015','567',NULL,1826,'6',1826,'29','U',NULL,'G','HC',0,TIMESTAMP'2007-08-14 00:00:00',TIMESTAMP'2005-08-15 00:00:00',TIMESTAMP'2007-08-14 00:00:00',NULL,0,NULL,'A','5',NULL,'E','N','N','N','N',NULL,'McLeese Lake 605 Rd',NULL,NULL,TIMESTAMP'2010-03-16 14:38:19',8,'BCEID\JAKEDOG',TIMESTAMP'2005-08-08 14:34:43','IDIR\NAMI',TIMESTAMP'2010-03-16 14:38:19','U','U','U','U','B9B090AC7B40645AE05332B3228EA5A5');

INSERT INTO HARVESTING_HAULING_XREF (HVA_SKEY,TIMBER_MARK,PRIMARY_MARK_IND,REVISION_COUNT,ENTRY_USERID,ENTRY_TIMESTAMP,UPDATE_USERID,UPDATE_TIMESTAMP) VALUES
    (112026,'EG2557','Y',4,'BCEID\JAKEDOG',TIMESTAMP'2005-04-04 13:38:18','IDIR\NAMI',TIMESTAMP'2005-04-08 09:25:57'),
    (111984,'EG2558','Y',3,'BCEID\JAKEDOG',TIMESTAMP'2005-07-12 10:05:56','IDIR\NAMI',TIMESTAMP'2005-07-26 15:25:21'),
    (114911,'EG2567','Y',3,'BCEID\JAKEDOG',TIMESTAMP'2005-08-08 14:34:43','IDIR\NAMI',TIMESTAMP'2005-08-26 08:59:26');

INSERT INTO CUT_BLOCK (CB_SKEY,HVA_SKEY,FOREST_FILE_ID,CUTTING_PERMIT_ID,TIMBER_MARK,CUT_BLOCK_ID,SP_EXEMPT_IND,BLOCK_STATUS_DATE,CUT_BLOCK_DESCRIPTION,CUT_REGULATION_CODE,BLOCK_STATUS_ST,REFOREST_DECLARE_TYPE_CODE,REVISION_COUNT,ENTRY_USERID,ENTRY_TIMESTAMP,UPDATE_USERID,UPDATE_TIMESTAMP,IS_WASTE_ASSESSMENT_REQUIRED,CUT_BLOCK_GUID,FIRE_HARVESTING_REASON_CODE,IS_UNDER_PARTITION_ORDER,REPORTED_FIRE_DATE) VALUES
    (121641,112026,'A20015','557','EG2557','WFJ001','N',TIMESTAMP'2006-03-23 00:00:00',NULL,NULL,'S',NULL,5,'BCEID\JAKEDOG',TIMESTAMP'2005-04-04 13:38:18','IDIR\NAMI',TIMESTAMP'2010-01-14 11:34:52','U','B9B0909FA997645AE05332B3228EA5A5',NULL,NULL,NULL),
    (121645,111984,'A20015','558','EG2558','WAJ07B','N',TIMESTAMP'2006-02-22 00:00:00',NULL,NULL,'S',NULL,4,'BCEID\JAKEDOG',TIMESTAMP'2005-07-12 10:05:56','IDIR\NAMI',TIMESTAMP'2010-03-03 13:45:02','U','B9B0909FA99B645AE05332B3228EA5A5',NULL,NULL,NULL),
    (121661,114911,'A20015','567','EG2567','WFJ003','N',TIMESTAMP'2009-07-02 00:00:00',NULL,NULL,'S',NULL,4,'BCEID\JAKEDOG',TIMESTAMP'2005-08-08 14:34:43','IDIR\NAMI',TIMESTAMP'2009-07-02 09:33:27','U','B9B0909FA9AB645AE05332B3228EA5A5',NULL,NULL,NULL);

-- 36822
INSERT INTO PROV_FOREST_USE (FOREST_FILE_ID,FILE_STATUS_ST,FILE_STATUS_DATE,FILE_TYPE_CODE,FOREST_REGION,BCTS_ORG_UNIT,SB_FUNDED_IND,DISTRICT_ADMIN_ZONE,MGMT_UNIT_TYPE,MGMT_UNIT_ID,REVISION_COUNT,ENTRY_USERID,ENTRY_TIMESTAMP,UPDATE_USERID,UPDATE_TIMESTAMP,FOREST_TENURE_GUID) VALUES
    ('TA1150','HC',TIMESTAMP'2026-01-12 00:00:00','B20',38,38,'Y','PGBA','U','16',14,'IDIR\WINSTON',TIMESTAMP'2019-11-20 14:57:05','IDIR\JOHNWICK',TIMESTAMP'2026-01-20 10:51:49','B994A7AB3E1F2408E05332B3228E5273');

INSERT INTO HAULING_AUTHORITY (TIMBER_MARK,FOREST_FILE_ID,MARKING_METHOD_CODE,MARKING_INSTRUMENT_CODE,REVISION_COUNT,ENTRY_TIMESTAMP,UPDATE_USERID,UPDATE_TIMESTAMP,ENTRY_USERID,HAULING_AUTHORITY_GUID) VALUES
    ('A1150','TA1150','S','H',9,TIMESTAMP'2022-12-07 10:49:43','IDIR\JOHNWICK',TIMESTAMP'2026-01-12 14:55:22','IDIR\CHARON','EF426220C09C20ADE05332B3228E550E');

INSERT INTO HARVESTING_AUTHORITY (HVA_SKEY,FOREST_FILE_ID,CUTTING_PERMIT_ID,HARVESTING_AUTHORITY_ID,FOREST_DISTRICT,DISTRICT_ADMN_ZONE,GEOGRAPHIC_DISTRICT,MGMT_UNIT_ID,MGMT_UNIT_TYPE_CODE,LICENCE_TO_CUT_CODE,HARVEST_TYPE_CODE,HARVEST_AUTH_STATUS_CODE,TENURE_TERM,STATUS_DATE,ISSUE_DATE,EXPIRY_DATE,EXTEND_DATE,EXTEND_COUNT,HARVEST_AUTH_EXTEND_REAS_CODE,QUOTA_TYPE_CODE,CROWN_LANDS_REGION_CODE,SALVAGE_TYPE_CODE,CASCADE_SPLIT_CODE,CATASTROPHIC_IND,CROWN_GRANTED_IND,CRUISE_BASED_IND,DECIDUOUS_IND,BCAA_FOLIO_NUMBER,LOCATION,HIGHER_LEVEL_PLAN_REFERENCE,HARVEST_AREA,RETIREMENT_DATE,REVISION_COUNT,ENTRY_USERID,ENTRY_TIMESTAMP,UPDATE_USERID,UPDATE_TIMESTAMP,IS_WASTE_ASSESSMENT_REQUIRED,IS_CP_EXTENSN_APPL_FEE_WAIVED,IS_CP_EXTENSION_APPL_FEE_PAID,IS_WITHIN_FIBRE_RECOVERY_ZONE,HARVESTING_AUTHORITY_GUID) VALUES
    (804540,'TA1150',NULL,NULL,38,'PGBA',38,'16','U',NULL,'G','HC',24,TIMESTAMP'2026-01-12 00:00:00',TIMESTAMP'2023-08-29 00:00:00',TIMESTAMP'2025-08-28 00:00:00',NULL,0,NULL,'D','7',NULL,'E','Y','N','N','N',NULL,'Munro',NULL,43.3205,TIMESTAMP'2026-01-20 10:51:49',11,'IDIR\CHARON',TIMESTAMP'2022-12-07 10:49:43','IDIR\JOHNWICK',TIMESTAMP'2026-01-20 10:51:49','Y','U','U','N','EF426220C09720ADE05332B3228E550E');

INSERT INTO HARVESTING_HAULING_XREF (HVA_SKEY,TIMBER_MARK,PRIMARY_MARK_IND,REVISION_COUNT,ENTRY_USERID,ENTRY_TIMESTAMP,UPDATE_USERID,UPDATE_TIMESTAMP) VALUES
    (804540,'A1150','Y',0,'IDIR\CHARON',TIMESTAMP'2022-12-07 10:49:43','IDIR\CHARON',TIMESTAMP'2022-12-07 10:49:43');

INSERT INTO CUT_BLOCK (CB_SKEY,HVA_SKEY,FOREST_FILE_ID,CUTTING_PERMIT_ID,TIMBER_MARK,CUT_BLOCK_ID,SP_EXEMPT_IND,BLOCK_STATUS_DATE,CUT_BLOCK_DESCRIPTION,CUT_REGULATION_CODE,BLOCK_STATUS_ST,REFOREST_DECLARE_TYPE_CODE,REVISION_COUNT,ENTRY_USERID,ENTRY_TIMESTAMP,UPDATE_USERID,UPDATE_TIMESTAMP,IS_WASTE_ASSESSMENT_REQUIRED,CUT_BLOCK_GUID,FIRE_HARVESTING_REASON_CODE,IS_UNDER_PARTITION_ORDER,REPORTED_FIRE_DATE) VALUES
    (823505,804540,'TA1150',' ','A1150','MUN012','N',TIMESTAMP'2025-12-16 17:02:38','MACK',NULL,'S',NULL,4,'IDIR\CHARON',TIMESTAMP'2022-12-07 10:49:43','IDIR\CASSIAN',TIMESTAMP'2025-12-16 17:02:38','Y','EF426220C09920ADE05332B3228E550E',NULL,NULL,NULL);

-- 36301
INSERT INTO PROV_FOREST_USE (FOREST_FILE_ID,FILE_STATUS_ST,FILE_STATUS_DATE,FILE_TYPE_CODE,FOREST_REGION,BCTS_ORG_UNIT,SB_FUNDED_IND,DISTRICT_ADMIN_ZONE,MGMT_UNIT_TYPE,MGMT_UNIT_ID,REVISION_COUNT,ENTRY_USERID,ENTRY_TIMESTAMP,UPDATE_USERID,UPDATE_TIMESTAMP,FOREST_TENURE_GUID) VALUES
    ('A18667','HI',TIMESTAMP'1982-11-15 00:00:00','A01',1829,NULL,'N',NULL,'U','22',7,'L',TIMESTAMP'1991-07-12 19:00:00','IDIR\KAKASHI',TIMESTAMP'2017-05-17 15:49:11','B994A7A71DAA2408E05332B3228E5273'),
    ('A18672','HI',TIMESTAMP'1982-11-15 00:00:00','A01',1829,NULL,'N',NULL,'U','22',7,'L',TIMESTAMP'1991-07-12 19:00:00','IDIR\KAKASHI',TIMESTAMP'2017-05-17 16:01:54','B994A7A71DAF2408E05332B3228E5273'),
    ('A74912','HI',TIMESTAMP'2004-09-16 00:00:00','A01',1829,NULL,'N',NULL,'U','22',5,'IDIR\VEGETA',TIMESTAMP'2004-05-19 14:32:12','IDIR\KAKASHI',TIMESTAMP'2017-05-17 16:02:32','B994A7A7B27E2408E05332B3228E5273'),
    ('T0816','HI',TIMESTAMP'1981-12-02 00:00:00','A06',1829,NULL,'N',NULL,'Z',NULL,2,'L',TIMESTAMP'1991-07-12 19:00:00','&&datafix_userid',TIMESTAMP'2014-06-28 09:01:59','B994A7AB16882408E05332B3228E5273');

INSERT INTO HAULING_AUTHORITY (TIMBER_MARK,FOREST_FILE_ID,MARKING_METHOD_CODE,MARKING_INSTRUMENT_CODE,REVISION_COUNT,ENTRY_TIMESTAMP,UPDATE_USERID,UPDATE_TIMESTAMP,ENTRY_USERID,HAULING_AUTHORITY_GUID) VALUES
    ('BJ60R1','A74912','0','H',1,TIMESTAMP'2009-04-17 10:01:41','IDIR\ICHIGO',TIMESTAMP'2009-04-17 10:01:41','IDIR\ICHIGO','B994A76D08842408E05332B3228E5273'),
    ('BJ6425','A74912','5','H',1,TIMESTAMP'2021-12-17 21:30:21','IDIR\GOKU',TIMESTAMP'2022-07-11 13:22:49','BCEID\ZENITSU','D365F385D64C2DFAE05332B3228EEB10'),
    ('BJ6984','A74912','S','H',1,TIMESTAMP'2021-06-29 16:45:50','IDIR\ERWIN',TIMESTAMP'2021-11-01 12:03:41','BCEID\INOSUKE','C5F1349B383C5D02E05332B3228E2B09'),
    ('BJ6994','A74912','5','H',1,TIMESTAMP'2020-11-13 08:38:02','IDIR\ERWIN',TIMESTAMP'2020-12-04 09:35:14','BCEID\INOSUKE','B994A76D09332408E05332B3228E5273'),
    ('ER40R2','A18667','0','H',1,TIMESTAMP'2007-10-31 13:21:46','IDIR\TANJIRO',TIMESTAMP'2007-10-31 13:21:46','IDIR\TANJIRO','B994A76E10E52408E05332B3228E5273'),
    ('ER4216','A18667','5','H',1,TIMESTAMP'2022-12-08 14:36:34','IDIR\MUSTANG',TIMESTAMP'2023-02-07 13:02:37','BCEID\ZENITSU','EF59AB31AC9C5B07E05332B3228E1DB4'),
    ('ER4414','A18667','5','H',2,TIMESTAMP'2024-11-18 11:45:45','IDIR\LEVI',TIMESTAMP'2024-12-17 14:00:13','BCEID\ZENITSU','27362997D0846CE4E06332B3228E2551'),
    ('ER4818','A18667','5','H',2,TIMESTAMP'2022-10-14 09:51:42','IDIR\MIKASA',TIMESTAMP'2022-11-14 14:34:25','BCEID\NEZUKO','EB02709DD4D51F6AE05332B3228E4938'),
    ('ER4826','A18667','5','H',1,TIMESTAMP'2023-01-20 09:16:00','IDIR\LEVI',TIMESTAMP'2023-04-18 12:05:22','BCEID\NEZUKO','F2B634017ABF06B4E05332B3228EB0EE'),
    ('ER4828','A18667','5','H',1,TIMESTAMP'2023-01-20 15:17:11','IDIR\EDWARD',TIMESTAMP'2023-02-15 13:19:13','BCEID\SHINOBU','F2BB3FB588E07A4DE05332B3228EC935'),
    ('ER4829','A18667','5','H',1,TIMESTAMP'2024-02-26 15:45:55','IDIR\NARUTO',TIMESTAMP'2024-04-15 11:38:44','BCEID\SHINOBU','125282B972235FC9E06332B3228EA8CC'),
    ('ER4833','A18667','5','H',1,TIMESTAMP'2023-09-18 09:01:41','IDIR\LEVI',TIMESTAMP'2023-09-26 11:04:44','BCEID\NEZUKO','05A541F2DABD05A5E06332B3228E39AC'),
    ('ER90R1','A18672','0','H',1,TIMESTAMP'2007-07-10 14:56:50','IDIR\GOHAN',TIMESTAMP'2007-07-10 14:56:50','IDIR\GOHAN','B994A76E166D2408E05332B3228E5273'),
    ('ER9210','A18672','5','H',1,TIMESTAMP'2024-03-15 14:02:32','IDIR\PICCOLO',TIMESTAMP'2024-05-28 09:03:24','BCEID\ZENITSU','13BA537CAD0C36EFE06332B3228E7CE5'),
    ('ER9233','A18672','5','H',1,TIMESTAMP'2024-02-21 14:42:28','IDIR\NARUTO',TIMESTAMP'2024-03-20 09:08:05','BCEID\ZENITSU','11ED0A8DB4491DE8E06332B3228E2E23'),
    ('ER9238','A18672','5','H',1,TIMESTAMP'2024-03-21 15:32:10','IDIR\LEVI',TIMESTAMP'2024-04-24 13:59:19','BCEID\ZENITSU','1434471841F31254E06332B3228ECA3F'),
    ('ER9327','A18672','5','H',1,TIMESTAMP'2024-03-22 11:14:29','IDIR\LEVI',TIMESTAMP'2024-04-25 09:46:37','BCEID\ZENITSU','1444CB67E7BC2296E06332B3228EA217'),
    ('ER9700','A18672','5','H',3,TIMESTAMP'2024-02-02 13:24:03','IDIR\NARUTO',TIMESTAMP'2024-03-07 08:08:16','BCEID\SHINOBU','106DBB2FC3F1474BE06332B3228EAD9D'),
    ('ER9701','A18672','5','H',1,TIMESTAMP'2024-03-04 11:49:03','IDIR\NARUTO',TIMESTAMP'2024-04-15 10:18:15','BCEID\SHINOBU','12DC047CD8076473E06332B3228EA568'),
    ('ER9702','A18672','5','H',1,TIMESTAMP'2024-02-16 13:49:56','IDIR\LEVI',TIMESTAMP'2024-03-13 13:39:16','BCEID\SHINOBU','1187B97D18412D2FE06332B3228EB23E');
INSERT INTO HAULING_AUTHORITY (TIMBER_MARK,FOREST_FILE_ID,MARKING_METHOD_CODE,MARKING_INSTRUMENT_CODE,REVISION_COUNT,ENTRY_TIMESTAMP,UPDATE_USERID,UPDATE_TIMESTAMP,ENTRY_USERID,HAULING_AUTHORITY_GUID) VALUES
    ('ER9703','A18672','5','H',1,TIMESTAMP'2024-03-19 14:37:48','IDIR\PICCOLO',TIMESTAMP'2024-05-16 15:08:32','BCEID\SHINOBU','140B4904D5065C18E06332B3228E7A65'),
    ('ER9704','A18672','5','H',1,TIMESTAMP'2024-03-15 11:37:31','IDIR\PICCOLO',TIMESTAMP'2024-04-26 14:01:17','BCEID\SHINOBU','13B84CECF26B150BE06332B3228EB142'),
    ('TAXBEE','T0816','5','H',2,TIMESTAMP'2021-01-19 07:44:27','IDIR\ERWIN',TIMESTAMP'2021-03-17 15:49:58','BCEID\INOSUKE','B994A77085372408E05332B3228E5273'),
    ('TAXBR1','T0816','0','H',1,TIMESTAMP'2008-05-01 14:21:41','IDIR\ALPHONSE',TIMESTAMP'2008-05-01 14:21:41','IDIR\ALPHONSE','B994A770853C2408E05332B3228E5273');

INSERT INTO HARVESTING_AUTHORITY (HVA_SKEY,FOREST_FILE_ID,CUTTING_PERMIT_ID,HARVESTING_AUTHORITY_ID,FOREST_DISTRICT,DISTRICT_ADMN_ZONE,GEOGRAPHIC_DISTRICT,MGMT_UNIT_ID,MGMT_UNIT_TYPE_CODE,LICENCE_TO_CUT_CODE,HARVEST_TYPE_CODE,HARVEST_AUTH_STATUS_CODE,TENURE_TERM,STATUS_DATE,ISSUE_DATE,EXPIRY_DATE,EXTEND_DATE,EXTEND_COUNT,HARVEST_AUTH_EXTEND_REAS_CODE,QUOTA_TYPE_CODE,CROWN_LANDS_REGION_CODE,SALVAGE_TYPE_CODE,CASCADE_SPLIT_CODE,CATASTROPHIC_IND,CROWN_GRANTED_IND,CRUISE_BASED_IND,DECIDUOUS_IND,BCAA_FOLIO_NUMBER,LOCATION,HIGHER_LEVEL_PLAN_REFERENCE,HARVEST_AREA,RETIREMENT_DATE,REVISION_COUNT,ENTRY_USERID,ENTRY_TIMESTAMP,UPDATE_USERID,UPDATE_TIMESTAMP,IS_WASTE_ASSESSMENT_REQUIRED,IS_CP_EXTENSN_APPL_FEE_WAIVED,IS_CP_EXTENSION_APPL_FEE_PAID,IS_WITHIN_FIBRE_RECOVERY_ZONE,HARVESTING_AUTHORITY_GUID) VALUES
    (787386,'T0816','EE',NULL,1829,'N',1829,NULL,NULL,NULL,'G','HI',48,TIMESTAMP'2021-03-15 00:00:00',TIMESTAMP'2021-03-15 00:00:00',TIMESTAMP'2025-03-14 00:00:00',NULL,NULL,NULL,'J','3',NULL,'E','N','N','N','N',NULL,'North Derry Creek',NULL,NULL,NULL,4,'BCEID\INOSUKE',TIMESTAMP'2021-01-19 07:44:27','IDIR\ERWIN',TIMESTAMP'2021-03-17 15:49:58','U','U','U','N','B9B090AE6C40645AE05332B3228EA5A5'),
    (813871,'A18672','704',NULL,1829,'C',1829,NULL,NULL,NULL,'G','HI',48,TIMESTAMP'2024-04-25 00:00:00',TIMESTAMP'2024-04-26 00:00:00',TIMESTAMP'2028-04-25 00:00:00',NULL,NULL,NULL,'A',NULL,NULL,'E','N','N','N','N',NULL,'A18672 CP 704',NULL,NULL,NULL,2,'BCEID\SHINOBU',TIMESTAMP'2024-03-15 11:37:31','IDIR\PICCOLO',TIMESTAMP'2024-04-26 14:01:17','U','U','U','N','13B84CECF265150BE06332B3228EB142'),
    (795851,'A74912','425',NULL,1829,'N',1829,NULL,NULL,NULL,'G','HI',48,TIMESTAMP'2022-01-12 00:00:00',TIMESTAMP'2022-07-12 00:00:00',TIMESTAMP'2026-07-11 00:00:00',NULL,NULL,NULL,'A','3',NULL,'E','N','N','N','N',NULL,'Fortune/Baker Creek',NULL,NULL,NULL,2,'BCEID\ZENITSU',TIMESTAMP'2021-12-17 21:30:21','IDIR\GOKU',TIMESTAMP'2022-07-11 13:22:49','U','U','U','N','D365F385D6382DFAE05332B3228EEB10'),
    (791699,'A74912','984',NULL,1829,'C',1829,NULL,NULL,NULL,'G','HI',48,TIMESTAMP'2021-11-01 12:04:18',TIMESTAMP'2021-11-01 00:00:00',TIMESTAMP'2025-10-31 00:00:00',NULL,NULL,NULL,'A','3',NULL,'E','N','N','N','N',NULL,'Reiter Creek',NULL,NULL,NULL,3,'BCEID\INOSUKE',TIMESTAMP'2021-06-29 16:45:49','IDIR\ERWIN',TIMESTAMP'2021-11-01 12:04:18','U','U','U','N','C5F1349B38345D02E05332B3228E2B09'),
    (813922,'A18672','703',NULL,1829,'C',1829,NULL,NULL,NULL,'G','HI',48,TIMESTAMP'2024-05-01 00:00:00',TIMESTAMP'2024-05-15 00:00:00',TIMESTAMP'2028-05-14 00:00:00',NULL,NULL,NULL,'A',NULL,NULL,'E','N','N','N','N',NULL,'A18672 CP 703',NULL,NULL,NULL,2,'BCEID\SHINOBU',TIMESTAMP'2024-03-19 14:37:48','IDIR\PICCOLO',TIMESTAMP'2024-05-16 15:08:32','U','U','U','N','140B4904D5005C18E06332B3228E7A65'),
    (805379,'A18667','826',NULL,1829,'C',1829,NULL,NULL,NULL,'G','HI',48,TIMESTAMP'2023-02-21 00:00:00',TIMESTAMP'2023-04-13 00:00:00',TIMESTAMP'2027-04-12 00:00:00',NULL,NULL,NULL,'A','3',NULL,'E','N','N','N','N',NULL,'A18667 CP826',NULL,NULL,NULL,2,'BCEID\NEZUKO',TIMESTAMP'2023-01-20 09:16:00','IDIR\LEVI',TIMESTAMP'2023-04-18 12:05:22','U','U','U','N','F2B634017AB506B4E05332B3228EB0EE'),
    (813515,'A18667','829',NULL,1829,'N',1829,NULL,NULL,NULL,'G','HI',48,TIMESTAMP'2024-03-14 00:00:00',TIMESTAMP'2024-04-15 00:00:00',TIMESTAMP'2028-04-14 00:00:00',NULL,NULL,NULL,'A',NULL,NULL,'E','N','N','N','N',NULL,'A18667 CP 829',NULL,NULL,NULL,2,'BCEID\SHINOBU',TIMESTAMP'2024-02-26 15:45:55','IDIR\NARUTO',TIMESTAMP'2024-04-15 11:38:44','U','U','U','N','125282B972155FC9E06332B3228EA8CC'),
    (813631,'A18672','701',NULL,1829,'C',1829,NULL,NULL,NULL,'G','HI',48,TIMESTAMP'2024-03-28 00:00:00',TIMESTAMP'2024-04-11 00:00:00',TIMESTAMP'2028-04-10 00:00:00',NULL,NULL,NULL,'A',NULL,NULL,'E','N','N','N','N',NULL,'A18672 CP 701',NULL,NULL,NULL,2,'BCEID\SHINOBU',TIMESTAMP'2024-03-04 11:49:03','IDIR\NARUTO',TIMESTAMP'2024-04-15 10:18:15','U','U','U','N','12DC047CD7FD6473E06332B3228EA568'),
    (816781,'A18667','414',NULL,1829,'C',1829,NULL,NULL,NULL,'G','HI',48,TIMESTAMP'2024-12-17 00:00:00',TIMESTAMP'2024-12-17 00:00:00',TIMESTAMP'2028-12-16 00:00:00',NULL,NULL,NULL,'A',NULL,NULL,'E','N','N','N','N',NULL,'Keefer,Trapp, Shulte',NULL,NULL,NULL,3,'BCEID\ZENITSU',TIMESTAMP'2024-11-18 11:45:45','IDIR\LEVI',TIMESTAMP'2024-12-17 14:00:13','U','U','U','N','27362997D0766CE4E06332B3228E2551'),
    (813438,'A18672','233',NULL,1829,'N',1829,NULL,NULL,NULL,'G','HI',48,TIMESTAMP'2024-03-15 00:00:00',TIMESTAMP'2024-03-19 00:00:00',TIMESTAMP'2028-03-18 00:00:00',NULL,NULL,NULL,'A',NULL,NULL,'E','N','N','N','N',NULL,'A18672 CP233',NULL,NULL,NULL,2,'BCEID\ZENITSU',TIMESTAMP'2024-02-21 14:42:28','IDIR\NARUTO',TIMESTAMP'2024-03-20 09:08:05','U','U','U','N','11ED0A8DB4391DE8E06332B3228E2E23'),
    (813872,'A18672','210',NULL,1829,'C',1829,NULL,NULL,NULL,'G','HI',48,TIMESTAMP'2024-04-04 00:00:00',TIMESTAMP'2024-05-27 00:00:00',TIMESTAMP'2028-05-26 00:00:00',NULL,NULL,NULL,'A',NULL,NULL,'E','N','N','N','N',NULL,'A18672 CP210',NULL,NULL,NULL,2,'BCEID\ZENITSU',TIMESTAMP'2024-03-15 14:02:32','IDIR\PICCOLO',TIMESTAMP'2024-05-28 09:03:24','U','U','U','N','13BA537CACFC36EFE06332B3228E7CE5'),
    (813356,'A18672','702',NULL,1829,'C',1829,NULL,NULL,NULL,'G','HI',48,TIMESTAMP'2024-03-08 00:00:00',TIMESTAMP'2024-03-13 00:00:00',TIMESTAMP'2028-03-12 00:00:00',NULL,NULL,NULL,'A',NULL,NULL,'E','N','N','N','N',NULL,'Cherry Ridge',NULL,NULL,NULL,2,'BCEID\SHINOBU',TIMESTAMP'2024-02-16 13:49:56','IDIR\LEVI',TIMESTAMP'2024-03-13 13:39:16','U','U','U','N','1187B97D183B2D2FE06332B3228EB23E'),
    (785368,'A74912','994',NULL,1829,'C',1829,NULL,NULL,NULL,'G','HI',48,TIMESTAMP'2020-12-04 09:42:36',TIMESTAMP'2020-12-04 00:00:00',TIMESTAMP'2024-12-03 00:00:00',NULL,0,NULL,'A','3',NULL,'E','N','N','N','N',NULL,'Winnifred/Wittner',NULL,NULL,NULL,3,'BCEID\INOSUKE',TIMESTAMP'2020-11-13 08:38:02','IDIR\ERWIN',TIMESTAMP'2020-12-04 09:42:36','U','U','U','N','B9B090AE6D47645AE05332B3228EA5A5'),
    (813970,'A18672','238',NULL,1829,'C',1829,NULL,NULL,NULL,'G','HI',48,TIMESTAMP'2024-04-10 00:00:00',TIMESTAMP'2024-04-18 00:00:00',TIMESTAMP'2028-04-17 00:00:00',NULL,NULL,NULL,'A',NULL,NULL,'E','N','N','N','N',NULL,'Toledo & Oleen',NULL,NULL,NULL,2,'BCEID\ZENITSU',TIMESTAMP'2024-03-21 15:32:10','IDIR\LEVI',TIMESTAMP'2024-04-24 13:59:19','U','U','U','N','1434471841E71254E06332B3228ECA3F'),
    (804563,'A18667','216',NULL,1829,'C',1829,NULL,NULL,NULL,'G','HI',48,TIMESTAMP'2023-01-11 00:00:00',TIMESTAMP'2023-01-30 00:00:00',TIMESTAMP'2027-01-29 00:00:00',NULL,NULL,NULL,'A',NULL,NULL,'E','N','N','N','N',NULL,'A18667 CP216 - Putnam',NULL,NULL,NULL,2,'BCEID\ZENITSU',TIMESTAMP'2022-12-08 14:36:34','IDIR\MUSTANG',TIMESTAMP'2023-02-07 13:02:37','U','U','U','N','EF59AB31AC825B07E05332B3228E1DB4'),
    (813104,'A18672','700',NULL,1829,'N',1829,NULL,NULL,NULL,'G','HI',48,TIMESTAMP'2024-02-23 00:00:00',TIMESTAMP'2024-03-05 00:00:00',TIMESTAMP'2028-03-04 00:00:00',NULL,NULL,NULL,'A','3',NULL,'E','N','N','N','N',NULL,'A18672 CP700',NULL,NULL,NULL,4,'BCEID\SHINOBU',TIMESTAMP'2024-02-02 13:24:03','IDIR\NARUTO',TIMESTAMP'2024-03-07 08:08:16','U','U','U','N','106DBB2FC3EB474BE06332B3228EAD9D'),
    (802266,'A18667','818',NULL,1829,'C',1829,NULL,NULL,NULL,'G','HI',48,TIMESTAMP'2022-11-08 00:00:00',TIMESTAMP'2022-11-08 00:00:00',TIMESTAMP'2026-11-07 00:00:00',NULL,NULL,NULL,'A',NULL,NULL,'E','N','N','N','N',NULL,'Hummingbird Creek',NULL,NULL,NULL,3,'BCEID\NEZUKO',TIMESTAMP'2022-10-14 09:51:41','IDIR\MIKASA',TIMESTAMP'2022-11-14 14:34:25','U','U','U','N','EB02709DD4CB1F6AE05332B3228E4938'),
    (809619,'A18667','833',NULL,1829,'C',1829,NULL,NULL,NULL,'G','HI',48,TIMESTAMP'2023-09-20 00:00:00',TIMESTAMP'2023-09-25 00:00:00',TIMESTAMP'2027-09-24 00:00:00',NULL,NULL,NULL,'A','3',NULL,'E','N','N','N','N',NULL,'Sugar - A18667 CP833',NULL,NULL,NULL,2,'BCEID\NEZUKO',TIMESTAMP'2023-09-18 09:01:41','IDIR\LEVI',TIMESTAMP'2023-09-26 11:04:44','U','U','U','N','05A541F2DAAF05A5E06332B3228E39AC'),
    (805405,'A18667','828',NULL,1829,'C',1829,NULL,NULL,NULL,'G','HI',48,TIMESTAMP'2023-02-15 00:00:00',TIMESTAMP'2023-02-15 00:00:00',TIMESTAMP'2027-02-14 00:00:00',NULL,NULL,NULL,'A','3',NULL,'E','N','N','N','N',NULL,'A18667 CP828',NULL,NULL,NULL,2,'BCEID\SHINOBU',TIMESTAMP'2023-01-20 15:17:11','IDIR\EDWARD',TIMESTAMP'2023-02-15 13:19:13','U','U','U','N','F2BB3FB588D87A4DE05332B3228EC935'),
    (813986,'A18672','327',NULL,1829,'C',1829,NULL,NULL,NULL,'G','HI',48,TIMESTAMP'2024-04-18 00:00:00',TIMESTAMP'2024-04-24 00:00:00',TIMESTAMP'2028-04-23 00:00:00',NULL,NULL,NULL,'A',NULL,NULL,'E','N','N','N','N',NULL,'575 Main',NULL,NULL,NULL,2,'BCEID\ZENITSU',TIMESTAMP'2024-03-22 11:14:29','IDIR\LEVI',TIMESTAMP'2024-04-25 09:46:37','U','U','U','N','1444CB67E7B62296E06332B3228EA217');

INSERT INTO HARVESTING_HAULING_XREF (HVA_SKEY,TIMBER_MARK,PRIMARY_MARK_IND,REVISION_COUNT,ENTRY_USERID,ENTRY_TIMESTAMP,UPDATE_USERID,UPDATE_TIMESTAMP) VALUES
    (787386,'TAXBEE','Y',0,'BCEID\INOSUKE',TIMESTAMP'2021-01-19 07:44:27','BCEID\INOSUKE',TIMESTAMP'2021-01-19 07:44:27'),
    (813871,'ER9704','Y',0,'BCEID\SHINOBU',TIMESTAMP'2024-03-15 11:37:31','BCEID\SHINOBU',TIMESTAMP'2024-03-15 11:37:31'),
    (795851,'BJ6425','Y',0,'BCEID\ZENITSU',TIMESTAMP'2021-12-17 21:30:21','BCEID\ZENITSU',TIMESTAMP'2021-12-17 21:30:21'),
    (791699,'BJ6984','Y',0,'BCEID\INOSUKE',TIMESTAMP'2021-06-29 16:45:50','BCEID\INOSUKE',TIMESTAMP'2021-06-29 16:45:50'),
    (813922,'ER9703','Y',0,'BCEID\SHINOBU',TIMESTAMP'2024-03-19 14:37:48','BCEID\SHINOBU',TIMESTAMP'2024-03-19 14:37:48'),
    (805379,'ER4826','Y',0,'BCEID\NEZUKO',TIMESTAMP'2023-01-20 09:16:00','BCEID\NEZUKO',TIMESTAMP'2023-01-20 09:16:00'),
    (813515,'ER4829','Y',0,'BCEID\SHINOBU',TIMESTAMP'2024-02-26 15:45:55','BCEID\SHINOBU',TIMESTAMP'2024-02-26 15:45:55'),
    (813631,'ER9701','Y',0,'BCEID\SHINOBU',TIMESTAMP'2024-03-04 11:49:03','BCEID\SHINOBU',TIMESTAMP'2024-03-04 11:49:03'),
    (816781,'ER4414','Y',0,'BCEID\ZENITSU',TIMESTAMP'2024-11-18 11:45:45','BCEID\ZENITSU',TIMESTAMP'2024-11-18 11:45:45'),
    (813438,'ER9233','Y',0,'BCEID\ZENITSU',TIMESTAMP'2024-02-21 14:42:28','BCEID\ZENITSU',TIMESTAMP'2024-02-21 14:42:28'),
    (813872,'ER9210','Y',0,'BCEID\ZENITSU',TIMESTAMP'2024-03-15 14:02:32','BCEID\ZENITSU',TIMESTAMP'2024-03-15 14:02:32'),
    (813356,'ER9702','Y',0,'BCEID\SHINOBU',TIMESTAMP'2024-02-16 13:49:56','BCEID\SHINOBU',TIMESTAMP'2024-02-16 13:49:56'),
    (785368,'BJ6994','Y',0,'BCEID\INOSUKE',TIMESTAMP'2020-11-13 08:38:02','BCEID\INOSUKE',TIMESTAMP'2020-11-13 08:38:02'),
    (813970,'ER9238','Y',0,'BCEID\ZENITSU',TIMESTAMP'2024-03-21 15:32:10','BCEID\ZENITSU',TIMESTAMP'2024-03-21 15:32:10'),
    (804563,'ER4216','Y',0,'BCEID\ZENITSU',TIMESTAMP'2022-12-08 14:36:34','BCEID\ZENITSU',TIMESTAMP'2022-12-08 14:36:34'),
    (813104,'ER9700','Y',0,'BCEID\SHINOBU',TIMESTAMP'2024-02-02 13:24:03','BCEID\SHINOBU',TIMESTAMP'2024-02-02 13:24:03'),
    (802266,'ER4818','Y',0,'BCEID\NEZUKO',TIMESTAMP'2022-10-14 09:51:42','BCEID\NEZUKO',TIMESTAMP'2022-10-14 09:51:42'),
    (809619,'ER4833','Y',0,'BCEID\NEZUKO',TIMESTAMP'2023-09-18 09:01:41','BCEID\NEZUKO',TIMESTAMP'2023-09-18 09:01:41'),
    (805405,'ER4828','Y',0,'BCEID\SHINOBU',TIMESTAMP'2023-01-20 15:17:11','BCEID\SHINOBU',TIMESTAMP'2023-01-20 15:17:11'),
    (813986,'ER9327','Y',0,'BCEID\ZENITSU',TIMESTAMP'2024-03-22 11:14:29','BCEID\ZENITSU',TIMESTAMP'2024-03-22 11:14:29');

INSERT INTO CUT_BLOCK (CB_SKEY,HVA_SKEY,FOREST_FILE_ID,CUTTING_PERMIT_ID,TIMBER_MARK,CUT_BLOCK_ID,SP_EXEMPT_IND,BLOCK_STATUS_DATE,CUT_BLOCK_DESCRIPTION,CUT_REGULATION_CODE,BLOCK_STATUS_ST,REFOREST_DECLARE_TYPE_CODE,REVISION_COUNT,ENTRY_USERID,ENTRY_TIMESTAMP,UPDATE_USERID,UPDATE_TIMESTAMP,IS_WASTE_ASSESSMENT_REQUIRED,CUT_BLOCK_GUID,FIRE_HARVESTING_REASON_CODE,IS_UNDER_PARTITION_ORDER,REPORTED_FIRE_DATE) VALUES
    (794191,785368,'A74912','994','BJ6994','LV2399','N',TIMESTAMP'2024-10-11 11:06:25','A74912 CP994',NULL,'LC',NULL,2,'BCEID\INOSUKE',TIMESTAMP'2020-11-13 08:38:03','BCEID\GIYU',TIMESTAMP'2024-10-11 11:06:25','Y','B9B090A31926645AE05332B3228EA5A5',NULL,NULL,NULL),
    (797122,787386,'T0816','EE','TAXBEE','AT6008','N',TIMESTAMP'2025-01-16 14:14:57','T0816 CPEE',NULL,'LC',NULL,2,'BCEID\INOSUKE',TIMESTAMP'2021-01-19 07:44:27','BCEID\GIYU',TIMESTAMP'2025-01-16 14:14:57','Y','B9B090A31245645AE05332B3228EA5A5',NULL,NULL,NULL),
    (803233,791699,'A74912','984','BJ6984','LL3069','N',TIMESTAMP'2025-02-05 11:41:16',NULL,NULL,'LC',NULL,2,'BCEID\INOSUKE',TIMESTAMP'2021-06-29 16:45:50','BCEID\GIYU',TIMESTAMP'2025-02-05 11:41:16','Y','C5F1349B38385D02E05332B3228E2B09',NULL,NULL,NULL),
    (809164,795851,'A74912','425','BJ6425','LV4295','N',TIMESTAMP'2024-11-26 15:53:20',NULL,NULL,'LC',NULL,2,'BCEID\ZENITSU',TIMESTAMP'2021-12-17 21:30:21','BCEID\GIYU',TIMESTAMP'2024-11-26 15:53:20','Y','D365F385D6422DFAE05332B3228EEB10',NULL,NULL,NULL),
    (820775,802266,'A18667','818','ER4818','LV5198','N',TIMESTAMP'2025-02-12 09:05:36',NULL,NULL,'LC',NULL,2,'BCEID\NEZUKO',TIMESTAMP'2022-10-14 09:51:42','BCEID\GIYU',TIMESTAMP'2025-02-12 09:05:36','Y','EB02709DD4CD1F6AE05332B3228E4938',NULL,NULL,NULL),
    (820778,802266,'A18667','818','ER4818','LV5400','N',TIMESTAMP'2025-02-11 14:11:24',NULL,NULL,'LC',NULL,2,'BCEID\NEZUKO',TIMESTAMP'2022-10-14 09:51:42','BCEID\GIYU',TIMESTAMP'2025-02-11 14:11:24','Y','EB02709DD4D31F6AE05332B3228E4938',NULL,NULL,NULL),
    (823558,804563,'A18667','216','ER4216','LV4333','N',TIMESTAMP'2023-02-07 12:58:27',NULL,NULL,'HB',NULL,1,'BCEID\ZENITSU',TIMESTAMP'2022-12-08 14:36:35','SCL\TITAN_WORKFLOW',TIMESTAMP'2023-02-07 12:58:27','Y','EF59AB31AC865B07E05332B3228E1DB4',NULL,NULL,NULL),
    (823563,804563,'A18667','216','ER4216','LV4334','N',TIMESTAMP'2024-10-11 08:57:09',NULL,NULL,'LC',NULL,2,'BCEID\ZENITSU',TIMESTAMP'2022-12-08 14:36:35','BCEID\GIYU',TIMESTAMP'2024-10-11 08:57:09','Y','EF59AB31AC905B07E05332B3228E1DB4',NULL,NULL,NULL),
    (823565,804563,'A18667','216','ER4216','LV4335','N',TIMESTAMP'2024-12-13 15:54:28',NULL,NULL,'LC',NULL,2,'BCEID\ZENITSU',TIMESTAMP'2022-12-08 14:36:35','BCEID\GIYU',TIMESTAMP'2024-12-13 15:54:28','Y','EF59AB31AC945B07E05332B3228E1DB4',NULL,NULL,NULL),
    (824899,805379,'A18667','826','ER4826','LL3108','N',TIMESTAMP'2025-02-11 11:26:41',NULL,NULL,'LC',NULL,2,'BCEID\NEZUKO',TIMESTAMP'2023-01-20 09:16:00','BCEID\GIYU',TIMESTAMP'2025-02-11 11:26:41','Y','F2B634017AB706B4E05332B3228EB0EE',NULL,NULL,NULL),
    (824900,805379,'A18667','826','ER4826','LL3109','N',TIMESTAMP'2025-02-26 15:54:48',NULL,NULL,'LC',NULL,2,'BCEID\NEZUKO',TIMESTAMP'2023-01-20 09:16:00','BCEID\GIYU',TIMESTAMP'2025-02-26 15:54:48','Y','F2B634017AB906B4E05332B3228EB0EE',NULL,NULL,NULL),
    (824901,805379,'A18667','826','ER4826','LL3126','N',TIMESTAMP'2025-01-02 11:29:15',NULL,NULL,'LC',NULL,2,'BCEID\NEZUKO',TIMESTAMP'2023-01-20 09:16:00','BCEID\GIYU',TIMESTAMP'2025-01-02 11:29:15','Y','F2B634017ABB06B4E05332B3228EB0EE',NULL,NULL,NULL),
    (824959,805405,'A18667','828','ER4828','AV4102','N',TIMESTAMP'2025-01-31 11:29:08',NULL,NULL,'LC',NULL,2,'BCEID\SHINOBU',TIMESTAMP'2023-01-20 15:17:11','BCEID\GIYU',TIMESTAMP'2025-01-31 11:29:08','Y','F2BB3FB588DE7A4DE05332B3228EC935',NULL,NULL,NULL),
    (832055,809619,'A18667','833','ER4833','LV3171','N',TIMESTAMP'2025-02-27 09:03:09',NULL,NULL,'LC',NULL,2,'BCEID\NEZUKO',TIMESTAMP'2023-09-18 09:01:42','BCEID\GIYU',TIMESTAMP'2025-02-27 09:03:09','Y','05A541F2DAB105A5E06332B3228E39AC',NULL,NULL,NULL),
    (832056,809619,'A18667','833','ER4833','LL7046','N',TIMESTAMP'2024-11-26 15:05:48',NULL,NULL,'LC',NULL,2,'BCEID\NEZUKO',TIMESTAMP'2023-09-18 09:01:42','BCEID\GIYU',TIMESTAMP'2024-11-26 15:05:48','Y','05A541F2DAB305A5E06332B3228E39AC',NULL,NULL,NULL),
    (832060,809619,'A18667','833','ER4833','LL3018','N',TIMESTAMP'2025-02-13 15:51:56',NULL,NULL,'LC',NULL,2,'BCEID\NEZUKO',TIMESTAMP'2023-09-18 09:01:42','BCEID\GIYU',TIMESTAMP'2025-02-13 15:51:56','Y','05A541F2DABB05A5E06332B3228E39AC',NULL,NULL,NULL),
    (840035,813104,'A18672','700','ER9700','LL3095','N',TIMESTAMP'2025-02-26 14:50:38',NULL,NULL,'LC',NULL,2,'BCEID\SHINOBU',TIMESTAMP'2024-02-02 13:24:03','BCEID\GIYU',TIMESTAMP'2025-02-26 14:50:38','Y','106DBB2FC3ED474BE06332B3228EAD9D',NULL,NULL,NULL),
    (840036,813104,'A18672','700','ER9700','LL7081','N',TIMESTAMP'2025-01-02 14:16:48',NULL,NULL,'LC',NULL,2,'BCEID\SHINOBU',TIMESTAMP'2024-02-02 13:24:04','BCEID\GIYU',TIMESTAMP'2025-01-02 14:16:48','Y','106DBB2FC3EF474BE06332B3228EAD9D',NULL,NULL,NULL),
    (840475,813356,'A18672','702','ER9702','LL3130','N',TIMESTAMP'2025-01-20 14:09:19',NULL,NULL,'LC',NULL,2,'BCEID\SHINOBU',TIMESTAMP'2024-02-16 13:49:56','BCEID\GIYU',TIMESTAMP'2025-01-20 14:09:19','Y','1187B97D183F2D2FE06332B3228EB23E',NULL,NULL,NULL),
    (840626,813438,'A18672','233','ER9233','LV4342','N',TIMESTAMP'2025-02-13 15:03:48',NULL,NULL,'LC',NULL,2,'BCEID\ZENITSU',TIMESTAMP'2024-02-21 14:42:28','BCEID\GIYU',TIMESTAMP'2025-02-13 15:03:48','Y','11ED0A8DB43B1DE8E06332B3228E2E23',NULL,NULL,NULL);
INSERT INTO CUT_BLOCK (CB_SKEY,HVA_SKEY,FOREST_FILE_ID,CUTTING_PERMIT_ID,TIMBER_MARK,CUT_BLOCK_ID,SP_EXEMPT_IND,BLOCK_STATUS_DATE,CUT_BLOCK_DESCRIPTION,CUT_REGULATION_CODE,BLOCK_STATUS_ST,REFOREST_DECLARE_TYPE_CODE,REVISION_COUNT,ENTRY_USERID,ENTRY_TIMESTAMP,UPDATE_USERID,UPDATE_TIMESTAMP,IS_WASTE_ASSESSMENT_REQUIRED,CUT_BLOCK_GUID,FIRE_HARVESTING_REASON_CODE,IS_UNDER_PARTITION_ORDER,REPORTED_FIRE_DATE) VALUES
    (840627,813438,'A18672','233','ER9233','LV4343','N',TIMESTAMP'2025-02-13 14:30:35',NULL,NULL,'LC',NULL,2,'BCEID\ZENITSU',TIMESTAMP'2024-02-21 14:42:28','BCEID\GIYU',TIMESTAMP'2025-02-13 14:30:35','Y','11ED0A8DB43D1DE8E06332B3228E2E23',NULL,NULL,NULL),
    (840630,813438,'A18672','233','ER9233','LV4276','N',TIMESTAMP'2025-01-14 11:58:53',NULL,NULL,'LC',NULL,2,'BCEID\ZENITSU',TIMESTAMP'2024-02-21 14:42:28','BCEID\GIYU',TIMESTAMP'2025-01-14 11:58:53','Y','11ED0A8DB4431DE8E06332B3228E2E23',NULL,NULL,NULL),
    (840975,813515,'A18667','829','ER4829','AV4127','N',TIMESTAMP'2025-01-09 13:07:24',NULL,NULL,'LC',NULL,2,'BCEID\SHINOBU',TIMESTAMP'2024-02-26 15:45:56','BCEID\GIYU',TIMESTAMP'2025-01-09 13:07:24','Y','125282B9721B5FC9E06332B3228EA8CC',NULL,NULL,NULL),
    (840977,813515,'A18667','829','ER4829','AV4119','N',TIMESTAMP'2024-11-07 12:20:17',NULL,NULL,'LC',NULL,2,'BCEID\SHINOBU',TIMESTAMP'2024-02-26 15:45:56','BCEID\GIYU',TIMESTAMP'2024-11-07 12:20:17','Y','125282B9721F5FC9E06332B3228EA8CC',NULL,NULL,NULL),
    (840978,813515,'A18667','829','ER4829','AV4118','N',TIMESTAMP'2024-11-07 11:33:58',NULL,NULL,'LC',NULL,2,'BCEID\SHINOBU',TIMESTAMP'2024-02-26 15:45:56','BCEID\GIYU',TIMESTAMP'2024-11-07 11:33:58','Y','125282B972215FC9E06332B3228EA8CC',NULL,NULL,NULL),
    (841275,813631,'A18672','701','ER9701','LL3122','N',TIMESTAMP'2025-01-06 12:22:56',NULL,NULL,'LC',NULL,2,'BCEID\SHINOBU',TIMESTAMP'2024-03-04 11:49:03','BCEID\GIYU',TIMESTAMP'2025-01-06 12:22:56','Y','12DC047CD8016473E06332B3228EA568',NULL,NULL,NULL),
    (841955,813871,'A18672','704','ER9704','LL9156','N',TIMESTAMP'2025-04-02 12:19:35',NULL,NULL,'LC',NULL,2,'BCEID\SHINOBU',TIMESTAMP'2024-03-15 11:37:31','BCEID\GIYU',TIMESTAMP'2025-04-02 12:19:35','Y','13B84CECF267150BE06332B3228EB142',NULL,NULL,NULL),
    (841956,813871,'A18672','704','ER9704','LL9149','N',TIMESTAMP'2025-03-17 14:19:58',NULL,NULL,'LC',NULL,2,'BCEID\SHINOBU',TIMESTAMP'2024-03-15 11:37:31','BCEID\GIYU',TIMESTAMP'2025-03-17 14:19:58','Y','13B84CECF269150BE06332B3228EB142',NULL,NULL,NULL),
    (841957,813872,'A18672','210','ER9210','LV4285','N',TIMESTAMP'2024-12-04 12:28:22',NULL,NULL,'LC',NULL,2,'BCEID\ZENITSU',TIMESTAMP'2024-03-15 14:02:32','BCEID\GIYU',TIMESTAMP'2024-12-04 12:28:22','Y','13BA537CACFE36EFE06332B3228E7CE5',NULL,NULL,NULL),
    (842129,813922,'A18672','703','ER9703','LV2471','N',TIMESTAMP'2025-04-03 14:41:31',NULL,NULL,'LC',NULL,2,'BCEID\SHINOBU',TIMESTAMP'2024-03-19 14:37:48','BCEID\GIYU',TIMESTAMP'2025-04-03 14:41:31','Y','140B4904D5025C18E06332B3228E7A65',NULL,NULL,NULL),
    (842130,813922,'A18672','703','ER9703','LV2472','N',TIMESTAMP'2025-04-03 12:49:50',NULL,NULL,'LC',NULL,2,'BCEID\SHINOBU',TIMESTAMP'2024-03-19 14:37:48','BCEID\GIYU',TIMESTAMP'2025-04-03 12:49:50','Y','140B4904D5045C18E06332B3228E7A65',NULL,NULL,NULL),
    (842313,813970,'A18672','238','ER9238','LV4083','N',TIMESTAMP'2025-01-17 11:43:53',NULL,NULL,'LC',NULL,2,'BCEID\ZENITSU',TIMESTAMP'2024-03-21 15:32:10','BCEID\GIYU',TIMESTAMP'2025-01-17 11:43:53','Y','1434471841E91254E06332B3228ECA3F',NULL,NULL,NULL),
    (842315,813970,'A18672','238','ER9238','LV4382','N',TIMESTAMP'2025-02-11 15:34:01',NULL,NULL,'LC',NULL,2,'BCEID\ZENITSU',TIMESTAMP'2024-03-21 15:32:10','BCEID\GIYU',TIMESTAMP'2025-02-11 15:34:01','Y','1434471841ED1254E06332B3228ECA3F',NULL,NULL,NULL),
    (842316,813970,'A18672','238','ER9238','LV4381','N',TIMESTAMP'2025-02-11 14:58:38',NULL,NULL,'LC',NULL,2,'BCEID\ZENITSU',TIMESTAMP'2024-03-21 15:32:10','BCEID\GIYU',TIMESTAMP'2025-02-11 14:58:38','Y','1434471841EF1254E06332B3228ECA3F',NULL,NULL,NULL),
    (842376,813986,'A18672','327','ER9327','LV4353','N',TIMESTAMP'2024-11-13 14:21:19',NULL,NULL,'LC',NULL,2,'BCEID\ZENITSU',TIMESTAMP'2024-03-22 11:14:29','BCEID\GIYU',TIMESTAMP'2024-11-13 14:21:19','Y','1444CB67E7B82296E06332B3228EA217',NULL,NULL,NULL),
    (842377,813986,'A18672','327','ER9327','LV4397','N',TIMESTAMP'2024-12-12 13:52:43',NULL,NULL,'LC',NULL,2,'BCEID\ZENITSU',TIMESTAMP'2024-03-22 11:14:29','BCEID\GIYU',TIMESTAMP'2024-12-12 13:52:43','Y','1444CB67E7BA2296E06332B3228EA217',NULL,NULL,NULL),
    (849783,816781,'A18667','414','ER4414','LL9153','N',TIMESTAMP'2025-02-18 11:02:02',NULL,NULL,'LC',NULL,2,'BCEID\ZENITSU',TIMESTAMP'2024-11-18 11:45:46','BCEID\GIYU',TIMESTAMP'2025-02-18 11:02:02','Y','27362997D07A6CE4E06332B3228E2551',NULL,NULL,NULL),
    (849784,816781,'A18667','414','ER4414','LL9076','N',TIMESTAMP'2025-03-03 11:52:42',NULL,NULL,'LC',NULL,2,'BCEID\ZENITSU',TIMESTAMP'2024-11-18 11:45:46','BCEID\GIYU',TIMESTAMP'2025-03-03 11:52:42','Y','27362997D07C6CE4E06332B3228E2551',NULL,NULL,NULL),
    (849785,816781,'A18667','414','ER4414','LL9135','N',TIMESTAMP'2025-04-07 13:33:56',NULL,NULL,'LC',NULL,2,'BCEID\ZENITSU',TIMESTAMP'2024-11-18 11:45:46','BCEID\GIYU',TIMESTAMP'2025-04-07 13:33:56','Y','27362997D07E6CE4E06332B3228E2551',NULL,NULL,NULL),
    (849786,816781,'A18667','414','ER4414','LL9136','N',TIMESTAMP'2025-03-18 15:18:03',NULL,NULL,'LC',NULL,2,'BCEID\ZENITSU',TIMESTAMP'2024-11-18 11:45:46','BCEID\GIYU',TIMESTAMP'2025-03-18 15:18:03','Y','27362997D0806CE4E06332B3228E2551',NULL,NULL,NULL);
