-- 36834

INSERT INTO PROV_FOREST_USE (FOREST_FILE_ID,FILE_STATUS_ST,FILE_STATUS_DATE,FILE_TYPE_CODE,FOREST_REGION,BCTS_ORG_UNIT,SB_FUNDED_IND,DISTRICT_ADMIN_ZONE,MGMT_UNIT_TYPE,MGMT_UNIT_ID,REVISION_COUNT,ENTRY_USERID,ENTRY_TIMESTAMP,UPDATE_USERID,UPDATE_TIMESTAMP,FOREST_TENURE_GUID) VALUES
	('W1940','HI',TIMESTAMP'2009-01-09 00:00:00','A04',1828,NULL,'N',NULL,'F',NULL,7,'IDIR\BMO',TIMESTAMP'2004-10-12 14:34:46','IDIR\PBUBBLEGUM',TIMESTAMP'2024-10-09 13:55:18','B994A7AB290D2408E05332B3228E5273');

INSERT INTO HAULING_AUTHORITY (TIMBER_MARK,FOREST_FILE_ID,MARKING_METHOD_CODE,MARKING_INSTRUMENT_CODE,REVISION_COUNT,ENTRY_TIMESTAMP,UPDATE_USERID,UPDATE_TIMESTAMP,ENTRY_USERID,HAULING_AUTHORITY_GUID) VALUES
	('WBMJEA','W1940','S','H',2,TIMESTAMP'2022-06-02 15:50:31','IDIR\BMO',TIMESTAMP'2023-01-16 10:10:47','BCEID\PBUBBLEGUM','E07FD5234FD4725BE05332B3228EC7EA');

INSERT INTO HARVESTING_AUTHORITY (HVA_SKEY,FOREST_FILE_ID,CUTTING_PERMIT_ID,HARVESTING_AUTHORITY_ID,FOREST_DISTRICT,DISTRICT_ADMN_ZONE,GEOGRAPHIC_DISTRICT,MGMT_UNIT_ID,MGMT_UNIT_TYPE_CODE,LICENCE_TO_CUT_CODE,HARVEST_TYPE_CODE,HARVEST_AUTH_STATUS_CODE,TENURE_TERM,STATUS_DATE,ISSUE_DATE,EXPIRY_DATE,EXTEND_DATE,EXTEND_COUNT,HARVEST_AUTH_EXTEND_REAS_CODE,QUOTA_TYPE_CODE,CROWN_LANDS_REGION_CODE,SALVAGE_TYPE_CODE,CASCADE_SPLIT_CODE,CATASTROPHIC_IND,CROWN_GRANTED_IND,CRUISE_BASED_IND,DECIDUOUS_IND,BCAA_FOLIO_NUMBER,LOCATION,HIGHER_LEVEL_PLAN_REFERENCE,HARVEST_AREA,RETIREMENT_DATE,REVISION_COUNT,ENTRY_USERID,ENTRY_TIMESTAMP,UPDATE_USERID,UPDATE_TIMESTAMP,IS_WASTE_ASSESSMENT_REQUIRED,IS_CP_EXTENSN_APPL_FEE_WAIVED,IS_CP_EXTENSION_APPL_FEE_PAID,IS_WITHIN_FIBRE_RECOVERY_ZONE,HARVESTING_AUTHORITY_GUID) VALUES
	(798704,'W1940','EA',NULL,43,'C&E',43,NULL,'F',NULL,'G','HI',48,TIMESTAMP'2023-01-13 00:00:00',TIMESTAMP'2023-01-13 00:00:00',TIMESTAMP'2027-01-12 00:00:00',NULL,NULL,NULL,'A','1','SSS','W','N','N','N','N',NULL,'Brown''s Bay   1CP',NULL,NULL,NULL,3,'BCEID\PBUBBLEGUM',TIMESTAMP'2022-06-02 15:50:31','IDIR\FINNHERO',TIMESTAMP'2023-01-16 10:10:47','U','U','U','N','E07FD5234FD0725BE05332B3228EC7EA');

INSERT INTO HARVESTING_HAULING_XREF (HVA_SKEY,TIMBER_MARK,PRIMARY_MARK_IND,REVISION_COUNT,ENTRY_USERID,ENTRY_TIMESTAMP,UPDATE_USERID,UPDATE_TIMESTAMP) VALUES
	(798704,'WBMJEA','Y',0,'BCEID\ICEKING',TIMESTAMP'2022-06-02 15:50:31','BCEID\PBUBBLEGUM',TIMESTAMP'2022-06-02 15:50:31');

INSERT INTO CUT_BLOCK (CB_SKEY,HVA_SKEY,FOREST_FILE_ID,CUTTING_PERMIT_ID,TIMBER_MARK,CUT_BLOCK_ID,SP_EXEMPT_IND,BLOCK_STATUS_DATE,CUT_BLOCK_DESCRIPTION,CUT_REGULATION_CODE,BLOCK_STATUS_ST,REFOREST_DECLARE_TYPE_CODE,REVISION_COUNT,ENTRY_USERID,ENTRY_TIMESTAMP,UPDATE_USERID,UPDATE_TIMESTAMP,IS_WASTE_ASSESSMENT_REQUIRED,CUT_BLOCK_GUID,FIRE_HARVESTING_REASON_CODE,IS_UNDER_PARTITION_ORDER,REPORTED_FIRE_DATE) VALUES
	(853008,798704,'W1940','EA','WBMJEA','26','N',TIMESTAMP'2025-03-18 00:00:00','W1940 CPEA  1 CP   CB 36  Gross:  16.9   NAR:  15.48ha.',NULL,'HB',NULL,1,'IDIR\ROBIN',TIMESTAMP'2025-03-18 10:39:28','IDIR\FINNHERO',TIMESTAMP'2025-03-18 10:39:36','Y','30A262EFEDF442A1E06332B3228EC1C0',NULL,NULL,NULL);

-- 34752

INSERT INTO CUT_BLOCK (CB_SKEY,HVA_SKEY,FOREST_FILE_ID,CUTTING_PERMIT_ID,TIMBER_MARK,CUT_BLOCK_ID,SP_EXEMPT_IND,BLOCK_STATUS_DATE,CUT_BLOCK_DESCRIPTION,CUT_REGULATION_CODE,BLOCK_STATUS_ST,REFOREST_DECLARE_TYPE_CODE,REVISION_COUNT,ENTRY_USERID,ENTRY_TIMESTAMP,UPDATE_USERID,UPDATE_TIMESTAMP,IS_WASTE_ASSESSMENT_REQUIRED,CUT_BLOCK_GUID,FIRE_HARVESTING_REASON_CODE,IS_UNDER_PARTITION_ORDER,REPORTED_FIRE_DATE) VALUES
	(842464,798704,'W1940','EA','WBMJEA','23','N',TIMESTAMP'2025-05-13 15:05:59','W1940 CPEA  1 CP   & Name change to Blk 23. Dates are correct.',NULL,'LC',NULL,6,'IDIR\ROBIN',TIMESTAMP'2024-03-25 12:50:23','BCEID\BMO',TIMESTAMP'2025-05-13 15:05:59','Y','14827BF4C25A7A5DE06332B3228E7CD9',NULL,NULL,NULL);

-- 2131

INSERT INTO PROV_FOREST_USE (FOREST_FILE_ID,FILE_STATUS_ST,FILE_STATUS_DATE,FILE_TYPE_CODE,FOREST_REGION,BCTS_ORG_UNIT,SB_FUNDED_IND,DISTRICT_ADMIN_ZONE,MGMT_UNIT_TYPE,MGMT_UNIT_ID,REVISION_COUNT,ENTRY_USERID,ENTRY_TIMESTAMP,UPDATE_USERID,UPDATE_TIMESTAMP,FOREST_TENURE_GUID) VALUES
	('A58209','HC',TIMESTAMP'2006-06-21 00:00:00','B20',18,15,'Y',NULL,'U','39',11,'IDIR\FRANKY',TIMESTAMP'1998-01-07 10:05:36','IDIR\TREE_TRUNKS',TIMESTAMP'2016-04-01 13:56:48','B994A7A77A3E2408E05332B3228E5273');

INSERT INTO HAULING_AUTHORITY (TIMBER_MARK,FOREST_FILE_ID,MARKING_METHOD_CODE,MARKING_INSTRUMENT_CODE,REVISION_COUNT,ENTRY_TIMESTAMP,UPDATE_USERID,UPDATE_TIMESTAMP,ENTRY_USERID,HAULING_AUTHORITY_GUID) VALUES
	('58209','A58209','S','H',6,TIMESTAMP'2004-10-05 11:15:23','IDIR\BUBBLEGUM',TIMESTAMP'2006-06-21 14:40:29','IDIR\BROOK','B994A76C79032408E05332B3228E5273');

INSERT INTO HARVESTING_AUTHORITY (HVA_SKEY,FOREST_FILE_ID,CUTTING_PERMIT_ID,HARVESTING_AUTHORITY_ID,FOREST_DISTRICT,DISTRICT_ADMN_ZONE,GEOGRAPHIC_DISTRICT,MGMT_UNIT_ID,MGMT_UNIT_TYPE_CODE,LICENCE_TO_CUT_CODE,HARVEST_TYPE_CODE,HARVEST_AUTH_STATUS_CODE,TENURE_TERM,STATUS_DATE,ISSUE_DATE,EXPIRY_DATE,EXTEND_DATE,EXTEND_COUNT,HARVEST_AUTH_EXTEND_REAS_CODE,QUOTA_TYPE_CODE,CROWN_LANDS_REGION_CODE,SALVAGE_TYPE_CODE,CASCADE_SPLIT_CODE,CATASTROPHIC_IND,CROWN_GRANTED_IND,CRUISE_BASED_IND,DECIDUOUS_IND,BCAA_FOLIO_NUMBER,LOCATION,HIGHER_LEVEL_PLAN_REFERENCE,HARVEST_AREA,RETIREMENT_DATE,REVISION_COUNT,ENTRY_USERID,ENTRY_TIMESTAMP,UPDATE_USERID,UPDATE_TIMESTAMP,IS_WASTE_ASSESSMENT_REQUIRED,IS_CP_EXTENSN_APPL_FEE_WAIVED,IS_CP_EXTENSION_APPL_FEE_PAID,IS_WITHIN_FIBRE_RECOVERY_ZONE,HARVESTING_AUTHORITY_GUID) VALUES
	(38694,'A58209',NULL,NULL,27,'PR',27,'39','U',NULL,'G','HC',12,TIMESTAMP'2006-06-21 00:00:00',TIMESTAMP'2004-12-23 00:00:00',TIMESTAMP'2005-12-22 00:00:00',NULL,0,NULL,'D','1',NULL,'W','N','N','N','N',NULL,'G051',NULL,NULL,TIMESTAMP'2006-08-11 00:00:00',8,'IDIR\BROOK',TIMESTAMP'2004-10-05 11:15:23','DATAFIX_06072007_134C',TIMESTAMP'2007-07-11 11:18:14','U','U','U','U','B9B090AB62F9645AE05332B3228EA5A5');

INSERT INTO HARVESTING_HAULING_XREF (HVA_SKEY,TIMBER_MARK,PRIMARY_MARK_IND,REVISION_COUNT,ENTRY_USERID,ENTRY_TIMESTAMP,UPDATE_USERID,UPDATE_TIMESTAMP) VALUES
	(38694,'58209','Y',6,'IDIR\BROOK',TIMESTAMP'2004-10-05 11:15:23','IDIR\BUBBLEGUM',TIMESTAMP'2006-06-21 14:40:29');

INSERT INTO CUT_BLOCK (CB_SKEY,HVA_SKEY,FOREST_FILE_ID,CUTTING_PERMIT_ID,TIMBER_MARK,CUT_BLOCK_ID,SP_EXEMPT_IND,BLOCK_STATUS_DATE,CUT_BLOCK_DESCRIPTION,CUT_REGULATION_CODE,BLOCK_STATUS_ST,REFOREST_DECLARE_TYPE_CODE,REVISION_COUNT,ENTRY_USERID,ENTRY_TIMESTAMP,UPDATE_USERID,UPDATE_TIMESTAMP,IS_WASTE_ASSESSMENT_REQUIRED,CUT_BLOCK_GUID,FIRE_HARVESTING_REASON_CODE,IS_UNDER_PARTITION_ORDER,REPORTED_FIRE_DATE) VALUES
	(37424,38694,'A58209',' ','58209','G051C0TL','N',TIMESTAMP'2006-05-22 16:39:19','G051',NULL,'S',NULL,4,'IDIR\BROOK',TIMESTAMP'2004-10-05 11:15:23','IDIR\MARCELINE',TIMESTAMP'2008-10-10 16:22:23','U','B9B0909E6C43645AE05332B3228EA5A5',NULL,NULL,NULL);

-- 2258

INSERT INTO PROV_FOREST_USE (FOREST_FILE_ID,FILE_STATUS_ST,FILE_STATUS_DATE,FILE_TYPE_CODE,FOREST_REGION,BCTS_ORG_UNIT,SB_FUNDED_IND,DISTRICT_ADMIN_ZONE,MGMT_UNIT_TYPE,MGMT_UNIT_ID,REVISION_COUNT,ENTRY_USERID,ENTRY_TIMESTAMP,UPDATE_USERID,UPDATE_TIMESTAMP,FOREST_TENURE_GUID) VALUES
	('A19220','HI',TIMESTAMP'1982-10-30 00:00:00','A01',21,NULL,'N',NULL,'U','39',9,'IDIR\JINBE',TIMESTAMP'1991-07-12 19:00:00','IDIR\FLAMEPRINCE',TIMESTAMP'2024-10-09 10:05:05','B994A7A71EC92408E05332B3228E5273'),
	('R01689','HI',TIMESTAMP'2013-07-15 14:45:00','B01',1824,NULL,'N','RS','U','39',74,'IDIR\MARCELINE',TIMESTAMP'1992-05-26 12:23:50','IDIR\BMO',TIMESTAMP'2013-07-15 14:45:00','B994A7AA64F32408E05332B3228E5273');

INSERT INTO HAULING_AUTHORITY (TIMBER_MARK,FOREST_FILE_ID,MARKING_METHOD_CODE,MARKING_INSTRUMENT_CODE,REVISION_COUNT,ENTRY_TIMESTAMP,UPDATE_USERID,UPDATE_TIMESTAMP,ENTRY_USERID,HAULING_AUTHORITY_GUID) VALUES
	('EB5174','A19220','1','H',4,TIMESTAMP'2004-12-03 15:15:37','IDIR\LUMPYSPACE',TIMESTAMP'2009-03-27 10:42:32','IDIR\HANCOCK','B994A76D79A72408E05332B3228E5273'),
	('EB5175','A19220','1','H',4,TIMESTAMP'2005-02-09 12:45:26','IDIR\LUMPYSPACE',TIMESTAMP'2009-03-27 10:43:32','IDIR\DOFLAMINGO','B994A76D79A82408E05332B3228E5273'),
	('EB5176','A19220','1','H',5,TIMESTAMP'2005-04-01 12:21:37','IDIR\LUMPYSPACE',TIMESTAMP'2009-05-29 10:41:19','IDIR\DOFLAMINGO','B994A76D79A92408E05332B3228E5273'),
	('EB5516','A19220','S','H',4,TIMESTAMP'2005-07-13 09:36:41','IDIR\LUMPYSPACE',TIMESTAMP'2010-02-12 15:07:57','BCEID\USOPP','B994A76D79F32408E05332B3228E5273'),
	('EB5527','A19220','1','H',6,TIMESTAMP'2006-04-19 08:33:45','IDIR\LUMPYSPACE',TIMESTAMP'2014-11-03 14:42:01','BCEID\USOPP','B994A76D79FD2408E05332B3228E5273'),
	('EB5670','A19220','S','H',2,TIMESTAMP'2003-01-13 11:39:42','IDIR\LUMPYSPACE',TIMESTAMP'2007-07-25 13:53:37','IDIR\ZORO','B994A76D7A432408E05332B3228E5273'),
	('EB5673','A19220','1','H',4,TIMESTAMP'2004-04-22 11:06:15','IDIR\LUMPYSPACE',TIMESTAMP'2008-06-25 14:38:21','IDIR\BMOBOT','B994A76D7A462408E05332B3228E5273'),
	('EB5674','A19220','1','H',5,TIMESTAMP'2004-12-22 15:03:27','IDIR\LUMPYSPACE',TIMESTAMP'2010-01-26 15:25:35','IDIR\DOFLAMINGO','B994A76D7A472408E05332B3228E5273'),
	('EB5675','A19220','1','H',4,TIMESTAMP'2004-12-22 14:51:04','IDIR\LUMPYSPACE',TIMESTAMP'2009-03-27 11:06:31','IDIR\DOFLAMINGO','B994A76D7A482408E05332B3228E5273'),
	('R01689','R01689','0','H',57,TIMESTAMP'1992-05-26 12:23:50','IDIR\LUMPYSPACE',TIMESTAMP'2009-11-18 09:45:05','IDIR\ZORO','B994A77048902408E05332B3228E5273');

INSERT INTO HARVESTING_AUTHORITY (HVA_SKEY,FOREST_FILE_ID,CUTTING_PERMIT_ID,HARVESTING_AUTHORITY_ID,FOREST_DISTRICT,DISTRICT_ADMN_ZONE,GEOGRAPHIC_DISTRICT,MGMT_UNIT_ID,MGMT_UNIT_TYPE_CODE,LICENCE_TO_CUT_CODE,HARVEST_TYPE_CODE,HARVEST_AUTH_STATUS_CODE,TENURE_TERM,STATUS_DATE,ISSUE_DATE,EXPIRY_DATE,EXTEND_DATE,EXTEND_COUNT,HARVEST_AUTH_EXTEND_REAS_CODE,QUOTA_TYPE_CODE,CROWN_LANDS_REGION_CODE,SALVAGE_TYPE_CODE,CASCADE_SPLIT_CODE,CATASTROPHIC_IND,CROWN_GRANTED_IND,CRUISE_BASED_IND,DECIDUOUS_IND,BCAA_FOLIO_NUMBER,LOCATION,HIGHER_LEVEL_PLAN_REFERENCE,HARVEST_AREA,RETIREMENT_DATE,REVISION_COUNT,ENTRY_USERID,ENTRY_TIMESTAMP,UPDATE_USERID,UPDATE_TIMESTAMP,IS_WASTE_ASSESSMENT_REQUIRED,IS_CP_EXTENSN_APPL_FEE_WAIVED,IS_CP_EXTENSION_APPL_FEE_PAID,IS_WITHIN_FIBRE_RECOVERY_ZONE,HARVESTING_AUTHORITY_GUID) VALUES
	(113024,'A19220','674',NULL,27,'LW',27,'39','U',NULL,'G','HC',48,TIMESTAMP'2010-01-18 00:00:00',TIMESTAMP'2005-01-20 00:00:00',TIMESTAMP'2009-01-19 00:00:00',NULL,0,NULL,'A',NULL,NULL,'W','N','N','N','N',NULL,'CLO-163A',NULL,NULL,TIMESTAMP'2010-01-18 11:49:59',7,'IDIR\DOFLAMINGO',TIMESTAMP'2004-12-22 15:03:27','IDIR\MARCELINE',TIMESTAMP'2010-01-26 15:25:34','U','U','U','U','B9B090AC7416645AE05332B3228EA5A5'),
	(112451,'A19220','516',NULL,27,'LW',27,'39','U',NULL,'G','HC',48,TIMESTAMP'2010-02-12 00:00:00',TIMESTAMP'2005-09-14 00:00:00',TIMESTAMP'2009-09-13 00:00:00',NULL,0,NULL,'A',NULL,NULL,'W','N','N','N','N',NULL,'DOWNIE RANGE',NULL,NULL,TIMESTAMP'2010-02-12 15:08:00',6,'BCEID\USOPP',TIMESTAMP'2005-07-13 09:36:41','IDIR\MARCELINE',TIMESTAMP'2010-02-12 15:08:00','U','U','U','U','B9B090AC71E5645AE05332B3228EA5A5'),
	(115245,'A19220','527',NULL,27,'LW',27,'39','U',NULL,'G','HC',48,TIMESTAMP'2014-11-03 00:00:00',TIMESTAMP'2006-05-11 00:00:00',TIMESTAMP'2010-05-10 00:00:00',NULL,0,NULL,'A',NULL,NULL,'W','N','N','N','N',NULL,'CP527 A19220',NULL,NULL,TIMESTAMP'2014-11-03 14:42:05',8,'BCEID\USOPP',TIMESTAMP'2006-04-19 08:33:45','IDIR\MARCELINE',TIMESTAMP'2014-11-03 14:42:05','U','U','U','U','B9B090AC7C87645AE05332B3228EA5A5'),
	(113028,'A19220','176',NULL,27,'GN',27,'39','U',NULL,'G','HC',48,TIMESTAMP'2009-05-29 00:00:00',TIMESTAMP'2005-04-29 00:00:00',TIMESTAMP'2009-04-28 00:00:00',NULL,0,NULL,'A',NULL,NULL,'W','N','N','N','N',NULL,'CP 176 Stakawus Patato Creek',NULL,156.957,TIMESTAMP'2009-05-29 10:52:00',7,'IDIR\DOFLAMINGO',TIMESTAMP'2005-04-01 12:21:37','IDIR\MARCELINE',TIMESTAMP'2009-05-29 10:52:00','U','U','U','U','B9B090AC741A645AE05332B3228EA5A5'),
	(111360,'A19220','670',NULL,27,'RS',27,'39','U',NULL,'G','HC',24,TIMESTAMP'2007-07-25 00:00:00',TIMESTAMP'2003-03-03 00:00:00',TIMESTAMP'2005-03-02 00:00:00',TIMESTAMP'2007-03-31 00:00:00',1,'X','A',NULL,NULL,'W','N','N','N','N',NULL,'FTA Data Cleanup',NULL,252.2912,TIMESTAMP'2007-07-25 13:53:45',4,'IDIR\ZORO',TIMESTAMP'2003-01-13 11:39:42','IDIR\MARCELINE',TIMESTAMP'2007-07-25 13:53:45','U','U','U','U','B9B090AC6DC2645AE05332B3228EA5A5'),
	(114984,'A19220','675',NULL,27,'RS',27,'39','U',NULL,'G','HC',48,TIMESTAMP'2009-03-27 00:00:00',TIMESTAMP'2005-01-19 00:00:00',TIMESTAMP'2009-01-18 00:00:00',NULL,0,NULL,'A',NULL,NULL,'W','N','N','N','N',NULL,'CLO-153',NULL,112.2731,TIMESTAMP'2009-03-27 11:06:33',6,'IDIR\DOFLAMINGO',TIMESTAMP'2004-12-22 14:51:04','IDIR\MARCELINE',TIMESTAMP'2009-03-27 11:06:33','U','U','U','U','B9B090AC7B88645AE05332B3228EA5A5'),
	(111756,'A19220','175',NULL,27,'GN',27,'39','U',NULL,'G','HC',48,TIMESTAMP'2009-03-27 00:00:00',TIMESTAMP'2005-02-18 00:00:00',TIMESTAMP'2009-02-17 00:00:00',NULL,0,NULL,'A',NULL,NULL,'W','N','N','N','N',NULL,'CP 175 H102SS',NULL,47.1067,TIMESTAMP'2009-03-27 10:43:35',6,'IDIR\DOFLAMINGO',TIMESTAMP'2005-02-09 12:45:26','IDIR\MARCELINE',TIMESTAMP'2009-03-27 10:43:35','U','U','U','U','B9B090AC6F44645AE05332B3228EA5A5'),
	(115272,'A19220','174',NULL,27,'LW',27,'39','U',NULL,'G','HC',48,TIMESTAMP'2009-03-27 00:00:00',TIMESTAMP'2005-02-09 00:00:00',TIMESTAMP'2009-02-08 00:00:00',NULL,0,NULL,'A',NULL,NULL,'W','N','N','N','N',NULL,'CP 174 Jervis Inlet',NULL,126.7173,TIMESTAMP'2009-03-27 10:43:44',6,'IDIR\HANCOCK',TIMESTAMP'2004-12-03 15:15:37','IDIR\LUMPYSPACE',TIMESTAMP'2009-03-27 10:43:44','U','U','U','U','B9B090AC7CA2645AE05332B3228EA5A5'),
	(112117,'A19220','673',NULL,27,'RS',27,'39','U',NULL,'G','HC',48,TIMESTAMP'2008-06-25 00:00:00',TIMESTAMP'2004-04-26 00:00:00',TIMESTAMP'2008-04-25 00:00:00',NULL,0,NULL,'A',NULL,NULL,'W','N','N','N','N',NULL,'Conventional Harvesting',NULL,82.3045,TIMESTAMP'2008-06-25 14:38:58',6,'IDIR\DOFLAMINGO',TIMESTAMP'2004-04-22 11:06:15','IDIR\MARCELINE',TIMESTAMP'2008-06-25 14:38:58','U','U','U','U','B9B090AC70A1645AE05332B3228EA5A5');

INSERT INTO HARVESTING_HAULING_XREF (HVA_SKEY,TIMBER_MARK,PRIMARY_MARK_IND,REVISION_COUNT,ENTRY_USERID,ENTRY_TIMESTAMP,UPDATE_USERID,UPDATE_TIMESTAMP) VALUES
	(113024,'EB5674','Y',3,'IDIR\DOFLAMINGO',TIMESTAMP'2004-12-22 15:03:27','IDIR\MARCELINE',TIMESTAMP'2005-03-03 15:16:10'),
	(112451,'EB5516','Y',3,'BCEID\USOPP',TIMESTAMP'2005-07-13 09:36:41','IDIR\CINNAMON',TIMESTAMP'2005-09-13 12:35:17'),
	(115245,'EB5527','Y',4,'BCEID\USOPP',TIMESTAMP'2006-04-19 08:33:45','IDIR\CINNAMON',TIMESTAMP'2006-05-25 09:39:45'),
	(113028,'EB5176','Y',4,'IDIR\DOFLAMINGO',TIMESTAMP'2005-04-01 12:21:37','IDIR\CINNAMON',TIMESTAMP'2005-08-30 11:16:51'),
	(111360,'EB5670','Y',1,'IDIR\ZORO',TIMESTAMP'2003-01-13 11:39:42','IDIR\FLAMELORD',TIMESTAMP'2003-10-23 14:23:54'),
	(114984,'EB5675','Y',3,'IDIR\DOFLAMINGO',TIMESTAMP'2004-12-22 14:51:04','IDIR\LUMPYSPACE',TIMESTAMP'2005-01-19 15:10:00'),
	(111756,'EB5175','Y',3,'IDIR\DOFLAMINGO',TIMESTAMP'2005-02-09 12:45:26','IDIR\CINNAMON',TIMESTAMP'2005-02-18 14:39:32'),
	(115272,'EB5174','Y',3,'IDIR\HANCOCK',TIMESTAMP'2004-12-03 15:15:37','IDIR\CINNAMON',TIMESTAMP'2005-02-10 10:50:06'),
	(112117,'EB5673','Y',3,'IDIR\DOFLAMINGO',TIMESTAMP'2004-04-22 11:06:15','IDIR\CINNAMON',TIMESTAMP'2004-04-26 14:31:57');

INSERT INTO CUT_BLOCK (CB_SKEY,HVA_SKEY,FOREST_FILE_ID,CUTTING_PERMIT_ID,TIMBER_MARK,CUT_BLOCK_ID,SP_EXEMPT_IND,BLOCK_STATUS_DATE,CUT_BLOCK_DESCRIPTION,CUT_REGULATION_CODE,BLOCK_STATUS_ST,REFOREST_DECLARE_TYPE_CODE,REVISION_COUNT,ENTRY_USERID,ENTRY_TIMESTAMP,UPDATE_USERID,UPDATE_TIMESTAMP,IS_WASTE_ASSESSMENT_REQUIRED,CUT_BLOCK_GUID,FIRE_HARVESTING_REASON_CODE,IS_UNDER_PARTITION_ORDER,REPORTED_FIRE_DATE) VALUES
	(95842,112451,'A19220','516','EB5516','FRB3AH','N',TIMESTAMP'2006-11-03 16:18:45','FRANCES BAY',NULL,'S',NULL,3,'BCEID\USOPP',TIMESTAMP'2005-07-13 09:36:41','FTA 4.0 DATA CONVERSION',TIMESTAMP'2007-06-02 11:15:37','U','B9B0909F4537645AE05332B3228EA5A5',NULL,NULL,NULL),
	(95843,112451,'A19220','516','EB5516','DR1H','N',TIMESTAMP'2006-11-08 14:40:46','DOWNIE RANGE',NULL,'S',NULL,3,'BCEID\USOPP',TIMESTAMP'2005-07-13 09:36:41','FTA 4.0 DATA CONVERSION',TIMESTAMP'2007-06-02 11:15:37','U','B9B0909F4538645AE05332B3228EA5A5',NULL,NULL,NULL),
	(95844,112451,'A19220','516','EB5516','FRB2BH','N',TIMESTAMP'2006-07-21 10:38:10','FRANCES BAY',NULL,'S',NULL,3,'BCEID\USOPP',TIMESTAMP'2005-07-13 09:36:41','FTA 4.0 DATA CONVERSION',TIMESTAMP'2007-06-02 11:15:37','U','B9B0909F4539645AE05332B3228EA5A5',NULL,NULL,NULL),
	(95845,112451,'A19220','516','EB5516','FRB2H','N',TIMESTAMP'2006-11-03 16:18:45','FRANCES BAY',NULL,'S',NULL,3,'BCEID\USOPP',TIMESTAMP'2005-07-13 09:36:41','FTA 4.0 DATA CONVERSION',TIMESTAMP'2007-06-02 11:15:37','U','B9B0909F453A645AE05332B3228EA5A5',NULL,NULL,NULL),
	(95846,112451,'A19220','516','EB5516','FRB4H','N',TIMESTAMP'2006-11-02 10:10:18','FRANCES BAY',NULL,'S',NULL,3,'BCEID\USOPP',TIMESTAMP'2005-07-13 09:36:41','FTA 4.0 DATA CONVERSION',TIMESTAMP'2007-06-02 11:15:37','U','B9B0909F453B645AE05332B3228EA5A5',NULL,NULL,NULL),
	(95847,112451,'A19220','516','EB5516','FRB3H','N',TIMESTAMP'2006-11-03 16:18:45','FRANCES BAY',NULL,'S',NULL,3,'BCEID\USOPP',TIMESTAMP'2005-07-13 09:36:41','FTA 4.0 DATA CONVERSION',TIMESTAMP'2007-06-02 11:15:37','U','B9B0909F453C645AE05332B3228EA5A5',NULL,NULL,NULL),
	(95848,112451,'A19220','516','EB5516','FRB2AH','N',TIMESTAMP'2006-11-03 16:18:45','FRANCES BAY',NULL,'S',NULL,3,'BCEID\USOPP',TIMESTAMP'2005-07-13 09:36:41','FTA 4.0 DATA CONVERSION',TIMESTAMP'2007-06-02 11:15:37','U','B9B0909F453D645AE05332B3228EA5A5',NULL,NULL,NULL),
	(95849,112451,'A19220','516','EB5516','DR2H','N',TIMESTAMP'2006-11-08 14:40:46','DOWNIE RANGE',NULL,'S',NULL,3,'BCEID\USOPP',TIMESTAMP'2005-07-13 09:36:41','FTA 4.0 DATA CONVERSION',TIMESTAMP'2007-06-02 11:15:37','U','B9B0909F453E645AE05332B3228EA5A5',NULL,NULL,NULL),
	(95850,112451,'A19220','516','EB5516','DR1HA','N',TIMESTAMP'2006-11-08 14:40:46','DOWNIE RANGE',NULL,'S',NULL,3,'BCEID\USOPP',TIMESTAMP'2005-07-13 09:36:41','FTA 4.0 DATA CONVERSION',TIMESTAMP'2007-06-02 11:15:37','U','B9B0909F453F645AE05332B3228EA5A5',NULL,NULL,NULL),
	(95851,112451,'A19220','516','EB5516','FRB5H','N',TIMESTAMP'2006-11-02 10:10:18','FRANCES BAY',NULL,'S',NULL,3,'BCEID\USOPP',TIMESTAMP'2005-07-13 09:36:41','FTA 4.0 DATA CONVERSION',TIMESTAMP'2007-06-02 11:15:37','U','B9B0909F4540645AE05332B3228EA5A5',NULL,NULL,NULL),
	(95852,112451,'A19220','516','EB5516','FRB1H','N',TIMESTAMP'2006-11-02 10:10:18','FRANCES BAY',NULL,'S',NULL,3,'BCEID\USOPP',TIMESTAMP'2005-07-13 09:36:41','FTA 4.0 DATA CONVERSION',TIMESTAMP'2007-06-02 11:15:37','U','B9B0909F4541645AE05332B3228EA5A5',NULL,NULL,NULL),
	(95879,115245,'A19220','527','EB5527','FRB8','N',TIMESTAMP'2006-07-21 09:53:09','FRANCES BAY',NULL,'S',NULL,3,'BCEID\USOPP',TIMESTAMP'2006-04-19 08:33:46','FTA 4.0 DATA CONVERSION',TIMESTAMP'2007-06-02 11:15:37','U','B9B0909F455C645AE05332B3228EA5A5',NULL,NULL,NULL),
	(96101,111360,'A19220','670','EB5670','CLO-67A','N',TIMESTAMP'2006-11-02 15:22:39',NULL,NULL,'LC',NULL,5,'FTA_CONV',TIMESTAMP'2003-11-15 10:48:17','IDIR\PEPPERMINT',TIMESTAMP'2007-11-07 15:56:55','U','B9B0909F463A645AE05332B3228EA5A5',NULL,NULL,NULL),
	(96117,112117,'A19220','673','EB5673','CLO-159','N',TIMESTAMP'2006-01-14 13:00:21',NULL,NULL,'LC',NULL,2,'IDIR\DOFLAMINGO',TIMESTAMP'2004-04-22 11:06:15','FTA 4.0 DATA CONVERSION',TIMESTAMP'2007-06-02 11:15:37','U','B9B0909F464A645AE05332B3228EA5A5',NULL,NULL,NULL),
	(96125,113024,'A19220','674','EB5674','CLO-166','N',TIMESTAMP'2009-03-27 00:00:00','CLO-166',NULL,'LC',NULL,2,'IDIR\DOFLAMINGO',TIMESTAMP'2004-12-22 15:03:27','IDIR\MARCELINE',TIMESTAMP'2009-03-27 10:48:52','U','B9B0909F4652645AE05332B3228EA5A5',NULL,NULL,NULL),
	(96127,113024,'A19220','674','EB5674','CLO-368','N',TIMESTAMP'2010-01-18 00:00:00','CLO-368',NULL,'LC',NULL,2,'IDIR\DOFLAMINGO',TIMESTAMP'2004-12-22 15:03:27','IDIR\MARCELINE',TIMESTAMP'2010-01-18 11:49:00','U','B9B0909F4654645AE05332B3228EA5A5',NULL,NULL,NULL),
	(96131,114984,'A19220','675','EB5675','CLO-153','N',TIMESTAMP'2006-09-22 10:23:08','CLO-153',NULL,'LC',NULL,2,'IDIR\DOFLAMINGO',TIMESTAMP'2004-12-22 14:51:04','FTA 4.0 DATA CONVERSION',TIMESTAMP'2007-06-02 11:15:37','U','B9B0909F4658645AE05332B3228EA5A5',NULL,NULL,NULL),
	(96133,114984,'A19220','675','EB5675','CLO-42','N',TIMESTAMP'2006-07-18 08:03:26','CLO-42',NULL,'LC',NULL,2,'IDIR\DOFLAMINGO',TIMESTAMP'2004-12-22 14:51:04','FTA 4.0 DATA CONVERSION',TIMESTAMP'2007-06-02 11:15:37','U','B9B0909F465A645AE05332B3228EA5A5',NULL,NULL,NULL),
	(154490,115272,'A19220','174','EB5174','PT5H','N',TIMESTAMP'2006-12-12 09:53:10',NULL,NULL,'LC',NULL,3,'IDIR\HANCOCK',TIMESTAMP'2004-12-03 15:15:38','IDIR\PEPPERMINT',TIMESTAMP'2010-03-08 13:09:30','U','B9B090A02988645AE05332B3228EA5A5',NULL,NULL,NULL),
	(154491,115272,'A19220','174','EB5174','PT5','N',TIMESTAMP'2014-05-01 15:41:46',NULL,NULL,'S',NULL,3,'IDIR\HANCOCK',TIMESTAMP'2004-12-03 15:15:38','BCEID\FINNHERO',TIMESTAMP'2014-05-01 15:41:46','U','B9B090A02989645AE05332B3228EA5A5',NULL,NULL,NULL);
INSERT INTO CUT_BLOCK (CB_SKEY,HVA_SKEY,FOREST_FILE_ID,CUTTING_PERMIT_ID,TIMBER_MARK,CUT_BLOCK_ID,SP_EXEMPT_IND,BLOCK_STATUS_DATE,CUT_BLOCK_DESCRIPTION,CUT_REGULATION_CODE,BLOCK_STATUS_ST,REFOREST_DECLARE_TYPE_CODE,REVISION_COUNT,ENTRY_USERID,ENTRY_TIMESTAMP,UPDATE_USERID,UPDATE_TIMESTAMP,IS_WASTE_ASSESSMENT_REQUIRED,CUT_BLOCK_GUID,FIRE_HARVESTING_REASON_CODE,IS_UNDER_PARTITION_ORDER,REPORTED_FIRE_DATE) VALUES
	(154492,115272,'A19220','174','EB5174','PT4H','N',TIMESTAMP'2006-12-06 15:55:30',NULL,NULL,'LC',NULL,2,'IDIR\HANCOCK',TIMESTAMP'2004-12-03 15:15:38','FTA 4.0 DATA CONVERSION',TIMESTAMP'2007-06-02 11:15:37','U','B9B090A0298A645AE05332B3228EA5A5',NULL,NULL,NULL),
	(154498,111756,'A19220','175','EB5175','N17','N',TIMESTAMP'2009-03-27 00:00:00','CP 175 N17',NULL,'LC',NULL,2,'IDIR\DOFLAMINGO',TIMESTAMP'2005-02-09 12:45:26','IDIR\LUMPYSPACE',TIMESTAMP'2009-03-27 10:43:20','U','B9B090A02990645AE05332B3228EA5A5',NULL,NULL,NULL),
	(154499,111756,'A19220','175','EB5175','N100','N',TIMESTAMP'2009-03-27 00:00:00','CP 175 N100',NULL,'LC',NULL,2,'IDIR\DOFLAMINGO',TIMESTAMP'2005-02-09 12:45:26','IDIR\LUMPYSPACE',TIMESTAMP'2009-03-27 10:43:01','U','B9B090A02991645AE05332B3228EA5A5',NULL,NULL,NULL),
	(154501,113028,'A19220','176','EB5176','PT8H','N',TIMESTAMP'2006-12-11 11:49:09',NULL,NULL,'LC',NULL,2,'IDIR\DOFLAMINGO',TIMESTAMP'2005-04-01 12:21:38','FTA 4.0 DATA CONVERSION',TIMESTAMP'2007-06-02 11:15:37','U','B9B090A02993645AE05332B3228EA5A5',NULL,NULL,NULL);

-- 4069

INSERT INTO PROV_FOREST_USE (FOREST_FILE_ID,FILE_STATUS_ST,FILE_STATUS_DATE,FILE_TYPE_CODE,FOREST_REGION,BCTS_ORG_UNIT,SB_FUNDED_IND,DISTRICT_ADMIN_ZONE,MGMT_UNIT_TYPE,MGMT_UNIT_ID,REVISION_COUNT,ENTRY_USERID,ENTRY_TIMESTAMP,UPDATE_USERID,UPDATE_TIMESTAMP,FOREST_TENURE_GUID) VALUES
	('A77899','HI',TIMESTAMP'2005-07-11 00:00:00','A01',1825,NULL,'N',NULL,'U','39',6,'IDIR\PEPPERMINT',TIMESTAMP'2005-04-07 14:21:22','IDIR\GUNTER',TIMESTAMP'2024-09-25 13:14:53','B994A7A7BD742408E05332B3228E5273');

INSERT INTO HAULING_AUTHORITY (TIMBER_MARK,FOREST_FILE_ID,MARKING_METHOD_CODE,MARKING_INSTRUMENT_CODE,REVISION_COUNT,ENTRY_TIMESTAMP,UPDATE_USERID,UPDATE_TIMESTAMP,ENTRY_USERID,HAULING_AUTHORITY_GUID) VALUES
	('UQ1019','A77899','1','H',10,TIMESTAMP'2005-03-28 07:32:51','IDIR\LUMPYSPACE',TIMESTAMP'2013-07-18 15:48:41','IDIR\DOFLAMINGO','B994A7708C962408E05332B3228E5273');

INSERT INTO HARVESTING_AUTHORITY (HVA_SKEY,FOREST_FILE_ID,CUTTING_PERMIT_ID,HARVESTING_AUTHORITY_ID,FOREST_DISTRICT,DISTRICT_ADMN_ZONE,GEOGRAPHIC_DISTRICT,MGMT_UNIT_ID,MGMT_UNIT_TYPE_CODE,LICENCE_TO_CUT_CODE,HARVEST_TYPE_CODE,HARVEST_AUTH_STATUS_CODE,TENURE_TERM,STATUS_DATE,ISSUE_DATE,EXPIRY_DATE,EXTEND_DATE,EXTEND_COUNT,HARVEST_AUTH_EXTEND_REAS_CODE,QUOTA_TYPE_CODE,CROWN_LANDS_REGION_CODE,SALVAGE_TYPE_CODE,CASCADE_SPLIT_CODE,CATASTROPHIC_IND,CROWN_GRANTED_IND,CRUISE_BASED_IND,DECIDUOUS_IND,BCAA_FOLIO_NUMBER,LOCATION,HIGHER_LEVEL_PLAN_REFERENCE,HARVEST_AREA,RETIREMENT_DATE,REVISION_COUNT,ENTRY_USERID,ENTRY_TIMESTAMP,UPDATE_USERID,UPDATE_TIMESTAMP,IS_WASTE_ASSESSMENT_REQUIRED,IS_CP_EXTENSN_APPL_FEE_WAIVED,IS_CP_EXTENSION_APPL_FEE_PAID,IS_WITHIN_FIBRE_RECOVERY_ZONE,HARVESTING_AUTHORITY_GUID) VALUES
	(114244,'A77899','19',NULL,27,'HS',27,'39','U',NULL,'G','HC',96,TIMESTAMP'2013-07-18 00:00:00',TIMESTAMP'2005-03-29 00:00:00',TIMESTAMP'2013-03-28 00:00:00',NULL,0,NULL,'A',NULL,NULL,'W','N','N','N','Y',NULL,'CP 19 Staaf Creek Texada Island',NULL,NULL,TIMESTAMP'2013-07-18 15:48:44',12,'IDIR\DOFLAMINGO',TIMESTAMP'2005-03-28 07:32:51','IDIR\LUMPYSPACE',TIMESTAMP'2013-07-18 15:48:44','U','U','U','U','B9B090AC78B6645AE05332B3228EA5A5');

INSERT INTO HARVESTING_HAULING_XREF (HVA_SKEY,TIMBER_MARK,PRIMARY_MARK_IND,REVISION_COUNT,ENTRY_USERID,ENTRY_TIMESTAMP,UPDATE_USERID,UPDATE_TIMESTAMP) VALUES
	(114244,'UQ1019','Y',3,'IDIR\DOFLAMINGO',TIMESTAMP'2005-03-28 07:32:51','IDIR\LUMPYSPACE',TIMESTAMP'2005-03-31 10:06:53');

INSERT INTO CUT_BLOCK (CB_SKEY,HVA_SKEY,FOREST_FILE_ID,CUTTING_PERMIT_ID,TIMBER_MARK,CUT_BLOCK_ID,SP_EXEMPT_IND,BLOCK_STATUS_DATE,CUT_BLOCK_DESCRIPTION,CUT_REGULATION_CODE,BLOCK_STATUS_ST,REFOREST_DECLARE_TYPE_CODE,REVISION_COUNT,ENTRY_USERID,ENTRY_TIMESTAMP,UPDATE_USERID,UPDATE_TIMESTAMP,IS_WASTE_ASSESSMENT_REQUIRED,CUT_BLOCK_GUID,FIRE_HARVESTING_REASON_CODE,IS_UNDER_PARTITION_ORDER,REPORTED_FIRE_DATE) VALUES
	(7749,114244,'A77899','19','UQ1019','411B','N',TIMESTAMP'2008-04-11 09:39:40',NULL,NULL,'S',NULL,7,'IDIR\DOFLAMINGO',TIMESTAMP'2005-03-28 07:32:52','IDIR\MARCELINE',TIMESTAMP'2011-12-23 10:39:26','U','B9B0909E0062645AE05332B3228EA5A5',NULL,NULL,NULL);

-- 10501

INSERT INTO PROV_FOREST_USE (FOREST_FILE_ID,FILE_STATUS_ST,FILE_STATUS_DATE,FILE_TYPE_CODE,FOREST_REGION,BCTS_ORG_UNIT,SB_FUNDED_IND,DISTRICT_ADMIN_ZONE,MGMT_UNIT_TYPE,MGMT_UNIT_ID,REVISION_COUNT,ENTRY_USERID,ENTRY_TIMESTAMP,UPDATE_USERID,UPDATE_TIMESTAMP,FOREST_TENURE_GUID) VALUES
	('DD35'':','HI',NULL,'B09',1826,NULL,'N','EN','T','26',25,'IDIR\FRANKY',TIMESTAMP'1991-07-12 19:00:00','IDIR\JAKEDOG',TIMESTAMP'2020-01-14 09:49:11','B994A7AB4EB02408E05332B3228E5273'),
	('TFL26','HI',TIMESTAMP'1992-03-23 00:00:00','A02',18,NULL,'N',NULL,'T','26',7,'IDIR\MARCELINE',TIMESTAMP'1991-07-12 19:00:00','IDIR\BMO',TIMESTAMP'2024-10-09 14:28:27','B994A7AB1A932408E05332B3228E5273');

INSERT INTO HAULING_AUTHORITY (TIMBER_MARK,FOREST_FILE_ID,MARKING_METHOD_CODE,MARKING_INSTRUMENT_CODE,REVISION_COUNT,ENTRY_TIMESTAMP,UPDATE_USERID,UPDATE_TIMESTAMP,ENTRY_USERID,HAULING_AUTHORITY_GUID) VALUES
	('26/22','TFL26','S','H',6,TIMESTAMP'2004-12-08 09:44:08','IDIR\PBUBBLEGUM',TIMESTAMP'2012-01-27 13:55:38','IDIR\SANJI','B994A76C12F22408E05332B3228E5273'),
	('DD35'':','DD35'':','S','H',15,TIMESTAMP'1965-01-21 00:00:00','IDIR\ICEKING',TIMESTAMP'2007-01-19 11:06:42','IDIR\JINBE','B994A770C2152408E05332B3228E5273');

INSERT INTO HARVESTING_AUTHORITY (HVA_SKEY,FOREST_FILE_ID,CUTTING_PERMIT_ID,HARVESTING_AUTHORITY_ID,FOREST_DISTRICT,DISTRICT_ADMN_ZONE,GEOGRAPHIC_DISTRICT,MGMT_UNIT_ID,MGMT_UNIT_TYPE_CODE,LICENCE_TO_CUT_CODE,HARVEST_TYPE_CODE,HARVEST_AUTH_STATUS_CODE,TENURE_TERM,STATUS_DATE,ISSUE_DATE,EXPIRY_DATE,EXTEND_DATE,EXTEND_COUNT,HARVEST_AUTH_EXTEND_REAS_CODE,QUOTA_TYPE_CODE,CROWN_LANDS_REGION_CODE,SALVAGE_TYPE_CODE,CASCADE_SPLIT_CODE,CATASTROPHIC_IND,CROWN_GRANTED_IND,CRUISE_BASED_IND,DECIDUOUS_IND,BCAA_FOLIO_NUMBER,LOCATION,HIGHER_LEVEL_PLAN_REFERENCE,HARVEST_AREA,RETIREMENT_DATE,REVISION_COUNT,ENTRY_USERID,ENTRY_TIMESTAMP,UPDATE_USERID,UPDATE_TIMESTAMP,IS_WASTE_ASSESSMENT_REQUIRED,IS_CP_EXTENSN_APPL_FEE_WAIVED,IS_CP_EXTENSION_APPL_FEE_PAID,IS_WITHIN_FIBRE_RECOVERY_ZONE,HARVESTING_AUTHORITY_GUID) VALUES
	(126123,'TFL26','22',NULL,15,'EN',15,'26','T',NULL,'G','HC',48,TIMESTAMP'2012-01-27 00:00:00',TIMESTAMP'2004-12-15 00:00:00',TIMESTAMP'2008-12-14 00:00:00',NULL,0,NULL,'A',NULL,NULL,'W','N','N','N','N',NULL,'Cannell Lake',NULL,NULL,TIMESTAMP'2012-01-27 13:55:41',8,'IDIR\BMO',TIMESTAMP'2004-12-08 09:44:08','IDIR\PBUBBLEGUM',TIMESTAMP'2012-01-27 13:55:41','U','U','U','U','B9B090ACA6A8645AE05332B3228EA5A5');

INSERT INTO HARVESTING_HAULING_XREF (HVA_SKEY,TIMBER_MARK,PRIMARY_MARK_IND,REVISION_COUNT,ENTRY_USERID,ENTRY_TIMESTAMP,UPDATE_USERID,UPDATE_TIMESTAMP) VALUES
	(126123,'DD35'':','N',0,'FTA 4.0 DATA CONVERSION',TIMESTAMP'2006-04-06 00:00:00','FTA 4.0 DATA CONVERSION',TIMESTAMP'2006-04-06 00:00:00'),
	(126123,'26/22','Y',5,'IDIR\CHOPPER',TIMESTAMP'2004-12-08 09:44:08','IDIR\SIMONPEG',TIMESTAMP'2005-02-03 13:49:25');

INSERT INTO CUT_BLOCK (CB_SKEY,HVA_SKEY,FOREST_FILE_ID,CUTTING_PERMIT_ID,TIMBER_MARK,CUT_BLOCK_ID,SP_EXEMPT_IND,BLOCK_STATUS_DATE,CUT_BLOCK_DESCRIPTION,CUT_REGULATION_CODE,BLOCK_STATUS_ST,REFOREST_DECLARE_TYPE_CODE,REVISION_COUNT,ENTRY_USERID,ENTRY_TIMESTAMP,UPDATE_USERID,UPDATE_TIMESTAMP,IS_WASTE_ASSESSMENT_REQUIRED,CUT_BLOCK_GUID,FIRE_HARVESTING_REASON_CODE,IS_UNDER_PARTITION_ORDER,REPORTED_FIRE_DATE) VALUES
	(3023,126123,'DD35'':',' ','DD35'':','CAT2','N',TIMESTAMP'2009-08-14 15:24:33',NULL,NULL,'S',NULL,2,'IDIR\SANJI',TIMESTAMP'2005-11-25 13:46:04','BCEID\JAKEDOG',TIMESTAMP'2009-08-14 15:24:33','U','B9B0909DEEAE645AE05332B3228EA5A5',NULL,NULL,NULL),
	(208399,126123,'TFL26','22','26/22','CAT2','N',TIMESTAMP'2009-08-14 15:24:32','Cambell Road',NULL,'S',NULL,3,'IDIR\PBUBBLEGUM',TIMESTAMP'2004-12-08 09:44:09','BCEID\BMO',TIMESTAMP'2009-08-14 15:24:32','U','B9B090A0FA63645AE05332B3228EA5A5',NULL,NULL,NULL);

-- 34906

INSERT INTO PROV_FOREST_USE (FOREST_FILE_ID,FILE_STATUS_ST,FILE_STATUS_DATE,FILE_TYPE_CODE,FOREST_REGION,BCTS_ORG_UNIT,SB_FUNDED_IND,DISTRICT_ADMIN_ZONE,MGMT_UNIT_TYPE,MGMT_UNIT_ID,REVISION_COUNT,ENTRY_USERID,ENTRY_TIMESTAMP,UPDATE_USERID,UPDATE_TIMESTAMP,FOREST_TENURE_GUID) VALUES
	('A88221','HI',TIMESTAMP'2011-05-13 00:00:00','A41',1619,NULL,'N',NULL,'U','11',4,'IDIR\USOPP',TIMESTAMP'2010-10-06 14:01:21','IDIR\LUFFY',TIMESTAMP'2019-01-10 09:25:27','B994A7A7E02C2408E05332B3228E5273'),
	('A97537','HI',TIMESTAMP'2021-05-04 00:00:00','A01',27,NULL,'N',NULL,'U','11',6,'IDIR\SANJI',TIMESTAMP'2020-04-27 09:54:11','IDIR\ZORO',TIMESTAMP'2024-10-04 11:35:27','B994A7AB44F32408E05332B3228E5273');

INSERT INTO HAULING_AUTHORITY (TIMBER_MARK,FOREST_FILE_ID,MARKING_METHOD_CODE,MARKING_INSTRUMENT_CODE,REVISION_COUNT,ENTRY_TIMESTAMP,UPDATE_USERID,UPDATE_TIMESTAMP,ENTRY_USERID,HAULING_AUTHORITY_GUID) VALUES
	('DW90R1','A88221','0','H',1,TIMESTAMP'2011-06-07 14:37:32','IDIR\BMO',TIMESTAMP'2011-06-07 14:37:32','IDIR\BMO','B994A76D5F292408E05332B3228E5273'),
	('DW9B09','A88221','4','H',1,TIMESTAMP'2023-12-06 10:03:16','IDIR\NAMI',TIMESTAMP'2024-01-31 09:14:28','BCEID\JAKEDOG','0BDC2A41AD265533E06332B3228E0688'),
	('HK40R1','A97537',NULL,NULL,1,TIMESTAMP'2023-11-17 13:40:39','IDIR\BMO',TIMESTAMP'2023-11-17 13:40:39','IDIR\BMO','0A60FCC37E0A3CEBE06332B3228E0F31'),
	('HK4R02','A97537','4','H',1,TIMESTAMP'2024-03-25 08:29:12','IDIR\NAMI',TIMESTAMP'2024-05-31 14:31:43','BCEID\ICEKING','147ED5D04F2B737EE06332B3228EAE0E');

INSERT INTO HARVESTING_AUTHORITY (HVA_SKEY,FOREST_FILE_ID,CUTTING_PERMIT_ID,HARVESTING_AUTHORITY_ID,FOREST_DISTRICT,DISTRICT_ADMN_ZONE,GEOGRAPHIC_DISTRICT,MGMT_UNIT_ID,MGMT_UNIT_TYPE_CODE,LICENCE_TO_CUT_CODE,HARVEST_TYPE_CODE,HARVEST_AUTH_STATUS_CODE,TENURE_TERM,STATUS_DATE,ISSUE_DATE,EXPIRY_DATE,EXTEND_DATE,EXTEND_COUNT,HARVEST_AUTH_EXTEND_REAS_CODE,QUOTA_TYPE_CODE,CROWN_LANDS_REGION_CODE,SALVAGE_TYPE_CODE,CASCADE_SPLIT_CODE,CATASTROPHIC_IND,CROWN_GRANTED_IND,CRUISE_BASED_IND,DECIDUOUS_IND,BCAA_FOLIO_NUMBER,LOCATION,HIGHER_LEVEL_PLAN_REFERENCE,HARVEST_AREA,RETIREMENT_DATE,REVISION_COUNT,ENTRY_USERID,ENTRY_TIMESTAMP,UPDATE_USERID,UPDATE_TIMESTAMP,IS_WASTE_ASSESSMENT_REQUIRED,IS_CP_EXTENSN_APPL_FEE_WAIVED,IS_CP_EXTENSION_APPL_FEE_PAID,IS_WITHIN_FIBRE_RECOVERY_ZONE,HARVESTING_AUTHORITY_GUID) VALUES
	(811341,'A88221','B09',NULL,21,'C',18,NULL,NULL,NULL,'G','HI',48,TIMESTAMP'2024-01-16 00:00:00',TIMESTAMP'2024-01-31 00:00:00',TIMESTAMP'2028-01-30 00:00:00',NULL,NULL,NULL,'A','3',NULL,'E','N','N','N','N',NULL,'Blue River and Raft',NULL,NULL,NULL,2,'BCEID\JAKEDOG',TIMESTAMP'2023-12-06 10:03:16','IDIR\NAMI',TIMESTAMP'2024-01-31 09:14:27','U','U','U','N','0BDC2A41AD1E5533E06332B3228E0688'),
	(814006,'A97537','R02',NULL,48,'K',1823,NULL,NULL,NULL,'G','HI',48,TIMESTAMP'2024-05-27 00:00:00',TIMESTAMP'2024-05-31 00:00:00',TIMESTAMP'2028-05-30 00:00:00',NULL,NULL,NULL,'A','3',NULL,'E','N','N','N','N',NULL,'Raft River',NULL,NULL,NULL,2,'BCEID\ICEKING',TIMESTAMP'2024-03-25 08:29:12','IDIR\NAMI',TIMESTAMP'2024-05-31 14:31:43','U','U','U','N','147ED5D04F1B737EE06332B3228EAE0E');

INSERT INTO HARVESTING_HAULING_XREF (HVA_SKEY,TIMBER_MARK,PRIMARY_MARK_IND,REVISION_COUNT,ENTRY_USERID,ENTRY_TIMESTAMP,UPDATE_USERID,UPDATE_TIMESTAMP) VALUES
	(811341,'DW9B09','Y',0,'BCEID\FINNHERO',TIMESTAMP'2023-12-06 10:03:16','BCEID\MARCELINE',TIMESTAMP'2023-12-06 10:03:16'),
	(814006,'HK4R02','Y',0,'BCEID\BUBBLEGUM',TIMESTAMP'2024-03-25 08:29:12','BCEID\ICEKING',TIMESTAMP'2024-03-25 08:29:12');

INSERT INTO CUT_BLOCK (CB_SKEY,HVA_SKEY,FOREST_FILE_ID,CUTTING_PERMIT_ID,TIMBER_MARK,CUT_BLOCK_ID,SP_EXEMPT_IND,BLOCK_STATUS_DATE,CUT_BLOCK_DESCRIPTION,CUT_REGULATION_CODE,BLOCK_STATUS_ST,REFOREST_DECLARE_TYPE_CODE,REVISION_COUNT,ENTRY_USERID,ENTRY_TIMESTAMP,UPDATE_USERID,UPDATE_TIMESTAMP,IS_WASTE_ASSESSMENT_REQUIRED,CUT_BLOCK_GUID,FIRE_HARVESTING_REASON_CODE,IS_UNDER_PARTITION_ORDER,REPORTED_FIRE_DATE) VALUES
	(837561,811341,'A88221','B09','DW9B09','R105','N',TIMESTAMP'2025-05-28 18:56:59',NULL,NULL,'LC',NULL,2,'BCEID\JAKEDOG',TIMESTAMP'2023-12-06 10:03:16','BCEID\BUBBLEGUM',TIMESTAMP'2025-05-28 18:56:59','Y','0BDC2A41AD225533E06332B3228E0688',NULL,NULL,NULL),
	(842443,814006,'A97537','R02','HK4R02','R102','N',TIMESTAMP'2025-05-28 18:56:59',NULL,NULL,'LC',NULL,2,'BCEID\ICEKING',TIMESTAMP'2024-03-25 08:29:12','BCEID\BUBBLEGUM',TIMESTAMP'2025-05-28 18:56:59','Y','147ED5D04F1D737EE06332B3228EAE0E',NULL,NULL,NULL),
	(842444,814006,'A97537','R02','HK4R02','R218','N',TIMESTAMP'2025-05-28 18:56:59',NULL,NULL,'LC',NULL,2,'BCEID\ICEKING',TIMESTAMP'2024-03-25 08:29:12','BCEID\BUBBLEGUM',TIMESTAMP'2025-05-28 18:56:59','Y','147ED5D04F1F737EE06332B3228EAE0E',NULL,NULL,NULL),
	(842445,814006,'A97537','R02','HK4R02','R571','N',TIMESTAMP'2025-05-28 18:56:59',NULL,NULL,'LC',NULL,2,'BCEID\ICEKING',TIMESTAMP'2024-03-25 08:29:12','BCEID\BUBBLEGUM',TIMESTAMP'2025-05-28 18:56:59','Y','147ED5D04F21737EE06332B3228EAE0E',NULL,NULL,NULL),
	(842446,814006,'A97537','R02','HK4R02','R569','N',TIMESTAMP'2025-05-28 18:56:59',NULL,NULL,'LC',NULL,2,'BCEID\ICEKING',TIMESTAMP'2024-03-25 08:29:12','BCEID\BUBBLEGUM',TIMESTAMP'2025-05-28 18:56:59','Y','147ED5D04F23737EE06332B3228EAE0E',NULL,NULL,NULL),
	(842447,814006,'A97537','R02','HK4R02','R274','N',TIMESTAMP'2025-08-05 11:24:40',NULL,NULL,'LC',NULL,2,'BCEID\ICEKING',TIMESTAMP'2024-03-25 08:29:12','BCEID\BUBBLEGUM',TIMESTAMP'2025-08-05 11:24:40','Y','147ED5D04F25737EE06332B3228EAE0E',NULL,NULL,NULL),
	(842448,814006,'A97537','R02','HK4R02','R336','N',TIMESTAMP'2025-05-28 18:56:59',NULL,NULL,'LC',NULL,2,'BCEID\ICEKING',TIMESTAMP'2024-03-25 08:29:12','BCEID\BUBBLEGUM',TIMESTAMP'2025-05-28 18:56:59','Y','147ED5D04F27737EE06332B3228EAE0E',NULL,NULL,NULL),
	(842449,814006,'A97537','R02','HK4R02','R341','N',TIMESTAMP'2025-05-28 19:08:00',NULL,NULL,'LC',NULL,2,'BCEID\ICEKING',TIMESTAMP'2024-03-25 08:29:12','BCEID\BUBBLEGUM',TIMESTAMP'2025-05-28 19:08:00','Y','147ED5D04F29737EE06332B3228EAE0E',NULL,NULL,NULL);

-- 34004

INSERT INTO PROV_FOREST_USE (FOREST_FILE_ID,FILE_STATUS_ST,FILE_STATUS_DATE,FILE_TYPE_CODE,FOREST_REGION,BCTS_ORG_UNIT,SB_FUNDED_IND,DISTRICT_ADMIN_ZONE,MGMT_UNIT_TYPE,MGMT_UNIT_ID,REVISION_COUNT,ENTRY_USERID,ENTRY_TIMESTAMP,UPDATE_USERID,UPDATE_TIMESTAMP,FOREST_TENURE_GUID) VALUES
	('A91320','HI',TIMESTAMP'2019-04-30 00:00:00','A41',21,NULL,'N',NULL,'U','18',5,'IDIR\SIMONPEG',TIMESTAMP'2013-04-18 16:00:52','IDIR\USOPP',TIMESTAMP'2024-10-03 12:25:30','B994A7A7EA8E2408E05332B3228E5273');

INSERT INTO HAULING_AUTHORITY (TIMBER_MARK,FOREST_FILE_ID,MARKING_METHOD_CODE,MARKING_INSTRUMENT_CODE,REVISION_COUNT,ENTRY_TIMESTAMP,UPDATE_USERID,UPDATE_TIMESTAMP,ENTRY_USERID,HAULING_AUTHORITY_GUID) VALUES
	('FU8004','A91320','S','H',1,TIMESTAMP'2022-10-20 09:06:46','IDIR\SANJI',TIMESTAMP'2022-11-23 13:29:22','BCEID\LUFFY','EB7A82F0CA6548ADE05332B3228E2960'),
	('FU80R1','A91320',NULL,NULL,1,TIMESTAMP'2022-10-24 09:07:48','IDIR\CHOPPER',TIMESTAMP'2022-10-24 09:07:48','IDIR\GUNTER','EBCAFE25FE382F18E05332B3228EA615');

INSERT INTO HARVESTING_AUTHORITY (HVA_SKEY,FOREST_FILE_ID,CUTTING_PERMIT_ID,HARVESTING_AUTHORITY_ID,FOREST_DISTRICT,DISTRICT_ADMN_ZONE,GEOGRAPHIC_DISTRICT,MGMT_UNIT_ID,MGMT_UNIT_TYPE_CODE,LICENCE_TO_CUT_CODE,HARVEST_TYPE_CODE,HARVEST_AUTH_STATUS_CODE,TENURE_TERM,STATUS_DATE,ISSUE_DATE,EXPIRY_DATE,EXTEND_DATE,EXTEND_COUNT,HARVEST_AUTH_EXTEND_REAS_CODE,QUOTA_TYPE_CODE,CROWN_LANDS_REGION_CODE,SALVAGE_TYPE_CODE,CASCADE_SPLIT_CODE,CATASTROPHIC_IND,CROWN_GRANTED_IND,CRUISE_BASED_IND,DECIDUOUS_IND,BCAA_FOLIO_NUMBER,LOCATION,HIGHER_LEVEL_PLAN_REFERENCE,HARVEST_AREA,RETIREMENT_DATE,REVISION_COUNT,ENTRY_USERID,ENTRY_TIMESTAMP,UPDATE_USERID,UPDATE_TIMESTAMP,IS_WASTE_ASSESSMENT_REQUIRED,IS_CP_EXTENSN_APPL_FEE_WAIVED,IS_CP_EXTENSION_APPL_FEE_PAID,IS_WITHIN_FIBRE_RECOVERY_ZONE,HARVESTING_AUTHORITY_GUID) VALUES
	(802418,'A91320','004',NULL,1828,'ME',1828,'18','U',NULL,'G','HI',0,TIMESTAMP'2022-11-03 00:00:00',TIMESTAMP'2022-11-21 00:00:00',TIMESTAMP'2026-11-20 00:00:00',NULL,NULL,NULL,'A','3',NULL,'E','N','N','N','N',NULL,'Salem Creek',NULL,NULL,NULL,2,'BCEID\LUFFY',TIMESTAMP'2022-10-20 09:06:46','IDIR\SANJI',TIMESTAMP'2022-11-23 13:29:22','U','U','U','N','EB7A82F0CA5D48ADE05332B3228E2960');

INSERT INTO HARVESTING_HAULING_XREF (HVA_SKEY,TIMBER_MARK,PRIMARY_MARK_IND,REVISION_COUNT,ENTRY_USERID,ENTRY_TIMESTAMP,UPDATE_USERID,UPDATE_TIMESTAMP) VALUES
	(802418,'FU8004','Y',0,'BCEID\LUFFY',TIMESTAMP'2022-10-20 09:06:46','BCEID\BMOBOT',TIMESTAMP'2022-10-20 09:06:46');

INSERT INTO CUT_BLOCK (CB_SKEY,HVA_SKEY,FOREST_FILE_ID,CUTTING_PERMIT_ID,TIMBER_MARK,CUT_BLOCK_ID,SP_EXEMPT_IND,BLOCK_STATUS_DATE,CUT_BLOCK_DESCRIPTION,CUT_REGULATION_CODE,BLOCK_STATUS_ST,REFOREST_DECLARE_TYPE_CODE,REVISION_COUNT,ENTRY_USERID,ENTRY_TIMESTAMP,UPDATE_USERID,UPDATE_TIMESTAMP,IS_WASTE_ASSESSMENT_REQUIRED,CUT_BLOCK_GUID,FIRE_HARVESTING_REASON_CODE,IS_UNDER_PARTITION_ORDER,REPORTED_FIRE_DATE) VALUES
	(821076,802418,'A91320','004','FU8004','NK1239','N',TIMESTAMP'2023-05-28 22:36:07','Block NK1239',NULL,'LC',NULL,2,'BCEID\LUFFY',TIMESTAMP'2022-10-20 09:06:46','BCEID\LUMPYSPACE',TIMESTAMP'2023-05-28 22:36:07','Y','EB7A82F0CA5F48ADE05332B3228E2960',NULL,NULL,NULL),
	(821077,802418,'A91320','004','FU8004','NK1257','N',TIMESTAMP'2023-05-28 22:45:11','Block NK1257',NULL,'LC',NULL,2,'BCEID\LUFFY',TIMESTAMP'2022-10-20 09:06:47','BCEID\LUMPYSPACE',TIMESTAMP'2023-05-28 22:45:11','Y','EB7A82F0CA6148ADE05332B3228E2960',NULL,NULL,NULL),
	(821078,802418,'A91320','004','FU8004','NK1277','N',TIMESTAMP'2023-05-29 15:02:08','Block NK1277',NULL,'LC',NULL,2,'BCEID\LUFFY',TIMESTAMP'2022-10-20 09:06:47','BCEID\LUMPYSPACE',TIMESTAMP'2023-05-29 15:02:08','Y','EB7A82F0CA6348ADE05332B3228E2960',NULL,NULL,NULL);

-- 879

INSERT INTO PROV_FOREST_USE (FOREST_FILE_ID,FILE_STATUS_ST,FILE_STATUS_DATE,FILE_TYPE_CODE,FOREST_REGION,BCTS_ORG_UNIT,SB_FUNDED_IND,DISTRICT_ADMIN_ZONE,MGMT_UNIT_TYPE,MGMT_UNIT_ID,REVISION_COUNT,ENTRY_USERID,ENTRY_TIMESTAMP,UPDATE_USERID,UPDATE_TIMESTAMP,FOREST_TENURE_GUID) VALUES
	 ('A16824','HI',TIMESTAMP'1992-02-11 00:00:00','A01',1824,NULL,'N',NULL,'U','14',2,'L',TIMESTAMP'1991-07-12 19:00:00','  DATAFIX_ABP_2014',TIMESTAMP'2014-06-29 10:33:21','B43E3E39E34B2EF0E0533A54228EF0D3'),
	 ('A74531','HI',TIMESTAMP'2021-01-04 00:00:00','A01',1824,NULL,'N',NULL,'U','03',1,'IDIR\MARCY',TIMESTAMP'2021-01-04 12:46:22','IDIR\MARCY',TIMESTAMP'2021-01-04 14:30:41','B81A16A5CCFB35F7E0533A54228E3669'),
	 ('R21110','HC',TIMESTAMP'2018-12-03 00:00:00','B01',1824,1824,'Y','K2','U','12',6,'IDIR\ICEKING',TIMESTAMP'2016-06-15 16:21:22','IDIR\SIMON',TIMESTAMP'2018-12-03 14:43:02','B43E3E3D36DB2EF0E0533A54228EF0D3');

INSERT INTO HAULING_AUTHORITY (TIMBER_MARK,FOREST_FILE_ID,MARKING_METHOD_CODE,MARKING_INSTRUMENT_CODE,REVISION_COUNT,ENTRY_TIMESTAMP,UPDATE_USERID,UPDATE_TIMESTAMP,ENTRY_USERID,HAULING_AUTHORITY_GUID) VALUES
	 ('EM30R1','A16824','0','H',1,TIMESTAMP'2020-01-31 15:45:48','PBBGUM',TIMESTAMP'2020-01-31 15:45:48','PBBGUM','B43E3E29164E2EF0E0533A54228EF0D3'),
	 ('JY1009','A74531','4','H',0,TIMESTAMP'2021-01-04 16:04:18','IDIR\MARCY',TIMESTAMP'2021-01-04 16:04:18','IDIR\MARCY','B81CF0A7201F0B9AE0533A54228EC88B'),
	 ('R21110','R21110',NULL,NULL,3,TIMESTAMP'2016-08-02 09:40:37','IDIR\SIMON',TIMESTAMP'2018-12-03 14:43:02','IDIR\AREVIAKI','B43E3E2B0D032EF0E0533A54228EF0D3');

INSERT INTO HARVESTING_AUTHORITY (HVA_SKEY,FOREST_FILE_ID,CUTTING_PERMIT_ID,HARVESTING_AUTHORITY_ID,FOREST_DISTRICT,DISTRICT_ADMN_ZONE,GEOGRAPHIC_DISTRICT,MGMT_UNIT_ID,MGMT_UNIT_TYPE_CODE,LICENCE_TO_CUT_CODE,HARVEST_TYPE_CODE,HARVEST_AUTH_STATUS_CODE,TENURE_TERM,STATUS_DATE,ISSUE_DATE,EXPIRY_DATE,EXTEND_DATE,EXTEND_COUNT,HARVEST_AUTH_EXTEND_REAS_CODE,QUOTA_TYPE_CODE,CROWN_LANDS_REGION_CODE,SALVAGE_TYPE_CODE,CASCADE_SPLIT_CODE,CATASTROPHIC_IND,CROWN_GRANTED_IND,CRUISE_BASED_IND,DECIDUOUS_IND,BCAA_FOLIO_NUMBER,LOCATION,HIGHER_LEVEL_PLAN_REFERENCE,HARVEST_AREA,RETIREMENT_DATE,REVISION_COUNT,ENTRY_USERID,ENTRY_TIMESTAMP,UPDATE_USERID,UPDATE_TIMESTAMP,IS_WASTE_ASSESSMENT_REQUIRED,IS_CP_EXTENSN_APPL_FEE_WAIVED,IS_CP_EXTENSION_APPL_FEE_PAID,IS_WITHIN_FIBRE_RECOVERY_ZONE,HARVESTING_AUTHORITY_GUID) VALUES
	 (201528,'A74531','9',NULL,1824,NULL,1824,NULL,NULL,NULL,'G','PE',0,TIMESTAMP'2021-01-04 16:04:18',NULL,NULL,NULL,NULL,NULL,'A',NULL,NULL,'E','N','N','N','N',NULL,'NINE',NULL,38.8362,NULL,0,'IDIR\MARCY',TIMESTAMP'2021-01-04 16:04:18','IDIR\MARCY',TIMESTAMP'2021-01-04 16:04:18','U','U','U','U','B81CF0A7201D0B9AE0533A54228EC88B');

INSERT INTO HARVESTING_HAULING_XREF (HVA_SKEY,TIMBER_MARK,PRIMARY_MARK_IND,REVISION_COUNT,ENTRY_USERID,ENTRY_TIMESTAMP,UPDATE_USERID,UPDATE_TIMESTAMP) VALUES
	 (201528,'JY1009','Y',0,'IDIR\MARCY',TIMESTAMP'2021-01-04 16:04:18','IDIR\MARCY',TIMESTAMP'2021-01-04 16:04:18');

INSERT INTO CUT_BLOCK (CB_SKEY,HVA_SKEY,FOREST_FILE_ID,CUTTING_PERMIT_ID,TIMBER_MARK,CUT_BLOCK_ID,SP_EXEMPT_IND,BLOCK_STATUS_DATE,CUT_BLOCK_DESCRIPTION,CUT_REGULATION_CODE,BLOCK_STATUS_ST,REFOREST_DECLARE_TYPE_CODE,REVISION_COUNT,ENTRY_USERID,ENTRY_TIMESTAMP,UPDATE_USERID,UPDATE_TIMESTAMP,IS_WASTE_ASSESSMENT_REQUIRED,CUT_BLOCK_GUID,FIRE_HARVESTING_REASON_CODE,IS_UNDER_PARTITION_ORDER,REPORTED_FIRE_DATE) VALUES
	 (367797,201528,'A74531','9','JY1009','CB1','N',TIMESTAMP'2021-01-04 16:04:18','A74531 CP9',NULL,'PE',NULL,0,'IDIR\MARCY',TIMESTAMP'2021-01-04 16:04:18','IDIR\MARCY',TIMESTAMP'2021-01-04 16:04:18','Y','B81CF0A720210B9AE0533A54228EC88B',NULL,NULL,NULL);

-- 36312
INSERT INTO PROV_FOREST_USE (FOREST_FILE_ID,FILE_STATUS_ST,FILE_STATUS_DATE,FILE_TYPE_CODE,FOREST_REGION,BCTS_ORG_UNIT,SB_FUNDED_IND,DISTRICT_ADMIN_ZONE,MGMT_UNIT_TYPE,MGMT_UNIT_ID,REVISION_COUNT,ENTRY_USERID,ENTRY_TIMESTAMP,UPDATE_USERID,UPDATE_TIMESTAMP,FOREST_TENURE_GUID) VALUES
	 ('W1576','HI',TIMESTAMP'1999-05-14 00:00:00','A04',38,NULL,'N',NULL,'F',NULL,4,'KMAURER',TIMESTAMP'1995-09-06 14:12:43','IDIR\TDSWANSO',TIMESTAMP'2018-11-20 09:18:50','B994A7AB27E52408E05332B3228E5273');

INSERT INTO HAULING_AUTHORITY (TIMBER_MARK,FOREST_FILE_ID,MARKING_METHOD_CODE,MARKING_INSTRUMENT_CODE,REVISION_COUNT,ENTRY_TIMESTAMP,UPDATE_USERID,UPDATE_TIMESTAMP,ENTRY_USERID,HAULING_AUTHORITY_GUID) VALUES
    ('WBANDD','W1576','1','H',2,TIMESTAMP'2021-04-06 12:08:46','IDIR\TDSWANSO',TIMESTAMP'2021-06-09 12:53:27','BCEID\NEMARTIN','BF538B0021EB5B00E05332B3228EE4DD');

INSERT INTO HARVESTING_AUTHORITY (HVA_SKEY,FOREST_FILE_ID,CUTTING_PERMIT_ID,HARVESTING_AUTHORITY_ID,FOREST_DISTRICT,DISTRICT_ADMN_ZONE,GEOGRAPHIC_DISTRICT,MGMT_UNIT_ID,MGMT_UNIT_TYPE_CODE,LICENCE_TO_CUT_CODE,HARVEST_TYPE_CODE,HARVEST_AUTH_STATUS_CODE,TENURE_TERM,STATUS_DATE,ISSUE_DATE,EXPIRY_DATE,EXTEND_DATE,EXTEND_COUNT,HARVEST_AUTH_EXTEND_REAS_CODE,QUOTA_TYPE_CODE,CROWN_LANDS_REGION_CODE,SALVAGE_TYPE_CODE,CASCADE_SPLIT_CODE,CATASTROPHIC_IND,CROWN_GRANTED_IND,CRUISE_BASED_IND,DECIDUOUS_IND,BCAA_FOLIO_NUMBER,LOCATION,HIGHER_LEVEL_PLAN_REFERENCE,HARVEST_AREA,RETIREMENT_DATE,REVISION_COUNT,ENTRY_USERID,ENTRY_TIMESTAMP,UPDATE_USERID,UPDATE_TIMESTAMP,IS_WASTE_ASSESSMENT_REQUIRED,IS_CP_EXTENSN_APPL_FEE_WAIVED,IS_CP_EXTENSION_APPL_FEE_PAID,IS_WITHIN_FIBRE_RECOVERY_ZONE,HARVESTING_AUTHORITY_GUID) VALUES
    (789745,'W1576','DD',NULL,38,'SPAR',38,NULL,NULL,NULL,'G','HI',48,TIMESTAMP'2021-06-08 00:00:00',TIMESTAMP'2021-06-08 00:00:00',TIMESTAMP'2025-06-07 00:00:00',NULL,NULL,NULL,'A',NULL,'SSS','E','N','N','N','N',NULL,'Bruce Lake',NULL,NULL,NULL,4,'BCEID\NEMARTIN',TIMESTAMP'2021-04-06 12:08:46','IDIR\TDSWANSO',TIMESTAMP'2021-06-09 12:53:27','U','U','U','N','BF538B0021E75B00E05332B3228EE4DD');

INSERT INTO HARVESTING_HAULING_XREF (HVA_SKEY,TIMBER_MARK,PRIMARY_MARK_IND,REVISION_COUNT,ENTRY_USERID,ENTRY_TIMESTAMP,UPDATE_USERID,UPDATE_TIMESTAMP) VALUES
    (789745,'WBANDD','Y',0,'BCEID\NEMARTIN',TIMESTAMP'2021-04-06 12:08:46','BCEID\NEMARTIN',TIMESTAMP'2021-04-06 12:08:46');

INSERT INTO CUT_BLOCK (CB_SKEY,HVA_SKEY,FOREST_FILE_ID,CUTTING_PERMIT_ID,TIMBER_MARK,CUT_BLOCK_ID,SP_EXEMPT_IND,BLOCK_STATUS_DATE,CUT_BLOCK_DESCRIPTION,CUT_REGULATION_CODE,BLOCK_STATUS_ST,REFOREST_DECLARE_TYPE_CODE,REVISION_COUNT,ENTRY_USERID,ENTRY_TIMESTAMP,UPDATE_USERID,UPDATE_TIMESTAMP,IS_WASTE_ASSESSMENT_REQUIRED,CUT_BLOCK_GUID,FIRE_HARVESTING_REASON_CODE,IS_UNDER_PARTITION_ORDER,REPORTED_FIRE_DATE) VALUES
                                                                                                                                                                                                                                                                                                                                                                                                                           (853691,789745,'W1576','DD','WBANDD','2','N',TIMESTAMP'2025-04-23 08:40:42','SSS indicates WL 1 CP CL',NULL,'LC',NULL,3,'IDIR\SGODSOE',TIMESTAMP'2025-04-10 11:15:35','BCEID\ECARPENTIER',TIMESTAMP'2025-04-23 09:01:10','Y','326FEF29BDDE5FBBE06332B3228E9236',NULL,NULL,NULL),
                                                                                                                                                                                                                                                                                                                                                                                                                           (853692,789745,'W1576','DD','WBANDD','3','N',TIMESTAMP'2025-04-23 08:41:19','SSS indicates WL 1 CP CL',NULL,'LC',NULL,3,'IDIR\SGODSOE',TIMESTAMP'2025-04-10 11:16:18','BCEID\ECARPENTIER',TIMESTAMP'2025-04-23 09:01:27','Y','326FEF29BDE05FBBE06332B3228E9236',NULL,NULL,NULL);