-- Peripheral data pump for reporting unit 2258

INSERT INTO PROV_FOREST_USE (FOREST_FILE_ID,FILE_STATUS_ST,FILE_STATUS_DATE,FILE_TYPE_CODE,FOREST_REGION,BCTS_ORG_UNIT,SB_FUNDED_IND,DISTRICT_ADMIN_ZONE,MGMT_UNIT_TYPE,MGMT_UNIT_ID,REVISION_COUNT,ENTRY_USERID,ENTRY_TIMESTAMP,UPDATE_USERID,UPDATE_TIMESTAMP,FOREST_TENURE_GUID) VALUES
		('A19220','HI',TIMESTAMP'1982-10-30 00:00:00','A01',21,NULL,'N',NULL,'U','39',9,'IDIR\LSP',TIMESTAMP'1991-07-12 19:00:00','IDIR\FLAMEPRINCE',TIMESTAMP'2024-10-09 10:05:05','B994A7A71EC92408E05332B3228E5273'),
		('R01689','HI',TIMESTAMP'2013-07-15 14:45:00','B01',1824,NULL,'N','RS','U','39',74,'IDIR\MARCELINE',TIMESTAMP'1992-05-26 12:23:50','IDIR\BMO',TIMESTAMP'2013-07-15 14:45:00','B994A7AA64F32408E05332B3228E5273');

INSERT INTO HAULING_AUTHORITY (TIMBER_MARK,FOREST_FILE_ID,MARKING_METHOD_CODE,MARKING_INSTRUMENT_CODE,REVISION_COUNT,ENTRY_TIMESTAMP,UPDATE_USERID,UPDATE_TIMESTAMP,ENTRY_USERID,HAULING_AUTHORITY_GUID) VALUES
	 ('EB5174','A19220','1','H',4,TIMESTAMP'2004-12-03 15:15:37','IDIR\TPERRIN',TIMESTAMP'2009-03-27 10:42:32','IDIR\JLDOBSON','B994A76D79A72408E05332B3228E5273'),
	 ('EB5175','A19220','1','H',4,TIMESTAMP'2005-02-09 12:45:26','IDIR\TPERRIN',TIMESTAMP'2009-03-27 10:43:32','idir\jldobson','B994A76D79A82408E05332B3228E5273'),
	 ('EB5176','A19220','1','H',5,TIMESTAMP'2005-04-01 12:21:37','IDIR\TPERRIN',TIMESTAMP'2009-05-29 10:41:19','idir\jldobson','B994A76D79A92408E05332B3228E5273'),
	 ('EB5516','A19220','S','H',4,TIMESTAMP'2005-07-13 09:36:41','IDIR\TPERRIN',TIMESTAMP'2010-02-12 15:07:57','bceid\clowe','B994A76D79F32408E05332B3228E5273'),
	 ('EB5527','A19220','1','H',6,TIMESTAMP'2006-04-19 08:33:45','IDIR\TPERRIN',TIMESTAMP'2014-11-03 14:42:01','bceid\clowe','B994A76D79FD2408E05332B3228E5273'),
	 ('EB5670','A19220','S','H',2,TIMESTAMP'2003-01-13 11:39:42','IDIR\TPERRIN',TIMESTAMP'2007-07-25 13:53:37','LWIGHTMA','B994A76D7A432408E05332B3228E5273'),
	 ('EB5673','A19220','1','H',4,TIMESTAMP'2004-04-22 11:06:15','IDIR\TPERRIN',TIMESTAMP'2008-06-25 14:38:21','IDIR\KELADYMA','B994A76D7A462408E05332B3228E5273'),
	 ('EB5674','A19220','1','H',5,TIMESTAMP'2004-12-22 15:03:27','IDIR\TPERRIN',TIMESTAMP'2010-01-26 15:25:35','idir\jldobson','B994A76D7A472408E05332B3228E5273'),
	 ('EB5675','A19220','1','H',4,TIMESTAMP'2004-12-22 14:51:04','IDIR\TPERRIN',TIMESTAMP'2009-03-27 11:06:31','idir\jldobson','B994A76D7A482408E05332B3228E5273'),
	 ('R01689','R01689','0','H',57,TIMESTAMP'1992-05-26 12:23:50','IDIR\TPERRIN',TIMESTAMP'2009-11-18 09:45:05','L','B994A77048902408E05332B3228E5273');

INSERT INTO HARVESTING_AUTHORITY (HVA_SKEY,FOREST_FILE_ID,CUTTING_PERMIT_ID,HARVESTING_AUTHORITY_ID,FOREST_DISTRICT,DISTRICT_ADMN_ZONE,GEOGRAPHIC_DISTRICT,MGMT_UNIT_ID,MGMT_UNIT_TYPE_CODE,LICENCE_TO_CUT_CODE,HARVEST_TYPE_CODE,HARVEST_AUTH_STATUS_CODE,TENURE_TERM,STATUS_DATE,ISSUE_DATE,EXPIRY_DATE,EXTEND_DATE,EXTEND_COUNT,HARVEST_AUTH_EXTEND_REAS_CODE,QUOTA_TYPE_CODE,CROWN_LANDS_REGION_CODE,SALVAGE_TYPE_CODE,CASCADE_SPLIT_CODE,CATASTROPHIC_IND,CROWN_GRANTED_IND,CRUISE_BASED_IND,DECIDUOUS_IND,BCAA_FOLIO_NUMBER,LOCATION,HIGHER_LEVEL_PLAN_REFERENCE,HARVEST_AREA,RETIREMENT_DATE,REVISION_COUNT,ENTRY_USERID,ENTRY_TIMESTAMP,UPDATE_USERID,UPDATE_TIMESTAMP,IS_WASTE_ASSESSMENT_REQUIRED,IS_CP_EXTENSN_APPL_FEE_WAIVED,IS_CP_EXTENSION_APPL_FEE_PAID,IS_WITHIN_FIBRE_RECOVERY_ZONE,HARVESTING_AUTHORITY_GUID) VALUES
	 (113024,'A19220','674',NULL,27,'LW',27,'39','U',NULL,'G','HC',48,TIMESTAMP'2010-01-18 00:00:00',TIMESTAMP'2005-01-20 00:00:00',TIMESTAMP'2009-01-19 00:00:00',NULL,0,NULL,'A',NULL,NULL,'W','N','N','N','N',NULL,'CLO-163A',NULL,NULL,TIMESTAMP'2010-01-18 11:49:59',7,'idir\jldobson',TIMESTAMP'2004-12-22 15:03:27','IDIR\TPERRIN',TIMESTAMP'2010-01-26 15:25:34','U','U','U','U','B9B090AC7416645AE05332B3228EA5A5'),
	 (112451,'A19220','516',NULL,27,'LW',27,'39','U',NULL,'G','HC',48,TIMESTAMP'2010-02-12 00:00:00',TIMESTAMP'2005-09-14 00:00:00',TIMESTAMP'2009-09-13 00:00:00',NULL,0,NULL,'A',NULL,NULL,'W','N','N','N','N',NULL,'DOWNIE RANGE',NULL,NULL,TIMESTAMP'2010-02-12 15:08:00',6,'bceid\clowe',TIMESTAMP'2005-07-13 09:36:41','IDIR\TPERRIN',TIMESTAMP'2010-02-12 15:08:00','U','U','U','U','B9B090AC71E5645AE05332B3228EA5A5'),
	 (115245,'A19220','527',NULL,27,'LW',27,'39','U',NULL,'G','HC',48,TIMESTAMP'2014-11-03 00:00:00',TIMESTAMP'2006-05-11 00:00:00',TIMESTAMP'2010-05-10 00:00:00',NULL,0,NULL,'A',NULL,NULL,'W','N','N','N','N',NULL,'CP527 A19220',NULL,NULL,TIMESTAMP'2014-11-03 14:42:05',8,'bceid\clowe',TIMESTAMP'2006-04-19 08:33:45','IDIR\TPERRIN',TIMESTAMP'2014-11-03 14:42:05','U','U','U','U','B9B090AC7C87645AE05332B3228EA5A5'),
	 (113028,'A19220','176',NULL,27,'GN',27,'39','U',NULL,'G','HC',48,TIMESTAMP'2009-05-29 00:00:00',TIMESTAMP'2005-04-29 00:00:00',TIMESTAMP'2009-04-28 00:00:00',NULL,0,NULL,'A',NULL,NULL,'W','N','N','N','N',NULL,'CP 176 Stakawus Patato Creek',NULL,156.957,TIMESTAMP'2009-05-29 10:52:00',7,'idir\jldobson',TIMESTAMP'2005-04-01 12:21:37','IDIR\TPERRIN',TIMESTAMP'2009-05-29 10:52:00','U','U','U','U','B9B090AC741A645AE05332B3228EA5A5'),
	 (111360,'A19220','670',NULL,27,'RS',27,'39','U',NULL,'G','HC',24,TIMESTAMP'2007-07-25 00:00:00',TIMESTAMP'2003-03-03 00:00:00',TIMESTAMP'2005-03-02 00:00:00',TIMESTAMP'2007-03-31 00:00:00',1,'X','A',NULL,NULL,'W','N','N','N','N',NULL,'FTA Data Cleanup',NULL,252.2912,TIMESTAMP'2007-07-25 13:53:45',4,'LWIGHTMA',TIMESTAMP'2003-01-13 11:39:42','IDIR\TPERRIN',TIMESTAMP'2007-07-25 13:53:45','U','U','U','U','B9B090AC6DC2645AE05332B3228EA5A5'),
	 (114984,'A19220','675',NULL,27,'RS',27,'39','U',NULL,'G','HC',48,TIMESTAMP'2009-03-27 00:00:00',TIMESTAMP'2005-01-19 00:00:00',TIMESTAMP'2009-01-18 00:00:00',NULL,0,NULL,'A',NULL,NULL,'W','N','N','N','N',NULL,'CLO-153',NULL,112.2731,TIMESTAMP'2009-03-27 11:06:33',6,'idir\jldobson',TIMESTAMP'2004-12-22 14:51:04','IDIR\TPERRIN',TIMESTAMP'2009-03-27 11:06:33','U','U','U','U','B9B090AC7B88645AE05332B3228EA5A5'),
	 (111756,'A19220','175',NULL,27,'GN',27,'39','U',NULL,'G','HC',48,TIMESTAMP'2009-03-27 00:00:00',TIMESTAMP'2005-02-18 00:00:00',TIMESTAMP'2009-02-17 00:00:00',NULL,0,NULL,'A',NULL,NULL,'W','N','N','N','N',NULL,'CP 175 H102SS',NULL,47.1067,TIMESTAMP'2009-03-27 10:43:35',6,'idir\jldobson',TIMESTAMP'2005-02-09 12:45:26','IDIR\TPERRIN',TIMESTAMP'2009-03-27 10:43:35','U','U','U','U','B9B090AC6F44645AE05332B3228EA5A5'),
	 (115272,'A19220','174',NULL,27,'LW',27,'39','U',NULL,'G','HC',48,TIMESTAMP'2009-03-27 00:00:00',TIMESTAMP'2005-02-09 00:00:00',TIMESTAMP'2009-02-08 00:00:00',NULL,0,NULL,'A',NULL,NULL,'W','N','N','N','N',NULL,'CP 174 Jervis Inlet',NULL,126.7173,TIMESTAMP'2009-03-27 10:43:44',6,'IDIR\JLDOBSON',TIMESTAMP'2004-12-03 15:15:37','IDIR\TPERRIN',TIMESTAMP'2009-03-27 10:43:44','U','U','U','U','B9B090AC7CA2645AE05332B3228EA5A5'),
	 (112117,'A19220','673',NULL,27,'RS',27,'39','U',NULL,'G','HC',48,TIMESTAMP'2008-06-25 00:00:00',TIMESTAMP'2004-04-26 00:00:00',TIMESTAMP'2008-04-25 00:00:00',NULL,0,NULL,'A',NULL,NULL,'W','N','N','N','N',NULL,'Conventional Harvesting',NULL,82.3045,TIMESTAMP'2008-06-25 14:38:58',6,'IDIR\KELADYMA',TIMESTAMP'2004-04-22 11:06:15','IDIR\TPERRIN',TIMESTAMP'2008-06-25 14:38:58','U','U','U','U','B9B090AC70A1645AE05332B3228EA5A5');

INSERT INTO CUT_BLOCK (CB_SKEY,HVA_SKEY,FOREST_FILE_ID,CUTTING_PERMIT_ID,TIMBER_MARK,CUT_BLOCK_ID,SP_EXEMPT_IND,BLOCK_STATUS_DATE,CUT_BLOCK_DESCRIPTION,CUT_REGULATION_CODE,BLOCK_STATUS_ST,REFOREST_DECLARE_TYPE_CODE,REVISION_COUNT,ENTRY_USERID,ENTRY_TIMESTAMP,UPDATE_USERID,UPDATE_TIMESTAMP,IS_WASTE_ASSESSMENT_REQUIRED,CUT_BLOCK_GUID,FIRE_HARVESTING_REASON_CODE,IS_UNDER_PARTITION_ORDER,REPORTED_FIRE_DATE) VALUES
	 (95842,112451,'A19220','516','EB5516','FRB3AH','N',TIMESTAMP'2006-11-03 16:18:45','FRANCES BAY',NULL,'S',NULL,3,'bceid\clowe',TIMESTAMP'2005-07-13 09:36:41','FTA 4.0 DATA CONVERSION',TIMESTAMP'2007-06-02 11:15:37','U','B9B0909F4537645AE05332B3228EA5A5',NULL,NULL,NULL),
	 (95843,112451,'A19220','516','EB5516','DR1H','N',TIMESTAMP'2006-11-08 14:40:46','DOWNIE RANGE',NULL,'S',NULL,3,'bceid\clowe',TIMESTAMP'2005-07-13 09:36:41','FTA 4.0 DATA CONVERSION',TIMESTAMP'2007-06-02 11:15:37','U','B9B0909F4538645AE05332B3228EA5A5',NULL,NULL,NULL),
	 (95844,112451,'A19220','516','EB5516','FRB2BH','N',TIMESTAMP'2006-07-21 10:38:10','FRANCES BAY',NULL,'S',NULL,3,'bceid\clowe',TIMESTAMP'2005-07-13 09:36:41','FTA 4.0 DATA CONVERSION',TIMESTAMP'2007-06-02 11:15:37','U','B9B0909F4539645AE05332B3228EA5A5',NULL,NULL,NULL),
	 (95845,112451,'A19220','516','EB5516','FRB2H','N',TIMESTAMP'2006-11-03 16:18:45','FRANCES BAY',NULL,'S',NULL,3,'bceid\clowe',TIMESTAMP'2005-07-13 09:36:41','FTA 4.0 DATA CONVERSION',TIMESTAMP'2007-06-02 11:15:37','U','B9B0909F453A645AE05332B3228EA5A5',NULL,NULL,NULL),
	 (95846,112451,'A19220','516','EB5516','FRB4H','N',TIMESTAMP'2006-11-02 10:10:18','FRANCES BAY',NULL,'S',NULL,3,'bceid\clowe',TIMESTAMP'2005-07-13 09:36:41','FTA 4.0 DATA CONVERSION',TIMESTAMP'2007-06-02 11:15:37','U','B9B0909F453B645AE05332B3228EA5A5',NULL,NULL,NULL),
	 (95847,112451,'A19220','516','EB5516','FRB3H','N',TIMESTAMP'2006-11-03 16:18:45','FRANCES BAY',NULL,'S',NULL,3,'bceid\clowe',TIMESTAMP'2005-07-13 09:36:41','FTA 4.0 DATA CONVERSION',TIMESTAMP'2007-06-02 11:15:37','U','B9B0909F453C645AE05332B3228EA5A5',NULL,NULL,NULL),
	 (95848,112451,'A19220','516','EB5516','FRB2AH','N',TIMESTAMP'2006-11-03 16:18:45','FRANCES BAY',NULL,'S',NULL,3,'bceid\clowe',TIMESTAMP'2005-07-13 09:36:41','FTA 4.0 DATA CONVERSION',TIMESTAMP'2007-06-02 11:15:37','U','B9B0909F453D645AE05332B3228EA5A5',NULL,NULL,NULL),
	 (95849,112451,'A19220','516','EB5516','DR2H','N',TIMESTAMP'2006-11-08 14:40:46','DOWNIE RANGE',NULL,'S',NULL,3,'bceid\clowe',TIMESTAMP'2005-07-13 09:36:41','FTA 4.0 DATA CONVERSION',TIMESTAMP'2007-06-02 11:15:37','U','B9B0909F453E645AE05332B3228EA5A5',NULL,NULL,NULL),
	 (95850,112451,'A19220','516','EB5516','DR1HA','N',TIMESTAMP'2006-11-08 14:40:46','DOWNIE RANGE',NULL,'S',NULL,3,'bceid\clowe',TIMESTAMP'2005-07-13 09:36:41','FTA 4.0 DATA CONVERSION',TIMESTAMP'2007-06-02 11:15:37','U','B9B0909F453F645AE05332B3228EA5A5',NULL,NULL,NULL),
	 (95851,112451,'A19220','516','EB5516','FRB5H','N',TIMESTAMP'2006-11-02 10:10:18','FRANCES BAY',NULL,'S',NULL,3,'bceid\clowe',TIMESTAMP'2005-07-13 09:36:41','FTA 4.0 DATA CONVERSION',TIMESTAMP'2007-06-02 11:15:37','U','B9B0909F4540645AE05332B3228EA5A5',NULL,NULL,NULL),
	 (95852,112451,'A19220','516','EB5516','FRB1H','N',TIMESTAMP'2006-11-02 10:10:18','FRANCES BAY',NULL,'S',NULL,3,'bceid\clowe',TIMESTAMP'2005-07-13 09:36:41','FTA 4.0 DATA CONVERSION',TIMESTAMP'2007-06-02 11:15:37','U','B9B0909F4541645AE05332B3228EA5A5',NULL,NULL,NULL),
	 (95879,115245,'A19220','527','EB5527','FRB8','N',TIMESTAMP'2006-07-21 09:53:09','FRANCES BAY',NULL,'S',NULL,3,'bceid\clowe',TIMESTAMP'2006-04-19 08:33:46','FTA 4.0 DATA CONVERSION',TIMESTAMP'2007-06-02 11:15:37','U','B9B0909F455C645AE05332B3228EA5A5',NULL,NULL,NULL),
	 (96101,111360,'A19220','670','EB5670','CLO-67A','N',TIMESTAMP'2006-11-02 15:22:39',NULL,NULL,'LC',NULL,5,'FTA_CONV',TIMESTAMP'2003-11-15 10:48:17','IDIR\BFOUGERE',TIMESTAMP'2007-11-07 15:56:55','U','B9B0909F463A645AE05332B3228EA5A5',NULL,NULL,NULL),
	 (96117,112117,'A19220','673','EB5673','CLO-159','N',TIMESTAMP'2006-01-14 13:00:21',NULL,NULL,'LC',NULL,2,'IDIR\KELADYMA',TIMESTAMP'2004-04-22 11:06:15','FTA 4.0 DATA CONVERSION',TIMESTAMP'2007-06-02 11:15:37','U','B9B0909F464A645AE05332B3228EA5A5',NULL,NULL,NULL),
	 (96125,113024,'A19220','674','EB5674','CLO-166','N',TIMESTAMP'2009-03-27 00:00:00','CLO-166',NULL,'LC',NULL,2,'idir\jldobson',TIMESTAMP'2004-12-22 15:03:27','IDIR\TPERRIN',TIMESTAMP'2009-03-27 10:48:52','U','B9B0909F4652645AE05332B3228EA5A5',NULL,NULL,NULL),
	 (96127,113024,'A19220','674','EB5674','CLO-368','N',TIMESTAMP'2010-01-18 00:00:00','CLO-368',NULL,'LC',NULL,2,'idir\jldobson',TIMESTAMP'2004-12-22 15:03:27','IDIR\TPERRIN',TIMESTAMP'2010-01-18 11:49:00','U','B9B0909F4654645AE05332B3228EA5A5',NULL,NULL,NULL),
	 (96131,114984,'A19220','675','EB5675','CLO-153','N',TIMESTAMP'2006-09-22 10:23:08','CLO-153',NULL,'LC',NULL,2,'idir\jldobson',TIMESTAMP'2004-12-22 14:51:04','FTA 4.0 DATA CONVERSION',TIMESTAMP'2007-06-02 11:15:37','U','B9B0909F4658645AE05332B3228EA5A5',NULL,NULL,NULL),
	 (96133,114984,'A19220','675','EB5675','CLO-42','N',TIMESTAMP'2006-07-18 08:03:26','CLO-42',NULL,'LC',NULL,2,'idir\jldobson',TIMESTAMP'2004-12-22 14:51:04','FTA 4.0 DATA CONVERSION',TIMESTAMP'2007-06-02 11:15:37','U','B9B0909F465A645AE05332B3228EA5A5',NULL,NULL,NULL),
	 (154490,115272,'A19220','174','EB5174','PT5H','N',TIMESTAMP'2006-12-12 09:53:10',NULL,NULL,'LC',NULL,3,'IDIR\JLDOBSON',TIMESTAMP'2004-12-03 15:15:38','IDIR\BFOUGERE',TIMESTAMP'2010-03-08 13:09:30','U','B9B090A02988645AE05332B3228EA5A5',NULL,NULL,NULL),
	 (154491,115272,'A19220','174','EB5174','PT5','N',TIMESTAMP'2014-05-01 15:41:46',NULL,NULL,'S',NULL,3,'IDIR\JLDOBSON',TIMESTAMP'2004-12-03 15:15:38','BCEID\LHARRIS',TIMESTAMP'2014-05-01 15:41:46','U','B9B090A02989645AE05332B3228EA5A5',NULL,NULL,NULL);
INSERT INTO CUT_BLOCK (CB_SKEY,HVA_SKEY,FOREST_FILE_ID,CUTTING_PERMIT_ID,TIMBER_MARK,CUT_BLOCK_ID,SP_EXEMPT_IND,BLOCK_STATUS_DATE,CUT_BLOCK_DESCRIPTION,CUT_REGULATION_CODE,BLOCK_STATUS_ST,REFOREST_DECLARE_TYPE_CODE,REVISION_COUNT,ENTRY_USERID,ENTRY_TIMESTAMP,UPDATE_USERID,UPDATE_TIMESTAMP,IS_WASTE_ASSESSMENT_REQUIRED,CUT_BLOCK_GUID,FIRE_HARVESTING_REASON_CODE,IS_UNDER_PARTITION_ORDER,REPORTED_FIRE_DATE) VALUES
	 (154492,115272,'A19220','174','EB5174','PT4H','N',TIMESTAMP'2006-12-06 15:55:30',NULL,NULL,'LC',NULL,2,'IDIR\JLDOBSON',TIMESTAMP'2004-12-03 15:15:38','FTA 4.0 DATA CONVERSION',TIMESTAMP'2007-06-02 11:15:37','U','B9B090A0298A645AE05332B3228EA5A5',NULL,NULL,NULL),
	 (154498,111756,'A19220','175','EB5175','N17','N',TIMESTAMP'2009-03-27 00:00:00','CP 175 N17',NULL,'LC',NULL,2,'idir\jldobson',TIMESTAMP'2005-02-09 12:45:26','IDIR\TPERRIN',TIMESTAMP'2009-03-27 10:43:20','U','B9B090A02990645AE05332B3228EA5A5',NULL,NULL,NULL),
	 (154499,111756,'A19220','175','EB5175','N100','N',TIMESTAMP'2009-03-27 00:00:00','CP 175 N100',NULL,'LC',NULL,2,'idir\jldobson',TIMESTAMP'2005-02-09 12:45:26','IDIR\TPERRIN',TIMESTAMP'2009-03-27 10:43:01','U','B9B090A02991645AE05332B3228EA5A5',NULL,NULL,NULL),
	 (154501,113028,'A19220','176','EB5176','PT8H','N',TIMESTAMP'2006-12-11 11:49:09',NULL,NULL,'LC',NULL,2,'idir\jldobson',TIMESTAMP'2005-04-01 12:21:38','FTA 4.0 DATA CONVERSION',TIMESTAMP'2007-06-02 11:15:37','U','B9B090A02993645AE05332B3228EA5A5',NULL,NULL,NULL);

