-- Peripheral data pump for reporting unit 34906

INSERT INTO PROV_FOREST_USE (FOREST_FILE_ID,FILE_STATUS_ST,FILE_STATUS_DATE,FILE_TYPE_CODE,FOREST_REGION,BCTS_ORG_UNIT,SB_FUNDED_IND,DISTRICT_ADMIN_ZONE,MGMT_UNIT_TYPE,MGMT_UNIT_ID,REVISION_COUNT,ENTRY_USERID,ENTRY_TIMESTAMP,UPDATE_USERID,UPDATE_TIMESTAMP,FOREST_TENURE_GUID) VALUES
	('A88221','HI',TIMESTAMP'2011-05-13 00:00:00','A41',1619,NULL,'N',NULL,'U','11',4,'IDIR\FINN',TIMESTAMP'2010-10-06 14:01:21','IDIR\FINN',TIMESTAMP'2019-01-10 09:25:27','B994A7A7E02C2408E05332B3228E5273'),
	('A97537','HI',TIMESTAMP'2021-05-04 00:00:00','A01',27,NULL,'N',NULL,'U','11',6,'IDIR\JAKE',TIMESTAMP'2020-04-27 09:54:11','IDIR\JAKE',TIMESTAMP'2024-10-04 11:35:27','B994A7AB44F32408E05332B3228E5273');

INSERT INTO HAULING_AUTHORITY (TIMBER_MARK,FOREST_FILE_ID,MARKING_METHOD_CODE,MARKING_INSTRUMENT_CODE,REVISION_COUNT,ENTRY_TIMESTAMP,UPDATE_USERID,UPDATE_TIMESTAMP,ENTRY_USERID,HAULING_AUTHORITY_GUID) VALUES
	('DW90R1','A88221','0','H',1,TIMESTAMP'2011-06-07 14:37:32','IDIR\BMO',TIMESTAMP'2011-06-07 14:37:32','IDIR\BMO','B994A76D5F292408E05332B3228E5273'),
	('DW9B09','A88221','4','H',1,TIMESTAMP'2023-12-06 10:03:16','IDIR\PRINCESSBUBBLEGUM',TIMESTAMP'2024-01-31 09:14:28','BCEID\LEMONGRAB','0BDC2A41AD265533E06332B3228E0688'),
	('HK40R1','A97537',NULL,NULL,1,TIMESTAMP'2023-11-17 13:40:39','IDIR\BMO',TIMESTAMP'2023-11-17 13:40:39','IDIR\BMO','0A60FCC37E0A3CEBE06332B3228E0F31'),
	('HK4R02','A97537','4','H',1,TIMESTAMP'2024-03-25 08:29:12','IDIR\PRINCESSBUBBLEGUM',TIMESTAMP'2024-05-31 14:31:43','BCEID\ICEKING','147ED5D04F2B737EE06332B3228EAE0E');

INSERT INTO HARVESTING_AUTHORITY (HVA_SKEY,FOREST_FILE_ID,CUTTING_PERMIT_ID,HARVESTING_AUTHORITY_ID,FOREST_DISTRICT,DISTRICT_ADMN_ZONE,GEOGRAPHIC_DISTRICT,MGMT_UNIT_ID,MGMT_UNIT_TYPE_CODE,LICENCE_TO_CUT_CODE,HARVEST_TYPE_CODE,HARVEST_AUTH_STATUS_CODE,TENURE_TERM,STATUS_DATE,ISSUE_DATE,EXPIRY_DATE,EXTEND_DATE,EXTEND_COUNT,HARVEST_AUTH_EXTEND_REAS_CODE,QUOTA_TYPE_CODE,CROWN_LANDS_REGION_CODE,SALVAGE_TYPE_CODE,CASCADE_SPLIT_CODE,CATASTROPHIC_IND,CROWN_GRANTED_IND,CRUISE_BASED_IND,DECIDUOUS_IND,BCAA_FOLIO_NUMBER,LOCATION,HIGHER_LEVEL_PLAN_REFERENCE,HARVEST_AREA,RETIREMENT_DATE,REVISION_COUNT,ENTRY_USERID,ENTRY_TIMESTAMP,UPDATE_USERID,UPDATE_TIMESTAMP,IS_WASTE_ASSESSMENT_REQUIRED,IS_CP_EXTENSN_APPL_FEE_WAIVED,IS_CP_EXTENSION_APPL_FEE_PAID,IS_WITHIN_FIBRE_RECOVERY_ZONE,HARVESTING_AUTHORITY_GUID) VALUES
	(811341,'A88221','B09',NULL,21,'C',18,NULL,NULL,NULL,'G','HI',48,TIMESTAMP'2024-01-16 00:00:00',TIMESTAMP'2024-01-31 00:00:00',TIMESTAMP'2028-01-30 00:00:00',NULL,NULL,NULL,'A','3',NULL,'E','N','N','N','N',NULL,'Blue River and Raft',NULL,NULL,NULL,2,'BCEID\LEMONGRAB',TIMESTAMP'2023-12-06 10:03:16','IDIR\PRINCESSBUBBLEGUM',TIMESTAMP'2024-01-31 09:14:27','U','U','U','N','0BDC2A41AD1E5533E06332B3228E0688'),
	(814006,'A97537','R02',NULL,48,'K',1823,NULL,NULL,NULL,'G','HI',48,TIMESTAMP'2024-05-27 00:00:00',TIMESTAMP'2024-05-31 00:00:00',TIMESTAMP'2028-05-30 00:00:00',NULL,NULL,NULL,'A','3',NULL,'E','N','N','N','N',NULL,'Raft River',NULL,NULL,NULL,2,'BCEID\ICEKING',TIMESTAMP'2024-03-25 08:29:12','IDIR\PRINCESSBUBBLEGUM',TIMESTAMP'2024-05-31 14:31:43','U','U','U','N','147ED5D04F1B737EE06332B3228EAE0E');

INSERT INTO CUT_BLOCK (CB_SKEY,HVA_SKEY,FOREST_FILE_ID,CUTTING_PERMIT_ID,TIMBER_MARK,CUT_BLOCK_ID,SP_EXEMPT_IND,BLOCK_STATUS_DATE,CUT_BLOCK_DESCRIPTION,CUT_REGULATION_CODE,BLOCK_STATUS_ST,REFOREST_DECLARE_TYPE_CODE,REVISION_COUNT,ENTRY_USERID,ENTRY_TIMESTAMP,UPDATE_USERID,UPDATE_TIMESTAMP,IS_WASTE_ASSESSMENT_REQUIRED,CUT_BLOCK_GUID,FIRE_HARVESTING_REASON_CODE,IS_UNDER_PARTITION_ORDER,REPORTED_FIRE_DATE) VALUES
	(837561,811341,'A88221','B09','DW9B09','R105','N',TIMESTAMP'2025-05-28 18:56:59',NULL,NULL,'LC',NULL,2,'BCEID\LEMONGRAB',TIMESTAMP'2023-12-06 10:03:16','BCEID\LEMONGRAB',TIMESTAMP'2025-05-28 18:56:59','Y','0BDC2A41AD225533E06332B3228E0688',NULL,NULL,NULL),
	(842443,814006,'A97537','R02','HK4R02','R102','N',TIMESTAMP'2025-05-28 18:56:59',NULL,NULL,'LC',NULL,2,'BCEID\ICEKING',TIMESTAMP'2024-03-25 08:29:12','BCEID\LEMONGRAB',TIMESTAMP'2025-05-28 18:56:59','Y','147ED5D04F1D737EE06332B3228EAE0E',NULL,NULL,NULL),
	(842444,814006,'A97537','R02','HK4R02','R218','N',TIMESTAMP'2025-05-28 18:56:59',NULL,NULL,'LC',NULL,2,'BCEID\ICEKING',TIMESTAMP'2024-03-25 08:29:12','BCEID\LEMONGRAB',TIMESTAMP'2025-05-28 18:56:59','Y','147ED5D04F1F737EE06332B3228EAE0E',NULL,NULL,NULL),
	(842445,814006,'A97537','R02','HK4R02','R571','N',TIMESTAMP'2025-05-28 18:56:59',NULL,NULL,'LC',NULL,2,'BCEID\ICEKING',TIMESTAMP'2024-03-25 08:29:12','BCEID\LEMONGRAB',TIMESTAMP'2025-05-28 18:56:59','Y','147ED5D04F21737EE06332B3228EAE0E',NULL,NULL,NULL),
	(842446,814006,'A97537','R02','HK4R02','R569','N',TIMESTAMP'2025-05-28 18:56:59',NULL,NULL,'LC',NULL,2,'BCEID\ICEKING',TIMESTAMP'2024-03-25 08:29:12','BCEID\LEMONGRAB',TIMESTAMP'2025-05-28 18:56:59','Y','147ED5D04F23737EE06332B3228EAE0E',NULL,NULL,NULL),
	(842447,814006,'A97537','R02','HK4R02','R274','N',TIMESTAMP'2025-08-05 11:24:40',NULL,NULL,'LC',NULL,2,'BCEID\ICEKING',TIMESTAMP'2024-03-25 08:29:12','BCEID\LEMONGRAB',TIMESTAMP'2025-08-05 11:24:40','Y','147ED5D04F25737EE06332B3228EAE0E',NULL,NULL,NULL),
	(842448,814006,'A97537','R02','HK4R02','R336','N',TIMESTAMP'2025-05-28 18:56:59',NULL,NULL,'LC',NULL,2,'BCEID\ICEKING',TIMESTAMP'2024-03-25 08:29:12','BCEID\LEMONGRAB',TIMESTAMP'2025-05-28 18:56:59','Y','147ED5D04F27737EE06332B3228EAE0E',NULL,NULL,NULL),
	(842449,814006,'A97537','R02','HK4R02','R341','N',TIMESTAMP'2025-05-28 19:08:00',NULL,NULL,'LC',NULL,2,'BCEID\ICEKING',TIMESTAMP'2024-03-25 08:29:12','BCEID\LEMONGRAB',TIMESTAMP'2025-05-28 19:08:00','Y','147ED5D04F29737EE06332B3228EAE0E',NULL,NULL,NULL);
