INSERT INTO WASTE_REPORTING_UNIT (REPORTING_UNIT_ID,ORG_UNIT_NO,CLIENT_LOCN_CODE,CLIENT_NUMBER,WASTE_SAMPLING_OPTION_CODE,WASTE_DISPERSED_CV_CODE,WASTE_ACCUMULATED_CV_CODE,APPRAISAL_METHOD_CODE,REVISION_COUNT,ENTRY_USERID,ENTRY_TIMESTAMP,UPDATE_USERID,UPDATE_TIMESTAMP) VALUES
	 (36312,38,'00','00010004','AGR','100','100',NULL,1,'BCEID\STRAW_HATS',TIMESTAMP'2025-04-29 13:24:54','BCEID\STRAW_HATS',TIMESTAMP'2025-04-29 13:24:54');

INSERT INTO WASTE_ASSESSMENT_AREA (WASTE_ASSESSMENT_AREA_ID,PARENT_WAA_ID,REPORTING_UNIT_ID,FOREST_FILE_ID,TIMBER_MARK,CB_SKEY,WASTE_MATURITY_TYPE_CODE,WASTE_CONDITION_TYPE_CODE,WASTE_SITE_TYPE_CODE,WASTE_HARVEST_STATUS_CODE,WASTE_NET_AREA,MARK_AREA,REMAINING_HARVEST_AREA,YEAR_LOGGED_FROM,YEAR_LOGGED_TO,PRIMARY_LOGGING_COMPLETE_DATE,ASSESS_STATUS_CHANGE_DATE,BENCHMARK_VOLUME,WASTE_SURVEYOR_LICENCE,RETURN_NUMBER,WASTE_ROADS_AREA,SURVEY_DATE,CRUISE_VOLUME,WASTE_ASSESS_AREA_STS_CODE,SURVEY_MAP_DOCUMENT_NAME,SURVEY_MAP_MIME_TYPE_CODE,PARENT_BLOCK_IND,CHILD_BLOCK_IND,MULTI_MARK_IND,WASTE_PARENT_BLOCK_TYPE_CODE,DOCUMENT_CONTROL_NUMBER,HBS_EDIT_ERR_MESSAGE_CODE,HBS_EDIT_ERR_CATEGORY_CODE,DRAFT_TIMBER_MARK,DRAFT_CUTTING_PERMIT_ID,DRAFT_CUT_BLOCK_ID,CUTTING_PERMIT_ID,CUT_BLOCK_ID,WASTE_SURVEY_CHECK_CODE,NUMBER_OF_PLOTS_CHECKED,WASTE_AREA_RISK_RATING_CODE,INVOICE_NOTATION,REVISION_COUNT,ENTRY_USERID,ENTRY_TIMESTAMP,UPDATE_USERID,UPDATE_TIMESTAMP,ERROR_EMAIL_TIMESTAMP,OBLIGATION_ADJUSTMENT,WASTE_FIBRE_RECOVERY_ZONE_RATE) VALUES
	 (178041,NULL,36312,'W1576','WBANDD',853691,NULL,'N','WB','COM',7.05,NULL,NULL,2024,2024,TIMESTAMP'2024-12-31 00:00:00',TIMESTAMP'2025-07-21 13:51:00',20,'5649','1',NULL,TIMESTAMP'2025-05-31 00:00:00',0,'BIS','Final Submission.zip','ZIP','N','N','N',NULL,69037862,NULL,NULL,NULL,NULL,NULL,'DD','2','OFC',NULL,'M',NULL,8,'BCEID\STRAW_HATS',TIMESTAMP'2025-06-06 11:11:02','IDIR\TODOROKI',TIMESTAMP'2025-07-22 15:09:40',NULL,NULL,NULL),
	 (178042,NULL,36312,'W1576','WBANDD',853692,NULL,'N','WB','COM',11.7,NULL,NULL,2024,2024,TIMESTAMP'2024-12-31 00:00:00',TIMESTAMP'2025-07-21 13:51:10',20,'5649','1',NULL,TIMESTAMP'2025-05-31 00:00:00',0,'BIS','Final Submission.zip','ZIP','N','N','N',NULL,69037863,NULL,NULL,NULL,NULL,NULL,'DD','3','OFC',NULL,'M',NULL,8,'BCEID\STRAW_HATS',TIMESTAMP'2025-06-06 11:11:24','IDIR\TODOROKI',TIMESTAMP'2025-07-22 15:09:41',NULL,NULL,NULL);

INSERT INTO WASTE_ASSESS_AREA_STS_AUDIT (WASTE_ASSESSMENT_AREA_AUDIT_ID,WASTE_ASSESSMENT_AREA_ID,WASTE_ASSESS_AREA_STS_CODE,WASTE_COMMENT,DOCUMENT_CONTROL_NUMBER,ENTRY_USERID,ENTRY_TIMESTAMP,UPDATE_USERID,UPDATE_TIMESTAMP) VALUES
	 (888951,178041,'RTB',NULL,NULL,'IDIR\MAHORAGA',TIMESTAMP'2025-07-21 13:51:00','IDIR\MAHORAGA',TIMESTAMP'2025-07-21 13:51:00'),
	 (889126,178041,'BIS',NULL,69037862,'IDIR\TODOROKI',TIMESTAMP'2025-07-22 15:09:40','IDIR\TODOROKI',TIMESTAMP'2025-07-22 15:09:40'),
	 (881891,178041,'SUB','Clean blocks, lots of undersize retention left standing per WL License objectives reduced overall waste on site.',NULL,'BCEID\STRAW_HATS',TIMESTAMP'2025-06-06 18:02:53','BCEID\STRAW_HATS',TIMESTAMP'2025-06-06 18:02:53'),
	 (881825,178041,'DFT',NULL,NULL,'BCEID\STRAW_HATS',TIMESTAMP'2025-06-06 11:11:02','BCEID\STRAW_HATS',TIMESTAMP'2025-06-06 11:11:02'),
	 (882078,178041,'APP',NULL,NULL,'IDIR\NICOR',TIMESTAMP'2025-06-09 13:22:12','IDIR\NICOR',TIMESTAMP'2025-06-09 13:22:12'),
	 (889022,178041,'BIP',NULL,69037862,'IDIR\DRAGON',TIMESTAMP'2025-07-22 11:30:33','IDIR\DRAGON',TIMESTAMP'2025-07-22 11:30:33'),
	 (888952,178042,'RTB',NULL,NULL,'IDIR\MAHORAGA',TIMESTAMP'2025-07-21 13:51:10','IDIR\MAHORAGA',TIMESTAMP'2025-07-21 13:51:10'),
	 (889127,178042,'BIS',NULL,69037863,'IDIR\TODOROKI',TIMESTAMP'2025-07-22 15:09:41','IDIR\TODOROKI',TIMESTAMP'2025-07-22 15:09:41'),
	 (881892,178042,'SUB','Clean blocks, lots of undersize retention left standing per WL License objectives reduced overall waste on site.',NULL,'BCEID\STRAW_HATS',TIMESTAMP'2025-06-06 18:04:05','BCEID\STRAW_HATS',TIMESTAMP'2025-06-06 18:04:05'),
	 (881826,178042,'DFT',NULL,NULL,'BCEID\STRAW_HATS',TIMESTAMP'2025-06-06 11:11:24','BCEID\STRAW_HATS',TIMESTAMP'2025-06-06 11:11:24'),
	 (882077,178042,'APP',NULL,NULL,'IDIR\NICOR',TIMESTAMP'2025-06-09 13:21:47','IDIR\NICOR',TIMESTAMP'2025-06-09 13:21:47'),
	 (889023,178042,'BIP',NULL,69037863,'IDIR\DRAGON',TIMESTAMP'2025-07-22 11:30:34','IDIR\DRAGON',TIMESTAMP'2025-07-22 11:30:34');

INSERT INTO WASTE_SPONSOR (WASTE_SPONSOR_ID,WASTE_ASSESSMENT_AREA_ID,WASTE_SUBMITTER_ROLE_TYPE_CODE,SURVEYOR_SCALER_LICENSE_NUMBER,PERSONALLY_COMPLETED_IND,SPONSORED_BY_RFP_RFT_IND,WASTE_DESIGNATION_TYPE_CODE,LICENSE_NUMBER,NAME,PHONE,FAX,EMAIL,REVISION_COUNT,ENTRY_USERID,ENTRY_TIMESTAMP,UPDATE_USERID,UPDATE_TIMESTAMP,PERSONALLY_SUPERVISED_IND,PERSONALLY_REVIEWED_IND,WASTE_RELIEF_IND,RATIONALE_REQUIRED_IND,BURNT_PILES_IND,WASTE_SUBMITTER_USER_GUID,WASTE_SUBMITTER_USERID,WASTE_SUBMITTER_NAME,WASTE_SUBMITTER_PHONE,WASTE_SUBMITTER_FAX,WASTE_SUBMITTER_EMAIL) VALUES
	 (127363,178041,'RPF','5649','Y','N','RPF','5649','DRAGON MONKEY D','778-256-9984',NULL,'monkey.d.dragon@revo.ca',1,'BCEID\STRAW_HATS',TIMESTAMP'2025-06-06 18:02:53','BCEID\STRAW_HATS',TIMESTAMP'2025-06-06 18:02:53','N','N','N','N','N',NULL,NULL,NULL,NULL,NULL,NULL),
	 (127364,178042,'RPF','5649','Y','N','RPF','5649','DRAGON MONKEY D','778-256-9984',NULL,'monkey.d.dragon@revo.ca',1,'BCEID\STRAW_HATS',TIMESTAMP'2025-06-06 18:04:05','BCEID\STRAW_HATS',TIMESTAMP'2025-06-06 18:04:05','N','N','N','N','N',NULL,NULL,NULL,NULL,NULL,NULL);

INSERT INTO WASTE_ASSESSMENT_SURVEY_MAP (WASTE_ASSESSMENT_AREA_ID,SURVEY_MAP_DOCUMENT,WASTE_ASSESSMENT_SURVEY_MAP_ID,SURVEY_MAP_DOCUMENT_NAME,SURVEY_MAP_MIME_TYPE_CODE,WASTE_ASSESS_AREA_STS_CODE,ENTRY_USERID,ENTRY_TIMESTAMP) VALUES
	 (178041,'A50314',232524,'Final Submission.zip','ZIP','SUB','BCEID\STRAW_HATS',TIMESTAMP'2025-06-06 18:02:53'),
	 (178042,'A50314',232525,'Final Submission.zip','ZIP','SUB','BCEID\STRAW_HATS',TIMESTAMP'2025-06-06 18:04:05');

INSERT INTO WASTE_STRATUM (WASTE_STRATUM_ID,WASTE_ASSESSMENT_AREA_ID,WASTE_STRATUM_TYPE_CODE,WASTE_TYPE_CODE,WASTE_HARVEST_METHOD_CODE,WASTE_ASSESSMENT_METHOD_CODE,WASTE_PLOT_SIZE_CODE,WASTE_LEVEL_CODE,STRATUM_AREA,TOTAL_ESTIMATED_VOLUME,REVISION_COUNT,ENTRY_USERID,ENTRY_TIMESTAMP,UPDATE_USERID,UPDATE_TIMESTAMP,WASTE_SURVEYOR_LICENCE) VALUES
	 (266882,178041,'ACC','P','C','C',NULL,'X',0.21,NULL,1,'BCEID\STRAW_HATS',TIMESTAMP'2025-06-06 13:26:11','BCEID\STRAW_HATS',TIMESTAMP'2025-06-06 13:26:11',NULL),
	 (266883,178041,'DIS','S','C','C',NULL,'X',6.84,NULL,1,'BCEID\STRAW_HATS',TIMESTAMP'2025-06-06 13:26:11','BCEID\STRAW_HATS',TIMESTAMP'2025-06-06 13:26:11',NULL),
	 (266875,178042,'ACC','P','C','C',NULL,'X',0.48,NULL,1,'BCEID\STRAW_HATS',TIMESTAMP'2025-06-06 11:39:56','BCEID\STRAW_HATS',TIMESTAMP'2025-06-06 11:39:56',NULL),
	 (266876,178042,'ACC','C','C','C',NULL,'X',0.01,NULL,1,'BCEID\STRAW_HATS',TIMESTAMP'2025-06-06 11:39:56','BCEID\STRAW_HATS',TIMESTAMP'2025-06-06 11:39:56',NULL),
	 (266877,178042,'DIS','S','C','C',NULL,'X',11.21,NULL,1,'BCEID\STRAW_HATS',TIMESTAMP'2025-06-06 11:39:56','BCEID\STRAW_HATS',TIMESTAMP'2025-06-06 11:39:56',NULL);

INSERT INTO WASTE_ASSESSMENT_SEGREGATION (SCALE_GRADE_CODE,SCALE_PRODUCT_CODE,SCALE_SPECIES_CODE,WASTE_ASSESSMENT_AREA_ID,ESTIMATED_VOLUME,RATE,AVOIDABLE_IND,NUMBER_OF_PIECES) VALUES
	 ('2',' ','SP',178041,11.531,0,'Y',3),
	 ('4',' ','BA',178041,6.001,0.25,'Y',2),
	 ('2',' ','BA',178041,11.611,0,'Y',2),
	 ('4',' ','SP',178041,1.977,0.25,'Y',1),
	 ('4',' ','SP',178042,4.74,0.25,'Y',2),
	 ('4',' ','BA',178042,14.616,0.25,'Y',3),
	 ('2',' ','SP',178042,26.844,0,'Y',4),
	 ('2',' ','BA',178042,27.486,0,'Y',3);
