-- Core data pump for reporting unit 34906

INSERT INTO WASTE_REPORTING_UNIT (REPORTING_UNIT_ID,ORG_UNIT_NO,CLIENT_LOCN_CODE,CLIENT_NUMBER,WASTE_SAMPLING_OPTION_CODE,WASTE_DISPERSED_CV_CODE,WASTE_ACCUMULATED_CV_CODE,APPRAISAL_METHOD_CODE,REVISION_COUNT,ENTRY_USERID,ENTRY_TIMESTAMP,UPDATE_USERID,UPDATE_TIMESTAMP) VALUES
	(34906,21,'00','00010004','AGR','100','100',NULL,53,'BCEID\ICEKING',TIMESTAMP'2024-04-25 09:55:40','BCEID\ICEKING',TIMESTAMP'2025-08-25 10:35:06');

INSERT INTO WASTE_ASSESSMENT_AREA (WASTE_ASSESSMENT_AREA_ID,PARENT_WAA_ID,REPORTING_UNIT_ID,FOREST_FILE_ID,TIMBER_MARK,CB_SKEY,WASTE_MATURITY_TYPE_CODE,WASTE_CONDITION_TYPE_CODE,WASTE_SITE_TYPE_CODE,WASTE_HARVEST_STATUS_CODE,WASTE_NET_AREA,MARK_AREA,REMAINING_HARVEST_AREA,YEAR_LOGGED_FROM,YEAR_LOGGED_TO,PRIMARY_LOGGING_COMPLETE_DATE,ASSESS_STATUS_CHANGE_DATE,BENCHMARK_VOLUME,WASTE_SURVEYOR_LICENCE,RETURN_NUMBER,WASTE_ROADS_AREA,SURVEY_DATE,CRUISE_VOLUME,WASTE_ASSESS_AREA_STS_CODE,SURVEY_MAP_DOCUMENT_NAME,SURVEY_MAP_MIME_TYPE_CODE,PARENT_BLOCK_IND,CHILD_BLOCK_IND,MULTI_MARK_IND,WASTE_PARENT_BLOCK_TYPE_CODE,DOCUMENT_CONTROL_NUMBER,HBS_EDIT_ERR_MESSAGE_CODE,HBS_EDIT_ERR_CATEGORY_CODE,DRAFT_TIMBER_MARK,DRAFT_CUTTING_PERMIT_ID,DRAFT_CUT_BLOCK_ID,CUTTING_PERMIT_ID,CUT_BLOCK_ID,WASTE_SURVEY_CHECK_CODE,NUMBER_OF_PLOTS_CHECKED,WASTE_AREA_RISK_RATING_CODE,INVOICE_NOTATION,REVISION_COUNT,ENTRY_USERID,ENTRY_TIMESTAMP,UPDATE_USERID,UPDATE_TIMESTAMP,ERROR_EMAIL_TIMESTAMP,OBLIGATION_ADJUSTMENT,WASTE_FIBRE_RECOVERY_ZONE_RATE) VALUES
	(179337,176473,34906,'A97537','HK40R1',NULL,NULL,'N','TZ','COM',18.18,0.9,NULL,2025,2025,TIMESTAMP'2025-03-20 00:00:00',TIMESTAMP'2025-08-25 10:32:29',10,'5608','2025',NULL,TIMESTAMP'2025-05-09 00:00:00',0,'SUB',NULL,NULL,'N','N','N',NULL,NULL,NULL,NULL,NULL,NULL,NULL,NULL,NULL,NULL,NULL,NULL,NULL,5,'BCEID\ICEKING',TIMESTAMP'2025-07-08 13:36:30','BCEID\ICEKING',TIMESTAMP'2025-08-25 10:32:29',NULL,NULL,NULL),
	(179341,176476,34906,'A88221','DW90R1',NULL,NULL,'N','WB','COM',13.17,0.8,NULL,2024,2024,TIMESTAMP'2024-11-14 00:00:00',TIMESTAMP'2025-08-25 10:17:59',20,'5608','2025',NULL,TIMESTAMP'2025-05-09 00:00:00',0,'SUB',NULL,NULL,'N','N','N',NULL,NULL,NULL,NULL,NULL,NULL,NULL,NULL,NULL,NULL,NULL,NULL,NULL,10,'BCEID\ICEKING',TIMESTAMP'2025-07-08 14:51:28','BCEID\ICEKING',TIMESTAMP'2025-08-25 10:17:59',NULL,NULL,NULL),
	(179342,176474,34906,'A97537','HK40R1',NULL,NULL,'N','TZ','COM',30.12,2.86,NULL,2024,2024,TIMESTAMP'2024-07-09 00:00:00',TIMESTAMP'2025-08-25 10:34:38',10,'5608','2025',NULL,TIMESTAMP'2025-05-09 00:00:00',0,'SUB',NULL,NULL,'N','N','N',NULL,NULL,NULL,NULL,NULL,NULL,NULL,NULL,NULL,NULL,NULL,NULL,NULL,8,'BCEID\ICEKING',TIMESTAMP'2025-07-08 14:52:15','BCEID\ICEKING',TIMESTAMP'2025-08-25 10:34:38',NULL,NULL,NULL),
	(179343,176472,34906,'A97537','HK40R1',NULL,NULL,'N','WB','COM',19.37,3.27,NULL,2025,2025,TIMESTAMP'2025-02-01 00:00:00',TIMESTAMP'2025-08-25 10:21:11',20,'5608','2025',NULL,TIMESTAMP'2025-05-09 00:00:00',0,'SUB',NULL,NULL,'N','N','N',NULL,NULL,NULL,NULL,NULL,NULL,NULL,NULL,NULL,NULL,NULL,NULL,NULL,7,'BCEID\ICEKING',TIMESTAMP'2025-07-08 14:53:22','BCEID\ICEKING',TIMESTAMP'2025-08-25 10:21:11',NULL,NULL,NULL),
	(179344,176475,34906,'A97537','HK40R1',NULL,NULL,'N','WB','COM',39.24,1.82,NULL,2024,2024,TIMESTAMP'2024-11-20 00:00:00',TIMESTAMP'2025-08-25 10:30:41',20,'5608','2025',NULL,TIMESTAMP'2025-05-09 00:00:00',0,'SUB',NULL,NULL,'N','N','N',NULL,NULL,NULL,NULL,NULL,NULL,NULL,NULL,NULL,NULL,NULL,NULL,NULL,7,'BCEID\ICEKING',TIMESTAMP'2025-07-08 14:54:21','BCEID\ICEKING',TIMESTAMP'2025-08-25 10:30:41',NULL,NULL,NULL),
	(179345,176470,34906,'A97537','HK40R1',NULL,NULL,'N','WB','COM',41.85,1.5,NULL,2024,2025,TIMESTAMP'2025-01-08 00:00:00',TIMESTAMP'2025-08-25 10:31:34',20,'5608','2025',NULL,TIMESTAMP'2025-05-09 00:00:00',0,'SUB',NULL,NULL,'N','N','N',NULL,NULL,NULL,NULL,NULL,NULL,NULL,NULL,NULL,NULL,NULL,NULL,NULL,5,'BCEID\ICEKING',TIMESTAMP'2025-07-08 14:56:54','BCEID\ICEKING',TIMESTAMP'2025-08-25 10:31:34',NULL,NULL,NULL),
	(179346,176469,34906,'A97537','HK40R1',NULL,NULL,'N','TZ','COM',11.78,1.88,NULL,2025,2025,TIMESTAMP'2025-03-07 00:00:00',TIMESTAMP'2025-08-25 10:35:49',10,'5608','2025',NULL,TIMESTAMP'2025-05-09 00:00:00',0,'SUB',NULL,NULL,'N','N','N',NULL,NULL,NULL,NULL,NULL,NULL,NULL,NULL,NULL,NULL,NULL,NULL,NULL,5,'BCEID\ICEKING',TIMESTAMP'2025-07-08 14:59:28','BCEID\ICEKING',TIMESTAMP'2025-08-25 10:35:49',NULL,NULL,NULL),
	(176467,NULL,34906,'A97537','HK4R02',842443,NULL,'N','TZ','COM',7.39,NULL,NULL,2025,2025,TIMESTAMP'2025-02-21 00:00:00',TIMESTAMP'2025-08-25 10:29:07',10,'5608','2025',NULL,TIMESTAMP'2025-05-08 00:00:00',0,'SUB','RU34906_R102_final_submission.zip','ZIP','N','N','N',NULL,NULL,NULL,NULL,NULL,NULL,NULL,'R02','R102',NULL,NULL,NULL,NULL,6,'BCEID\ICEKING',TIMESTAMP'2025-03-28 12:54:43','BCEID\ICEKING',TIMESTAMP'2025-08-25 10:29:07',NULL,NULL,NULL),
	(176469,NULL,34906,'A97537','HK4R02',842444,NULL,'N','TZ','COM',11.78,9.9,NULL,2025,2025,TIMESTAMP'2025-03-07 00:00:00',TIMESTAMP'2025-08-25 10:35:49',10,'5608','2025',NULL,TIMESTAMP'2025-05-08 00:00:00',0,'SUB','RU34906_R218_final_submission.zip','ZIP','N','N','Y',NULL,NULL,NULL,NULL,NULL,NULL,NULL,'R02','R218',NULL,NULL,NULL,NULL,10,'BCEID\ICEKING',TIMESTAMP'2025-03-28 12:55:07','BCEID\ICEKING',TIMESTAMP'2025-08-25 10:35:49',NULL,NULL,NULL),
	(176470,NULL,34906,'A97537','HK4R02',842447,NULL,'N','WB','COM',41.85,40.35,NULL,2024,2025,TIMESTAMP'2025-01-08 00:00:00',TIMESTAMP'2025-08-25 10:31:34',20,'5608','2025',NULL,TIMESTAMP'2025-05-08 00:00:00',0,'SUB','RU34906_R274_final_submission.zip','ZIP','N','N','Y',NULL,NULL,NULL,NULL,NULL,NULL,NULL,'R02','R274',NULL,NULL,NULL,NULL,10,'BCEID\ICEKING',TIMESTAMP'2025-03-28 12:55:24','BCEID\ICEKING',TIMESTAMP'2025-08-25 10:31:34',NULL,NULL,NULL),
	(176472,NULL,34906,'A97537','HK4R02',842448,NULL,'N','WB','COM',19.37,16.1,NULL,2025,2025,TIMESTAMP'2025-02-01 00:00:00',TIMESTAMP'2025-08-25 10:21:11',20,'5608','2025',NULL,TIMESTAMP'2025-05-08 00:00:00',0,'SUB','RU34906_R336_final_submission.zip','ZIP','N','N','Y',NULL,NULL,NULL,NULL,NULL,NULL,NULL,'R02','R336',NULL,NULL,NULL,NULL,12,'BCEID\ICEKING',TIMESTAMP'2025-03-28 12:55:40','BCEID\ICEKING',TIMESTAMP'2025-08-25 10:21:11',NULL,NULL,NULL),
	(176473,NULL,34906,'A97537','HK4R02',842449,NULL,'N','TZ','COM',18.18,17.28,NULL,2025,2025,TIMESTAMP'2025-03-20 00:00:00',TIMESTAMP'2025-08-25 10:32:29',10,'5608','2025',NULL,TIMESTAMP'2025-05-08 00:00:00',0,'SUB','RU34906_R341_final_submission.zip','ZIP','N','N','Y',NULL,NULL,NULL,NULL,NULL,NULL,NULL,'R02','R341',NULL,NULL,NULL,NULL,11,'BCEID\ICEKING',TIMESTAMP'2025-03-28 12:55:53','BCEID\ICEKING',TIMESTAMP'2025-08-25 10:32:29',NULL,NULL,NULL),
	(176474,NULL,34906,'A97537','HK4R02',842446,NULL,'N','TZ','COM',30.12,27.26,NULL,2024,2024,TIMESTAMP'2024-07-09 00:00:00',TIMESTAMP'2025-08-25 10:34:38',10,'5608','2025',NULL,TIMESTAMP'2025-05-08 00:00:00',0,'SUB','RU34906_R569_final_submission.zip','ZIP','N','N','Y',NULL,NULL,NULL,NULL,NULL,NULL,NULL,'R02','R569',NULL,NULL,NULL,NULL,14,'BCEID\ICEKING',TIMESTAMP'2025-03-28 12:56:08','BCEID\ICEKING',TIMESTAMP'2025-08-25 10:34:38',NULL,NULL,NULL),
	(176475,NULL,34906,'A97537','HK4R02',842445,NULL,'N','WB','COM',39.24,37.42,NULL,2024,2024,TIMESTAMP'2024-11-20 00:00:00',TIMESTAMP'2025-08-25 10:30:41',20,'5608','2025',NULL,TIMESTAMP'2025-05-08 00:00:00',0,'SUB','RU34906_R571_final_submission.zip','ZIP','N','N','Y',NULL,NULL,NULL,NULL,NULL,NULL,NULL,'R02','R571',NULL,NULL,NULL,NULL,12,'BCEID\ICEKING',TIMESTAMP'2025-03-28 12:56:21','BCEID\ICEKING',TIMESTAMP'2025-08-25 10:30:41',NULL,NULL,NULL),
	(176476,NULL,34906,'A88221','DW9B09',837561,NULL,'N','WB','COM',13.17,12.37,NULL,2024,2024,TIMESTAMP'2024-11-14 00:00:00',TIMESTAMP'2025-08-25 10:17:59',20,'5608','2025',NULL,TIMESTAMP'2025-05-08 00:00:00',0,'SUB','RU34906_R105_final_submission.zip','ZIP','N','N','Y',NULL,NULL,NULL,NULL,NULL,NULL,NULL,'B09','R105',NULL,NULL,NULL,NULL,21,'BCEID\ICEKING',TIMESTAMP'2025-03-28 12:59:00','BCEID\ICEKING',TIMESTAMP'2025-08-25 10:17:59',NULL,NULL,NULL);

INSERT INTO WASTE_ASSESS_AREA_STS_AUDIT (WASTE_ASSESSMENT_AREA_AUDIT_ID,WASTE_ASSESSMENT_AREA_ID,WASTE_ASSESS_AREA_STS_CODE,WASTE_COMMENT,DOCUMENT_CONTROL_NUMBER,ENTRY_USERID,ENTRY_TIMESTAMP,UPDATE_USERID,UPDATE_TIMESTAMP) VALUES
	 (912502,179337,'RTB',NULL,NULL,'IDIR\NAMI',TIMESTAMP'2025-12-05 10:31:32','IDIR\NAMI',TIMESTAMP'2025-12-05 10:31:32'),
	 (887288,179337,'DFT',NULL,NULL,'BCEID\BMO',TIMESTAMP'2025-07-08 13:36:30','BCEID\BMO',TIMESTAMP'2025-07-08 13:36:30'),
	 (913822,179337,'BIS',NULL,69074018,'HBSB2031',TIMESTAMP'2025-12-09 15:16:14','HBSB2031',TIMESTAMP'2025-12-09 15:16:14'),
	 (894275,179337,'SUB',NULL,NULL,'BCEID\BMO',TIMESTAMP'2025-08-25 10:32:29','BCEID\BMO',TIMESTAMP'2025-08-25 10:32:29'),
	 (913513,179337,'BIP',NULL,69074018,'HBSB013',TIMESTAMP'2025-12-09 14:49:17','HBSB013',TIMESTAMP'2025-12-09 14:49:17'),
	 (888636,179337,'ISUB',NULL,NULL,'BCEID\BMO',TIMESTAMP'2025-07-16 15:30:30','BCEID\BMO',TIMESTAMP'2025-07-16 15:30:30'),
	 (901710,179337,'APP',NULL,NULL,'IDIR\ROBIN',TIMESTAMP'2025-10-27 15:16:36','IDIR\ROBIN',TIMESTAMP'2025-10-27 15:16:36'),
	 (912498,179341,'RTB',NULL,NULL,'IDIR\NAMI',TIMESTAMP'2025-12-05 10:30:29','IDIR\NAMI',TIMESTAMP'2025-12-05 10:30:29'),
	 (887323,179341,'DFT',NULL,NULL,'BCEID\BMO',TIMESTAMP'2025-07-08 14:51:28','BCEID\BMO',TIMESTAMP'2025-07-08 14:51:28'),
	 (913823,179341,'BIS',NULL,69074019,'HBSB2031',TIMESTAMP'2025-12-09 15:16:16','HBSB2031',TIMESTAMP'2025-12-09 15:16:16'),
	 (913514,179341,'BIP',NULL,69074019,'HBSB013',TIMESTAMP'2025-12-09 14:49:20','HBSB013',TIMESTAMP'2025-12-09 14:49:20'),
	 (888634,179341,'ISUB',NULL,NULL,'BCEID\BMO',TIMESTAMP'2025-07-16 15:29:18','BCEID\BMO',TIMESTAMP'2025-07-16 15:29:18'),
	 (894266,179341,'SUB',NULL,NULL,'BCEID\BMO',TIMESTAMP'2025-08-25 10:17:59','BCEID\BMO',TIMESTAMP'2025-08-25 10:17:59'),
	 (901704,179341,'APP',NULL,NULL,'IDIR\ROBIN',TIMESTAMP'2025-10-27 15:15:55','IDIR\ROBIN',TIMESTAMP'2025-10-27 15:15:55'),
	 (912506,179342,'RTB',NULL,NULL,'IDIR\NAMI',TIMESTAMP'2025-12-05 10:33:33','IDIR\NAMI',TIMESTAMP'2025-12-05 10:33:33'),
	 (887324,179342,'DFT',NULL,NULL,'BCEID\BMO',TIMESTAMP'2025-07-08 14:52:15','BCEID\BMO',TIMESTAMP'2025-07-08 14:52:15'),
	 (913824,179342,'BIS',NULL,69074020,'HBSB2031',TIMESTAMP'2025-12-09 15:16:18','HBSB2031',TIMESTAMP'2025-12-09 15:16:18'),
	 (894277,179342,'SUB',NULL,NULL,'BCEID\BMO',TIMESTAMP'2025-08-25 10:34:38','BCEID\BMO',TIMESTAMP'2025-08-25 10:34:38'),
	 (913515,179342,'BIP',NULL,69074020,'HBSB013',TIMESTAMP'2025-12-09 14:49:24','HBSB013',TIMESTAMP'2025-12-09 14:49:24'),
	 (888644,179342,'ISUB',NULL,NULL,'BCEID\BMO',TIMESTAMP'2025-07-16 15:32:20','BCEID\BMO',TIMESTAMP'2025-07-16 15:32:20');
INSERT INTO WASTE_ASSESS_AREA_STS_AUDIT (WASTE_ASSESSMENT_AREA_AUDIT_ID,WASTE_ASSESSMENT_AREA_ID,WASTE_ASSESS_AREA_STS_CODE,WASTE_COMMENT,DOCUMENT_CONTROL_NUMBER,ENTRY_USERID,ENTRY_TIMESTAMP,UPDATE_USERID,UPDATE_TIMESTAMP) VALUES
	 (901712,179342,'APP',NULL,NULL,'IDIR\ATINNEY',TIMESTAMP'2025-10-27 15:16:49','IDIR\ATINNEY',TIMESTAMP'2025-10-27 15:16:49'),
	 (887325,179343,'DFT',NULL,NULL,'BCEID\BMO',TIMESTAMP'2025-07-08 14:53:22','BCEID\BMO',TIMESTAMP'2025-07-08 14:53:22'),
	 (913825,179343,'BIS',NULL,69074021,'HBSB2031',TIMESTAMP'2025-12-09 15:16:20','HBSB2031',TIMESTAMP'2025-12-09 15:16:20'),
	 (894268,179343,'SUB',NULL,NULL,'BCEID\BMO',TIMESTAMP'2025-08-25 10:21:11','BCEID\BMO',TIMESTAMP'2025-08-25 10:21:11'),
	 (913516,179343,'BIP',NULL,69074021,'HBSB013',TIMESTAMP'2025-12-09 14:49:27','HBSB013',TIMESTAMP'2025-12-09 14:49:27'),
	 (888639,179343,'ISUB',NULL,NULL,'BCEID\BMO',TIMESTAMP'2025-07-16 15:31:00','BCEID\BMO',TIMESTAMP'2025-07-16 15:31:00'),
	 (912500,179343,'RTB',NULL,NULL,'IDIR\NAMI',TIMESTAMP'2025-12-05 10:31:03','IDIR\NAMI',TIMESTAMP'2025-12-05 10:31:03'),
	 (901717,179343,'APP',NULL,NULL,'IDIR\ROBIN',TIMESTAMP'2025-10-27 15:17:21','IDIR\ROBIN',TIMESTAMP'2025-10-27 15:17:21'),
	 (887326,179344,'DFT',NULL,NULL,'BCEID\BMO',TIMESTAMP'2025-07-08 14:54:21','BCEID\BMO',TIMESTAMP'2025-07-08 14:54:21'),
	 (913826,179344,'BIS',NULL,69074022,'HBSB2031',TIMESTAMP'2025-12-09 15:16:22','HBSB2031',TIMESTAMP'2025-12-09 15:16:22'),
	 (894271,179344,'SUB',NULL,NULL,'BCEID\BMO',TIMESTAMP'2025-08-25 10:30:41','BCEID\BMO',TIMESTAMP'2025-08-25 10:30:41'),
	 (913517,179344,'BIP',NULL,69074022,'HBSB013',TIMESTAMP'2025-12-09 14:49:31','HBSB013',TIMESTAMP'2025-12-09 14:49:31'),
	 (888641,179344,'ISUB',NULL,NULL,'BCEID\BMO',TIMESTAMP'2025-07-16 15:31:39','BCEID\BMO',TIMESTAMP'2025-07-16 15:31:39'),
	 (912504,179344,'RTB',NULL,NULL,'IDIR\NAMI',TIMESTAMP'2025-12-05 10:32:08','IDIR\NAMI',TIMESTAMP'2025-12-05 10:32:08'),
	 (901706,179344,'APP',NULL,NULL,'IDIR\ROBIN',TIMESTAMP'2025-10-27 15:16:09','IDIR\ROBIN',TIMESTAMP'2025-10-27 15:16:09'),
	 (887327,179345,'DFT',NULL,NULL,'BCEID\BMO',TIMESTAMP'2025-07-08 14:56:54','BCEID\BMO',TIMESTAMP'2025-07-08 14:56:54'),
	 (913827,179345,'BIS',NULL,69074023,'HBSB2031',TIMESTAMP'2025-12-09 15:16:24','HBSB2031',TIMESTAMP'2025-12-09 15:16:24'),
	 (894273,179345,'SUB',NULL,NULL,'BCEID\BMO',TIMESTAMP'2025-08-25 10:31:34','BCEID\BMO',TIMESTAMP'2025-08-25 10:31:34'),
	 (913518,179345,'BIP',NULL,69074023,'HBSB013',TIMESTAMP'2025-12-09 14:49:39','HBSB013',TIMESTAMP'2025-12-09 14:49:39'),
	 (888650,179345,'ISUB',NULL,NULL,'BCEID\BMO',TIMESTAMP'2025-07-16 15:34:51','BCEID\BMO',TIMESTAMP'2025-07-16 15:34:51');
INSERT INTO WASTE_ASSESS_AREA_STS_AUDIT (WASTE_ASSESSMENT_AREA_AUDIT_ID,WASTE_ASSESSMENT_AREA_ID,WASTE_ASSESS_AREA_STS_CODE,WASTE_COMMENT,DOCUMENT_CONTROL_NUMBER,ENTRY_USERID,ENTRY_TIMESTAMP,UPDATE_USERID,UPDATE_TIMESTAMP) VALUES
	 (912509,179345,'RTB',NULL,NULL,'IDIR\NAMI',TIMESTAMP'2025-12-05 10:34:21','IDIR\NAMI',TIMESTAMP'2025-12-05 10:34:21'),
	 (901714,179345,'APP',NULL,NULL,'IDIR\ROBIN',TIMESTAMP'2025-10-27 15:17:00','IDIR\ROBIN',TIMESTAMP'2025-10-27 15:17:00'),
	 (887328,179346,'DFT',NULL,NULL,'BCEID\BMO',TIMESTAMP'2025-07-08 14:59:28','BCEID\BMO',TIMESTAMP'2025-07-08 14:59:28'),
	 (913828,179346,'BIS',NULL,69074024,'HBSB2031',TIMESTAMP'2025-12-09 15:16:32','HBSB2031',TIMESTAMP'2025-12-09 15:16:32'),
	 (894279,179346,'SUB',NULL,NULL,'BCEID\BMO',TIMESTAMP'2025-08-25 10:35:49','BCEID\BMO',TIMESTAMP'2025-08-25 10:35:49'),
	 (913519,179346,'BIP',NULL,69074024,'HBSB013',TIMESTAMP'2025-12-09 14:49:42','HBSB013',TIMESTAMP'2025-12-09 14:49:42'),
	 (888647,179346,'ISUB',NULL,NULL,'BCEID\BMO',TIMESTAMP'2025-07-16 15:34:09','BCEID\BMO',TIMESTAMP'2025-07-16 15:34:09'),
	 (912511,179346,'RTB',NULL,NULL,'IDIR\NAMI',TIMESTAMP'2025-12-05 10:34:59','IDIR\NAMI',TIMESTAMP'2025-12-05 10:34:59'),
	 (901708,179346,'APP',NULL,NULL,'IDIR\ROBIN',TIMESTAMP'2025-10-27 15:16:19','IDIR\ROBIN',TIMESTAMP'2025-10-27 15:16:19'),
	 (912508,176467,'RTB',NULL,NULL,'IDIR\NAMI',TIMESTAMP'2025-12-05 10:34:06','IDIR\NAMI',TIMESTAMP'2025-12-05 10:34:06'),
	 (913832,176467,'BIS',NULL,69074028,'HBSB2031',TIMESTAMP'2025-12-09 15:16:39','HBSB2031',TIMESTAMP'2025-12-09 15:16:39'),
	 (894270,176467,'SUB',NULL,NULL,'BCEID\BMO',TIMESTAMP'2025-08-25 10:29:07','BCEID\BMO',TIMESTAMP'2025-08-25 10:29:07'),
	 (913523,176467,'BIP',NULL,69074028,'HBSB013',TIMESTAMP'2025-12-09 14:49:51','HBSB013',TIMESTAMP'2025-12-09 14:49:51'),
	 (894252,176467,'DFT',NULL,NULL,'BCEID\BMO',TIMESTAMP'2025-08-25 09:10:31','BCEID\BMO',TIMESTAMP'2025-08-25 09:10:31'),
	 (888654,176467,'ISUB',NULL,NULL,'BCEID\BMO',TIMESTAMP'2025-07-16 15:36:52','BCEID\BMO',TIMESTAMP'2025-07-16 15:36:52'),
	 (901716,176467,'APP','All documents attached, HRC & Waste System volumes match (2,969.1m3). District review complete - forwarded for billing.',NULL,'IDIR\ROBIN',TIMESTAMP'2025-10-27 15:17:11','IDIR\ROBIN',TIMESTAMP'2025-10-27 15:17:11'),
	 (874736,176467,'DFT',NULL,NULL,'BCEID\BMO',TIMESTAMP'2025-03-28 12:54:43','BCEID\BMO',TIMESTAMP'2025-03-28 12:54:43'),
	 (912512,176469,'RTB',NULL,NULL,'IDIR\NAMI',TIMESTAMP'2025-12-05 10:35:11','IDIR\NAMI',TIMESTAMP'2025-12-05 10:35:11'),
	 (913833,176469,'BIS',NULL,69074029,'HBSB2031',TIMESTAMP'2025-12-09 15:16:40','HBSB2031',TIMESTAMP'2025-12-09 15:16:40'),
	 (894280,176469,'SUB',NULL,NULL,'BCEID\BMO',TIMESTAMP'2025-08-25 10:35:49','BCEID\BMO',TIMESTAMP'2025-08-25 10:35:49');
INSERT INTO WASTE_ASSESS_AREA_STS_AUDIT (WASTE_ASSESSMENT_AREA_AUDIT_ID,WASTE_ASSESSMENT_AREA_ID,WASTE_ASSESS_AREA_STS_CODE,WASTE_COMMENT,DOCUMENT_CONTROL_NUMBER,ENTRY_USERID,ENTRY_TIMESTAMP,UPDATE_USERID,UPDATE_TIMESTAMP) VALUES
	 (913524,176469,'BIP',NULL,69074029,'HBSB013',TIMESTAMP'2025-12-09 14:49:54','HBSB013',TIMESTAMP'2025-12-09 14:49:54'),
	 (894259,176469,'DFT',NULL,NULL,'BCEID\BMO',TIMESTAMP'2025-08-25 09:19:36','BCEID\BMO',TIMESTAMP'2025-08-25 09:19:36'),
	 (888648,176469,'ISUB',NULL,NULL,'BCEID\BMO',TIMESTAMP'2025-07-16 15:34:09','BCEID\BMO',TIMESTAMP'2025-07-16 15:34:09'),
	 (901709,176469,'APP','All documents attached, HRC & Waste System volumes match (2,969.1m3). District review complete - forwarded for billing.',NULL,'IDIR\ROBIN',TIMESTAMP'2025-10-27 15:16:19','IDIR\ROBIN',TIMESTAMP'2025-10-27 15:16:19'),
	 (874737,176469,'DFT',NULL,NULL,'BCEID\BMO',TIMESTAMP'2025-03-28 12:55:07','BCEID\BMO',TIMESTAMP'2025-03-28 12:55:07'),
	 (913834,176470,'BIS',NULL,69074030,'HBSB2031',TIMESTAMP'2025-12-09 15:16:42','HBSB2031',TIMESTAMP'2025-12-09 15:16:42'),
	 (894274,176470,'SUB',NULL,NULL,'BCEID\BMO',TIMESTAMP'2025-08-25 10:31:34','BCEID\BMO',TIMESTAMP'2025-08-25 10:31:34'),
	 (913525,176470,'BIP',NULL,69074030,'HBSB013',TIMESTAMP'2025-12-09 14:49:57','HBSB013',TIMESTAMP'2025-12-09 14:49:57'),
	 (888651,176470,'ISUB',NULL,NULL,'BCEID\BMO',TIMESTAMP'2025-07-16 15:34:51','BCEID\BMO',TIMESTAMP'2025-07-16 15:34:51'),
	 (894260,176470,'DFT',NULL,NULL,'BCEID\BMO',TIMESTAMP'2025-08-25 09:20:37','BCEID\BMO',TIMESTAMP'2025-08-25 09:20:37'),
	 (912510,176470,'RTB',NULL,NULL,'IDIR\NAMI',TIMESTAMP'2025-12-05 10:34:32','IDIR\NAMI',TIMESTAMP'2025-12-05 10:34:32'),
	 (901715,176470,'APP','All documents attached, HRC & Waste System volumes match (2,969.1m3). District review complete - forwarded for billing.',NULL,'IDIR\ROBIN',TIMESTAMP'2025-10-27 15:17:00','IDIR\ROBIN',TIMESTAMP'2025-10-27 15:17:00'),
	 (874738,176470,'DFT',NULL,NULL,'BCEID\BMO',TIMESTAMP'2025-03-28 12:55:24','BCEID\BMO',TIMESTAMP'2025-03-28 12:55:24'),
	 (913835,176472,'BIS',NULL,69074031,'HBSB2031',TIMESTAMP'2025-12-09 15:16:44','HBSB2031',TIMESTAMP'2025-12-09 15:16:44'),
	 (894269,176472,'SUB',NULL,NULL,'BCEID\BMO',TIMESTAMP'2025-08-25 10:21:11','BCEID\BMO',TIMESTAMP'2025-08-25 10:21:11'),
	 (913526,176472,'BIP',NULL,69074031,'HBSB013',TIMESTAMP'2025-12-09 14:49:59','HBSB013',TIMESTAMP'2025-12-09 14:49:59'),
	 (894258,176472,'DFT',NULL,NULL,'BCEID\BMO',TIMESTAMP'2025-08-25 09:18:35','BCEID\BMO',TIMESTAMP'2025-08-25 09:18:35'),
	 (888640,176472,'ISUB',NULL,NULL,'BCEID\BMO',TIMESTAMP'2025-07-16 15:31:00','BCEID\BMO',TIMESTAMP'2025-07-16 15:31:00'),
	 (912501,176472,'RTB',NULL,NULL,'IDIR\NAMI',TIMESTAMP'2025-12-05 10:31:16','IDIR\NAMI',TIMESTAMP'2025-12-05 10:31:16'),
	 (901718,176472,'APP','All documents attached, HRC & Waste System volumes match (2,969.1m3). District review complete - forwarded for billing.',NULL,'IDIR\ROBIN',TIMESTAMP'2025-10-27 15:17:21','IDIR\ROBIN',TIMESTAMP'2025-10-27 15:17:21');
INSERT INTO WASTE_ASSESS_AREA_STS_AUDIT (WASTE_ASSESSMENT_AREA_AUDIT_ID,WASTE_ASSESSMENT_AREA_ID,WASTE_ASSESS_AREA_STS_CODE,WASTE_COMMENT,DOCUMENT_CONTROL_NUMBER,ENTRY_USERID,ENTRY_TIMESTAMP,UPDATE_USERID,UPDATE_TIMESTAMP) VALUES
	 (874739,176472,'DFT',NULL,NULL,'BCEID\MPEACOSH',TIMESTAMP'2025-03-28 12:55:40','BCEID\MPEACOSH',TIMESTAMP'2025-03-28 12:55:40'),
	 (913836,176473,'BIS',NULL,69074032,'HBSB2031',TIMESTAMP'2025-12-09 15:16:46','HBSB2031',TIMESTAMP'2025-12-09 15:16:46'),
	 (894276,176473,'SUB',NULL,NULL,'BCEID\BMO',TIMESTAMP'2025-08-25 10:32:29','BCEID\BMO',TIMESTAMP'2025-08-25 10:32:29'),
	 (913527,176473,'BIP',NULL,69074032,'HBSB013',TIMESTAMP'2025-12-09 14:50:02','HBSB013',TIMESTAMP'2025-12-09 14:50:02'),
	 (894255,176473,'DFT',NULL,NULL,'BCEID\BMO',TIMESTAMP'2025-08-25 09:12:32','BCEID\BMO',TIMESTAMP'2025-08-25 09:12:32'),
	 (888637,176473,'ISUB',NULL,NULL,'BCEID\BMO',TIMESTAMP'2025-07-16 15:30:30','BCEID\BMO',TIMESTAMP'2025-07-16 15:30:30'),
	 (912503,176473,'RTB',NULL,NULL,'IDIR\NAMI',TIMESTAMP'2025-12-05 10:31:44','IDIR\NAMI',TIMESTAMP'2025-12-05 10:31:44'),
	 (901711,176473,'APP','All documents attached, HRC & Waste System volumes match (2,969.1m3). District review complete - forwarded for billing.',NULL,'IDIR\ROBIN',TIMESTAMP'2025-10-27 15:16:36','IDIR\ROBIN',TIMESTAMP'2025-10-27 15:16:36'),
	 (874740,176473,'DFT',NULL,NULL,'BCEID\BMO',TIMESTAMP'2025-03-28 12:55:53','BCEID\BMO',TIMESTAMP'2025-03-28 12:55:53'),
	 (913837,176474,'BIS',NULL,69074033,'HBSB2031',TIMESTAMP'2025-12-09 15:16:52','HBSB2031',TIMESTAMP'2025-12-09 15:16:52'),
	 (894278,176474,'SUB',NULL,NULL,'BCEID\BMO',TIMESTAMP'2025-08-25 10:34:38','BCEID\BMO',TIMESTAMP'2025-08-25 10:34:38'),
	 (913528,176474,'BIP',NULL,69074033,'HBSB013',TIMESTAMP'2025-12-09 14:50:05','HBSB013',TIMESTAMP'2025-12-09 14:50:05'),
	 (894251,176474,'DFT',NULL,NULL,'BCEID\BMO',TIMESTAMP'2025-08-25 09:10:31','BCEID\BMO',TIMESTAMP'2025-08-25 09:10:31'),
	 (888645,176474,'ISUB',NULL,NULL,'BCEID\BMO',TIMESTAMP'2025-07-16 15:32:20','BCEID\BMO',TIMESTAMP'2025-07-16 15:32:20'),
	 (912507,176474,'RTB',NULL,NULL,'IDIR\NAMI',TIMESTAMP'2025-12-05 10:33:45','IDIR\NAMI',TIMESTAMP'2025-12-05 10:33:45'),
	 (901713,176474,'APP','All documents attached, HRC & Waste System volumes match (2,969.1m3). District review complete - forwarded for billing.',NULL,'IDIR\ROBIN',TIMESTAMP'2025-10-27 15:16:49','IDIR\ROBIN',TIMESTAMP'2025-10-27 15:16:49'),
	 (874741,176474,'DFT',NULL,NULL,'BCEID\BMO',TIMESTAMP'2025-03-28 12:56:08','BCEID\BMO',TIMESTAMP'2025-03-28 12:56:08'),
	 (913838,176475,'BIS',NULL,69074034,'HBSB2031',TIMESTAMP'2025-12-09 15:16:53','HBSB2031',TIMESTAMP'2025-12-09 15:16:53'),
	 (894272,176475,'SUB',NULL,NULL,'BCEID\BMO',TIMESTAMP'2025-08-25 10:30:41','BCEID\BMO',TIMESTAMP'2025-08-25 10:30:41'),
	 (913529,176475,'BIP',NULL,69074034,'HBSB013',TIMESTAMP'2025-12-09 14:50:08','HBSB013',TIMESTAMP'2025-12-09 14:50:08');
INSERT INTO WASTE_ASSESS_AREA_STS_AUDIT (WASTE_ASSESSMENT_AREA_AUDIT_ID,WASTE_ASSESSMENT_AREA_ID,WASTE_ASSESS_AREA_STS_CODE,WASTE_COMMENT,DOCUMENT_CONTROL_NUMBER,ENTRY_USERID,ENTRY_TIMESTAMP,UPDATE_USERID,UPDATE_TIMESTAMP) VALUES
	 (894257,176475,'DFT',NULL,NULL,'BCEID\BMO',TIMESTAMP'2025-08-25 09:17:35','BCEID\BMO',TIMESTAMP'2025-08-25 09:17:35'),
	 (888642,176475,'ISUB',NULL,NULL,'BCEID\BMO',TIMESTAMP'2025-07-16 15:31:39','BCEID\BMO',TIMESTAMP'2025-07-16 15:31:39'),
	 (912505,176475,'RTB',NULL,NULL,'IDIR\NAMI',TIMESTAMP'2025-12-05 10:32:21','IDIR\NAMI',TIMESTAMP'2025-12-05 10:32:21'),
	 (901707,176475,'APP','All documents attached, HRC & Waste System volumes match (2,969.1m3). District review complete - forwarded for billing.',NULL,'IDIR\ROBIN',TIMESTAMP'2025-10-27 15:16:09','IDIR\ROBIN',TIMESTAMP'2025-10-27 15:16:09'),
	 (874742,176475,'DFT',NULL,NULL,'BCEID\BMO',TIMESTAMP'2025-03-28 12:56:21','BCEID\BMO',TIMESTAMP'2025-03-28 12:56:21'),
	 (913839,176476,'BIS',NULL,69074035,'HBSB2031',TIMESTAMP'2025-12-09 15:16:55','HBSB2031',TIMESTAMP'2025-12-09 15:16:55'),
	 (913530,176476,'BIP',NULL,69074035,'HBSB013',TIMESTAMP'2025-12-09 14:50:13','HBSB013',TIMESTAMP'2025-12-09 14:50:13'),
	 (894250,176476,'DFT',NULL,NULL,'BCEID\BMO',TIMESTAMP'2025-08-25 09:06:30','BCEID\BMO',TIMESTAMP'2025-08-25 09:06:30'),
	 (888635,176476,'ISUB',NULL,NULL,'BCEID\BMO',TIMESTAMP'2025-07-16 15:29:18','BCEID\BMO',TIMESTAMP'2025-07-16 15:29:18'),
	 (912499,176476,'RTB',NULL,NULL,'IDIR\NAMI',TIMESTAMP'2025-12-05 10:30:42','IDIR\NAMI',TIMESTAMP'2025-12-05 10:30:42'),
	 (894267,176476,'SUB',NULL,NULL,'BCEID\BMO',TIMESTAMP'2025-08-25 10:17:59','BCEID\BMO',TIMESTAMP'2025-08-25 10:17:59'),
	 (901705,176476,'APP','All documents attached, HRC & Waste System volumes match (2,969.1m3). District review complete - forwarded for billing.',NULL,'IDIR\ROBIN',TIMESTAMP'2025-10-27 15:15:55','IDIR\ROBIN',TIMESTAMP'2025-10-27 15:15:55'),
	 (874743,176476,'DFT',NULL,NULL,'BCEID\BMO',TIMESTAMP'2025-03-28 12:59:00','BCEID\BMO',TIMESTAMP'2025-03-28 12:59:00');

INSERT INTO WASTE_SPONSOR (WASTE_SPONSOR_ID,WASTE_ASSESSMENT_AREA_ID,WASTE_SUBMITTER_ROLE_TYPE_CODE,SURVEYOR_SCALER_LICENSE_NUMBER,PERSONALLY_COMPLETED_IND,SPONSORED_BY_RFP_RFT_IND,WASTE_DESIGNATION_TYPE_CODE,LICENSE_NUMBER,NAME,PHONE,FAX,EMAIL,REVISION_COUNT,ENTRY_USERID,ENTRY_TIMESTAMP,UPDATE_USERID,UPDATE_TIMESTAMP,PERSONALLY_SUPERVISED_IND,PERSONALLY_REVIEWED_IND,WASTE_RELIEF_IND,RATIONALE_REQUIRED_IND,BURNT_PILES_IND,WASTE_SUBMITTER_USER_GUID,WASTE_SUBMITTER_USERID,WASTE_SUBMITTER_NAME,WASTE_SUBMITTER_PHONE,WASTE_SUBMITTER_FAX,WASTE_SUBMITTER_EMAIL) VALUES
	 (128237,176467,'RPF','5608','N','Y','RPF','5608','MARIYA PEACOSH','2504275807',NULL,'mpeacosh@simpcwresourcesgroup.com',2,'BCEID\BMO',TIMESTAMP'2025-07-16 15:36:52','BCEID\BMO',TIMESTAMP'2025-08-25 10:29:07','Y','N','N','N','N',NULL,NULL,NULL,NULL,NULL,NULL),
	 (128235,176469,'RPF','5608','N','Y','RPF','5608','MARIYA PEACOSH','2504275807',NULL,'mpeacosh@simpcwresourcesgroup.com',2,'BCEID\BMO',TIMESTAMP'2025-07-16 15:34:09','BCEID\BMO',TIMESTAMP'2025-08-25 10:35:49','Y','N','N','N','N',NULL,NULL,NULL,NULL,NULL,NULL),
	 (128236,176470,'RPF','5608','N','Y','RPF','5608','MARIYA PEACOSH','2504275807',NULL,'mpeacosh@simpcwresourcesgroup.com',2,'BCEID\BMO',TIMESTAMP'2025-07-16 15:34:51','BCEID\BMO',TIMESTAMP'2025-08-25 10:31:34','Y','N','N','N','N',NULL,NULL,NULL,NULL,NULL,NULL),
	 (128232,176472,'RPF','5608','N','Y','RPF','5608','MARIYA PEACOSH','2504275807',NULL,'mpeacosh@simpcwresourcesgroup.com',2,'BCEID\BMO',TIMESTAMP'2025-07-16 15:31:00','BCEID\BMO',TIMESTAMP'2025-08-25 10:21:11','Y','N','N','N','N',NULL,NULL,NULL,NULL,NULL,NULL),
	 (128231,176473,'RPF','5608','N','Y','RPF','5608','MARIYA PEACOSH','2504275807',NULL,'mpeacosh@simpcwresourcesgroup.com',2,'BCEID\BMO',TIMESTAMP'2025-07-16 15:30:30','BCEID\BMO',TIMESTAMP'2025-08-25 10:32:29','Y','N','N','N','N',NULL,NULL,NULL,NULL,NULL,NULL),
	 (128234,176474,'RPF','5608','N','Y','RPF','5608','MARIYA PEACOSH','2504275807',NULL,'mpeacosh@simpcwresourcesgroup.com',2,'BCEID\BMO',TIMESTAMP'2025-07-16 15:32:20','BCEID\BMO',TIMESTAMP'2025-08-25 10:34:38','Y','N','N','N','N',NULL,NULL,NULL,NULL,NULL,NULL),
	 (128233,176475,'RPF','5608','N','Y','RPF','5608','MARIYA PEACOSH','2504275807',NULL,'mpeacosh@simpcwresourcesgroup.com',2,'BCEID\BMO',TIMESTAMP'2025-07-16 15:31:39','BCEID\BMO',TIMESTAMP'2025-08-25 10:30:41','Y','N','N','N','N',NULL,NULL,NULL,NULL,NULL,NULL),
	 (128230,176476,'RPF','5608','N','Y','RPF','5608','MARIYA PEACOSH','2504275807',NULL,'mpeacosh@simpcwresourcesgroup.com',2,'BCEID\BMO',TIMESTAMP'2025-07-16 15:29:18','BCEID\BMO',TIMESTAMP'2025-08-25 10:17:59','Y','N','N','N','N',NULL,NULL,NULL,NULL,NULL,NULL);

INSERT INTO WASTE_ASSESSMENT_SURVEY_MAP (WASTE_ASSESSMENT_AREA_ID,SURVEY_MAP_DOCUMENT,WASTE_ASSESSMENT_SURVEY_MAP_ID,SURVEY_MAP_DOCUMENT_NAME,SURVEY_MAP_MIME_TYPE_CODE,WASTE_ASSESS_AREA_STS_CODE,ENTRY_USERID,ENTRY_TIMESTAMP) VALUES
	 (176467,HEXTORAW('A50314'),235091,'RU34906_R102_final_submission.zip','ZIP','SUB','BCEID\BMO',TIMESTAMP'2025-08-25 10:29:07'),
	 (176467,HEXTORAW('A50314'),233864,'RU34906_R102_Interim_submission.zip','ZIP','ISUB','BCEID\BMO',TIMESTAMP'2025-07-16 15:36:52'),
	 (176469,HEXTORAW('A50314'),235096,'RU34906_R218_final_submission.zip','ZIP','SUB','BCEID\BMO',TIMESTAMP'2025-08-25 10:35:49'),
	 (176469,HEXTORAW('A50314'),233862,'RU34906_R218_Interim_submission.zip','ZIP','ISUB','BCEID\BMO',TIMESTAMP'2025-07-16 15:34:09'),
	 (176470,HEXTORAW('A50314'),235093,'RU34906_R274_final_submission.zip','ZIP','SUB','BCEID\BMO',TIMESTAMP'2025-08-25 10:31:34'),
	 (176470,HEXTORAW('A50314'),233863,'RU34906_R274_Interim_submission.zip','ZIP','ISUB','BCEID\BMO',TIMESTAMP'2025-07-16 15:34:51'),
	 (176472,HEXTORAW('A50314'),235090,'RU34906_R336_final_submission.zip','ZIP','SUB','BCEID\BMO',TIMESTAMP'2025-08-25 10:21:11'),
	 (176472,HEXTORAW('A50314'),233859,'RU34906_R336_Interim_submission.zip','ZIP','ISUB','BCEID\BMO',TIMESTAMP'2025-07-16 15:31:00'),
	 (176473,HEXTORAW('A50314'),235094,'RU34906_R341_final_submission.zip','ZIP','SUB','BCEID\BMO',TIMESTAMP'2025-08-25 10:32:29'),
	 (176473,HEXTORAW('A50314'),233858,'RU34906_R341_Interim_submission.zip','ZIP','ISUB','BCEID\BMO',TIMESTAMP'2025-07-16 15:30:30'),
	 (176474,HEXTORAW('A50314'),235095,'RU34906_R569_final_submission.zip','ZIP','SUB','BCEID\BMO',TIMESTAMP'2025-08-25 10:34:38'),
	 (176474,HEXTORAW('A50314'),233861,'RU34906_R569_Interim_submission.zip','ZIP','ISUB','BCEID\BMO',TIMESTAMP'2025-07-16 15:32:20'),
	 (176475,HEXTORAW('A50314'),235092,'RU34906_R571_final_submission.zip','ZIP','SUB','BCEID\BMO',TIMESTAMP'2025-08-25 10:30:41'),
	 (176475,HEXTORAW('A50314'),233860,'RU34906_R571_Interim_submission.zip','ZIP','ISUB','BCEID\BMO',TIMESTAMP'2025-07-16 15:31:39'),
	 (176476,HEXTORAW('A50314'),235089,'RU34906_R105_final_submission.zip','ZIP','SUB','BCEID\BMO',TIMESTAMP'2025-08-25 10:17:59'),
	 (176476,HEXTORAW('A50314'),233857,'RU34906_R105_Interim_submission.zip','ZIP','ISUB','BCEID\BMO',TIMESTAMP'2025-07-16 15:29:18');

INSERT INTO WASTE_STRATUM (WASTE_STRATUM_ID,WASTE_ASSESSMENT_AREA_ID,WASTE_STRATUM_TYPE_CODE,WASTE_TYPE_CODE,WASTE_HARVEST_METHOD_CODE,WASTE_ASSESSMENT_METHOD_CODE,WASTE_PLOT_SIZE_CODE,WASTE_LEVEL_CODE,STRATUM_AREA,TOTAL_ESTIMATED_VOLUME,REVISION_COUNT,ENTRY_USERID,ENTRY_TIMESTAMP,UPDATE_USERID,UPDATE_TIMESTAMP,WASTE_SURVEYOR_LICENCE) VALUES
	 (270296,176467,'DIS','S','C','C',NULL,'X',7.19,NULL,1,'BCEID\BMO',TIMESTAMP'2025-08-25 09:16:34','BCEID\BMO',TIMESTAMP'2025-08-25 09:16:34',NULL),
	 (270297,176467,'ACC','P','C','C',NULL,'X',0.2,NULL,1,'BCEID\BMO',TIMESTAMP'2025-08-25 09:16:34','BCEID\BMO',TIMESTAMP'2025-08-25 09:16:34',NULL),
	 (270305,176469,'DIS','S','C','C',NULL,'X',11.55,NULL,1,'BCEID\BMO',TIMESTAMP'2025-08-25 09:19:36','BCEID\BMO',TIMESTAMP'2025-08-25 09:19:36',NULL),
	 (270306,176469,'ACC','P','C','C',NULL,'X',0.23,NULL,1,'BCEID\BMO',TIMESTAMP'2025-08-25 09:19:36','BCEID\BMO',TIMESTAMP'2025-08-25 09:19:36',NULL),
	 (270308,176470,'ACC','P','C','C',NULL,'X',0.41,NULL,1,'BCEID\BMO',TIMESTAMP'2025-08-25 09:20:37','BCEID\BMO',TIMESTAMP'2025-08-25 09:20:37',NULL),
	 (270309,176470,'ACC','C','C','C',NULL,'X',0.01,NULL,1,'BCEID\BMO',TIMESTAMP'2025-08-25 09:20:37','BCEID\BMO',TIMESTAMP'2025-08-25 09:20:37',NULL),
	 (270307,176470,'DIS','S','C','C',NULL,'X',41.43,NULL,1,'BCEID\BMO',TIMESTAMP'2025-08-25 09:20:37','BCEID\BMO',TIMESTAMP'2025-08-25 09:20:37',NULL),
	 (270301,176472,'DIS','S','C','C',NULL,'X',19,NULL,1,'BCEID\BMO',TIMESTAMP'2025-08-25 09:18:35','BCEID\BMO',TIMESTAMP'2025-08-25 09:18:35',NULL),
	 (270302,176472,'ACC','P','C','C',NULL,'X',0.37,NULL,1,'BCEID\BMO',TIMESTAMP'2025-08-25 09:18:35','BCEID\BMO',TIMESTAMP'2025-08-25 09:18:35',NULL),
	 (270303,176473,'DIS','S','C','C',NULL,'X',17.8,NULL,1,'BCEID\BMO',TIMESTAMP'2025-08-25 09:19:36','BCEID\BMO',TIMESTAMP'2025-08-25 09:19:36',NULL),
	 (270304,176473,'ACC','P','C','C',NULL,'X',0.38,NULL,1,'BCEID\BMO',TIMESTAMP'2025-08-25 09:19:36','BCEID\BMO',TIMESTAMP'2025-08-25 09:19:36',NULL),
	 (270294,176474,'DIS','S','C','C',NULL,'X',29.72,NULL,1,'BCEID\BMO',TIMESTAMP'2025-08-25 09:15:34','BCEID\BMO',TIMESTAMP'2025-08-25 09:15:34',NULL),
	 (270295,176474,'ACC','P','C','C',NULL,'X',0.4,NULL,1,'BCEID\BMO',TIMESTAMP'2025-08-25 09:15:34','BCEID\BMO',TIMESTAMP'2025-08-25 09:15:34',NULL),
	 (270299,176475,'ACC','P','C','C',NULL,'X',0.55,NULL,1,'BCEID\BMO',TIMESTAMP'2025-08-25 09:17:35','BCEID\BMO',TIMESTAMP'2025-08-25 09:17:35',NULL),
	 (270298,176475,'DIS','S','C','C',NULL,'X',38.69,NULL,1,'BCEID\BMO',TIMESTAMP'2025-08-25 09:17:35','BCEID\BMO',TIMESTAMP'2025-08-25 09:17:35',NULL),
	 (270292,176476,'DIS','S','C','C',NULL,'X',12.97,NULL,1,'BCEID\BMO',TIMESTAMP'2025-08-25 09:13:33','BCEID\BMO',TIMESTAMP'2025-08-25 09:13:33',NULL),
	 (270293,176476,'ACC','P','C','C',NULL,'X',0.2,NULL,1,'BCEID\BMO',TIMESTAMP'2025-08-25 09:13:33','BCEID\BMO',TIMESTAMP'2025-08-25 09:13:33',NULL);

INSERT INTO WASTE_ASSESSMENT_SEGREGATION (SCALE_GRADE_CODE,SCALE_PRODUCT_CODE,SCALE_SPECIES_CODE,WASTE_ASSESSMENT_AREA_ID,ESTIMATED_VOLUME,RATE,AVOIDABLE_IND,NUMBER_OF_PIECES) VALUES
	 ('2',' ','AS',179337,0.865,0.5,'Y',2),
	 ('4',' ','BI',179337,0.078,0.25,'Y',1),
	 ('4',' ','CE',179337,1.019,0.25,'Y',4),
	 ('4',' ','HE',179337,0.292,0.25,'Y',2),
	 ('2',' ','SP',179337,2.322,0.59,'Y',4),
	 ('2',' ','FI',179337,2.773,0.59,'Y',4),
	 ('4',' ','FI',179337,0.892,0.25,'Y',3),
	 ('4',' ','LO',179337,0.734,0.25,'Y',3),
	 ('2',' ','BA',179337,0.601,0.59,'Y',4),
	 ('2',' ','BI',179337,0.625,0.5,'Y',1),
	 ('2',' ','CE',179337,2.081,0.59,'Y',3),
	 ('4',' ','BA',179337,1.545,0.25,'Y',4),
	 ('2',' ','HE',179337,1.486,0.59,'Y',3),
	 ('4',' ','SP',179337,2.554,0.25,'Y',4),
	 ('2',' ','SP',179341,1.752,0,'Y',4),
	 ('4',' ','BA',179341,1.246,0.25,'Y',4),
	 ('2',' ','BI',179341,0.403,0.5,'Y',1),
	 ('4',' ','BI',179341,0.069,0.25,'Y',1),
	 ('2',' ','FI',179341,1.826,0,'Y',4),
	 ('4',' ','LO',179341,0.532,0.25,'Y',3);
INSERT INTO WASTE_ASSESSMENT_SEGREGATION (SCALE_GRADE_CODE,SCALE_PRODUCT_CODE,SCALE_SPECIES_CODE,WASTE_ASSESSMENT_AREA_ID,ESTIMATED_VOLUME,RATE,AVOIDABLE_IND,NUMBER_OF_PIECES) VALUES
	 ('4',' ','SP',179341,2.062,0.25,'Y',4),
	 ('2',' ','BA',179341,0.41,0,'Y',4),
	 ('4',' ','CE',179341,0.83,0.25,'Y',4),
	 ('4',' ','FI',179341,0.651,0.25,'Y',3),
	 ('2',' ','AS',179341,0.698,0.5,'Y',2),
	 ('2',' ','CE',179341,1.441,0,'Y',3),
	 ('2',' ','HE',179341,1.005,0,'Y',3),
	 ('4',' ','HE',179341,0.189,0.25,'Y',2),
	 ('2',' ','AS',179342,2.412,0.5,'Y',2),
	 ('4',' ','FI',179342,2.158,0.25,'Y',3),
	 ('2',' ','BA',179342,1.319,0,'Y',4),
	 ('4',' ','BA',179342,4.304,0.25,'Y',4),
	 ('4',' ','HE',179342,0.59,0.25,'Y',2),
	 ('4',' ','SP',179342,7.125,0.25,'Y',4),
	 ('4',' ','CE',179342,2.875,0.25,'Y',4),
	 ('4',' ','LO',179342,1.76,0.25,'Y',3),
	 ('2',' ','FI',179342,5.765,0,'Y',4),
	 ('2',' ','HE',179342,3.214,0,'Y',3),
	 ('2',' ','SP',179342,5.892,0,'Y',4),
	 ('2',' ','CE',179342,4.663,0,'Y',3);
INSERT INTO WASTE_ASSESSMENT_SEGREGATION (SCALE_GRADE_CODE,SCALE_PRODUCT_CODE,SCALE_SPECIES_CODE,WASTE_ASSESSMENT_AREA_ID,ESTIMATED_VOLUME,RATE,AVOIDABLE_IND,NUMBER_OF_PIECES) VALUES
	 ('2',' ','BI',179342,1.261,0.5,'Y',1),
	 ('4',' ','BI',179342,0.248,0.25,'Y',1),
	 ('2',' ','BI',179343,2.074,0.5,'Y',1),
	 ('2',' ','CE',179343,7.035,0,'Y',3),
	 ('2',' ','BA',179343,2.025,0,'Y',4),
	 ('4',' ','CE',179343,3.605,0.25,'Y',4),
	 ('2',' ','FI',179343,9.252,0,'Y',4),
	 ('4',' ','FI',179343,3.058,0.25,'Y',3),
	 ('2',' ','SP',179343,8.036,0,'Y',4),
	 ('2',' ','AS',179343,3.051,0.5,'Y',2),
	 ('4',' ','BA',179343,5.451,0.25,'Y',4),
	 ('2',' ','HE',179343,4.992,0,'Y',3),
	 ('4',' ','SP',179343,9.011,0.25,'Y',4),
	 ('4',' ','BI',179343,0.282,0.25,'Y',1),
	 ('4',' ','HE',179343,0.97,0.25,'Y',2),
	 ('4',' ','LO',179343,2.511,0.25,'Y',3),
	 ('4',' ','BI',179344,0.158,0.25,'Y',1),
	 ('2',' ','BA',179344,0.876,0,'Y',4),
	 ('4',' ','LO',179344,1.155,0.25,'Y',3),
	 ('2',' ','SP',179344,3.841,0,'Y',4);
INSERT INTO WASTE_ASSESSMENT_SEGREGATION (SCALE_GRADE_CODE,SCALE_PRODUCT_CODE,SCALE_SPECIES_CODE,WASTE_ASSESSMENT_AREA_ID,ESTIMATED_VOLUME,RATE,AVOIDABLE_IND,NUMBER_OF_PIECES) VALUES
	 ('2',' ','AS',179344,1.556,0.5,'Y',2),
	 ('4',' ','BA',179344,2.776,0.25,'Y',4),
	 ('2',' ','HE',179344,2.138,0,'Y',3),
	 ('2',' ','BI',179344,0.847,0.5,'Y',1),
	 ('2',' ','CE',179344,3.088,0,'Y',3),
	 ('4',' ','CE',179344,1.852,0.25,'Y',4),
	 ('4',' ','SP',179344,4.595,0.25,'Y',4),
	 ('2',' ','FI',179344,3.856,0,'Y',4),
	 ('4',' ','FI',179344,1.415,0.25,'Y',3),
	 ('4',' ','HE',179344,0.396,0.25,'Y',2),
	 ('2',' ','AS',179345,1.185,0.5,'Y',2),
	 ('2',' ','BI',179345,0.488,0.5,'Y',1),
	 ('4',' ','BI',179345,0.131,0.25,'Y',1),
	 ('4',' ','HE',179345,0.228,0.25,'Y',2),
	 ('4',' ','LO',179345,0.786,0.25,'Y',3),
	 ('2',' ','CE',179345,1.988,0,'Y',4),
	 ('2',' ','FI',179345,2.293,0,'Y',4),
	 ('4',' ','FI',179345,0.969,0.25,'Y',3),
	 ('2',' ','HE',179345,1.338,0,'Y',4),
	 ('2',' ','BA',179345,0.55,0,'Y',4);
INSERT INTO WASTE_ASSESSMENT_SEGREGATION (SCALE_GRADE_CODE,SCALE_PRODUCT_CODE,SCALE_SPECIES_CODE,WASTE_ASSESSMENT_AREA_ID,ESTIMATED_VOLUME,RATE,AVOIDABLE_IND,NUMBER_OF_PIECES) VALUES
	 ('4',' ','BA',179345,2.111,0.25,'Y',4),
	 ('4',' ','CE',179345,1.421,0.25,'Y',4),
	 ('2',' ','SP',179345,2.946,0,'Y',5),
	 ('4',' ','SP',179345,3.499,0.25,'Y',4),
	 ('4',' ','BI',179346,0.162,0.25,'Y',1),
	 ('4',' ','LO',179346,1.465,0.25,'Y',3),
	 ('2',' ','AS',179346,1.767,0.5,'Y',2),
	 ('2',' ','SP',179346,4.674,0,'Y',4),
	 ('2',' ','BI',179346,1.219,0.5,'Y',1),
	 ('2',' ','HE',179346,2.925,0,'Y',3),
	 ('4',' ','BA',179346,3.156,0.25,'Y',4),
	 ('4',' ','CE',179346,2.086,0.25,'Y',4),
	 ('4',' ','FI',179346,1.783,0.25,'Y',3),
	 ('4',' ','HE',179346,0.57,0.25,'Y',2),
	 ('4',' ','SP',179346,5.216,0.25,'Y',4),
	 ('2',' ','BA',179346,1.186,0,'Y',4),
	 ('2',' ','FI',179346,5.43,0,'Y',4),
	 ('2',' ','CE',179346,4.116,0,'Y',3),
	 ('4',' ','BA',176467,13.957,0.25,'Y',4),
	 ('2',' ','CE',176467,21.166,6.17,'Y',3);
INSERT INTO WASTE_ASSESSMENT_SEGREGATION (SCALE_GRADE_CODE,SCALE_PRODUCT_CODE,SCALE_SPECIES_CODE,WASTE_ASSESSMENT_AREA_ID,ESTIMATED_VOLUME,RATE,AVOIDABLE_IND,NUMBER_OF_PIECES) VALUES
	 ('2',' ','BI',176467,6.641,0.5,'Y',1),
	 ('4',' ','BI',176467,0.633,0.25,'Y',1),
	 ('2',' ','HE',176467,15.353,6.17,'Y',3),
	 ('2',' ','AS',176467,7.802,0.5,'Y',2),
	 ('4',' ','FI',176467,8.74,0.25,'Y',3),
	 ('4',' ','HE',176467,3.107,0.25,'Y',2),
	 ('2',' ','BA',176467,6.173,6.17,'Y',4),
	 ('4',' ','CE',176467,9.128,0.25,'Y',4),
	 ('2',' ','SP',176467,22.176,6.17,'Y',4),
	 ('2',' ','FI',176467,29.129,6.17,'Y',4),
	 ('4',' ','LO',176467,7.218,0.25,'Y',3),
	 ('4',' ','SP',176467,23.035,0.25,'Y',4),
	 ('4',' ','BA',176469,16.62,0.25,'Y',4),
	 ('2',' ','FI',176469,28.595,0,'Y',4),
	 ('4',' ','FI',176469,9.389,0.25,'Y',3),
	 ('2',' ','BA',176469,6.243,0,'Y',4),
	 ('2',' ','BI',176469,6.418,0.5,'Y',1),
	 ('4',' ','BI',176469,0.854,0.25,'Y',1),
	 ('4',' ','HE',176469,3.003,0.25,'Y',2),
	 ('2',' ','SP',176469,24.616,0,'Y',4);
INSERT INTO WASTE_ASSESSMENT_SEGREGATION (SCALE_GRADE_CODE,SCALE_PRODUCT_CODE,SCALE_SPECIES_CODE,WASTE_ASSESSMENT_AREA_ID,ESTIMATED_VOLUME,RATE,AVOIDABLE_IND,NUMBER_OF_PIECES) VALUES
	 ('2',' ','HE',176469,15.404,0,'Y',3),
	 ('4',' ','CE',176469,10.984,0.25,'Y',4),
	 ('4',' ','SP',176469,27.47,0.25,'Y',4),
	 ('2',' ','AS',176469,9.302,0.5,'Y',2),
	 ('2',' ','CE',176469,21.675,0,'Y',3),
	 ('4',' ','LO',176469,7.713,0.25,'Y',3),
	 ('2',' ','FI',176470,61.695,0,'Y',4),
	 ('2',' ','BA',176470,14.799,0,'Y',4),
	 ('2',' ','HE',176470,36.006,0,'Y',4),
	 ('4',' ','HE',176470,6.141,0.25,'Y',2),
	 ('4',' ','LO',176470,21.138,0.25,'Y',3),
	 ('2',' ','SP',176470,79.239,0,'Y',5),
	 ('2',' ','AS',176470,31.865,0.5,'Y',2),
	 ('4',' ','BA',176470,56.795,0.25,'Y',4),
	 ('2',' ','BI',176470,13.126,0.5,'Y',1),
	 ('2',' ','CE',176470,53.491,0,'Y',4),
	 ('4',' ','FI',176470,26.075,0.25,'Y',3),
	 ('4',' ','BI',176470,3.515,0.25,'Y',1),
	 ('4',' ','CE',176470,38.217,0.25,'Y',4),
	 ('4',' ','SP',176470,94.116,0.25,'Y',4);
INSERT INTO WASTE_ASSESSMENT_SEGREGATION (SCALE_GRADE_CODE,SCALE_PRODUCT_CODE,SCALE_SPECIES_CODE,WASTE_ASSESSMENT_AREA_ID,ESTIMATED_VOLUME,RATE,AVOIDABLE_IND,NUMBER_OF_PIECES) VALUES
	 ('2',' ','AS',176472,15.024,0.5,'Y',2),
	 ('2',' ','BA',176472,9.97,0,'Y',4),
	 ('2',' ','FI',176472,45.551,0,'Y',4),
	 ('4',' ','LO',176472,12.365,0.25,'Y',3),
	 ('4',' ','SP',176472,44.364,0.25,'Y',4),
	 ('2',' ','CE',176472,34.64,0,'Y',3),
	 ('4',' ','HE',176472,4.778,0.25,'Y',2),
	 ('2',' ','BI',176472,10.212,0.5,'Y',1),
	 ('2',' ','HE',176472,24.58,0,'Y',3),
	 ('2',' ','SP',176472,39.567,0,'Y',4),
	 ('4',' ','BA',176472,26.837,0.25,'Y',4),
	 ('4',' ','BI',176472,1.39,0.25,'Y',1),
	 ('4',' ','CE',176472,17.749,0.25,'Y',4),
	 ('4',' ','FI',176472,15.059,0.25,'Y',3),
	 ('4',' ','LO',176473,14.087,0.25,'Y',3),
	 ('2',' ','AS',176473,16.603,0.5,'Y',2),
	 ('2',' ','BA',176473,11.545,0.84,'Y',4),
	 ('4',' ','BA',176473,29.672,0.25,'Y',4),
	 ('4',' ','CE',176473,19.569,0.25,'Y',4),
	 ('4',' ','FI',176473,17.129,0.25,'Y',3);
INSERT INTO WASTE_ASSESSMENT_SEGREGATION (SCALE_GRADE_CODE,SCALE_PRODUCT_CODE,SCALE_SPECIES_CODE,WASTE_ASSESSMENT_AREA_ID,ESTIMATED_VOLUME,RATE,AVOIDABLE_IND,NUMBER_OF_PIECES) VALUES
	 ('4',' ','SP',176473,49.028,0.25,'Y',4),
	 ('4',' ','BI',176473,1.488,0.25,'Y',1),
	 ('2',' ','HE',176473,28.534,0.84,'Y',3),
	 ('2',' ','CE',176473,39.965,0.84,'Y',3),
	 ('4',' ','HE',176473,5.611,0.25,'Y',2),
	 ('2',' ','SP',176473,44.59,0.84,'Y',4),
	 ('2',' ','BI',176473,11.993,0.5,'Y',1),
	 ('2',' ','FI',176473,53.237,0.84,'Y',4),
	 ('4',' ','HE',176474,5.623,0.25,'Y',2),
	 ('4',' ','BA',176474,41.023,0.25,'Y',4),
	 ('2',' ','AS',176474,22.994,0.5,'Y',2),
	 ('4',' ','FI',176474,20.567,0.25,'Y',3),
	 ('4',' ','LO',176474,16.773,0.25,'Y',3),
	 ('4',' ','BI',176474,2.367,0.25,'Y',1),
	 ('2',' ','BA',176474,12.576,0,'Y',4),
	 ('2',' ','BI',176474,12.021,0.5,'Y',1),
	 ('2',' ','SP',176474,56.163,0,'Y',4),
	 ('2',' ','CE',176474,44.449,0,'Y',3),
	 ('2',' ','FI',176474,54.95,0,'Y',4),
	 ('2',' ','HE',176474,30.638,0,'Y',3);
INSERT INTO WASTE_ASSESSMENT_SEGREGATION (SCALE_GRADE_CODE,SCALE_PRODUCT_CODE,SCALE_SPECIES_CODE,WASTE_ASSESSMENT_AREA_ID,ESTIMATED_VOLUME,RATE,AVOIDABLE_IND,NUMBER_OF_PIECES) VALUES
	 ('4',' ','SP',176474,67.909,0.25,'Y',4),
	 ('4',' ','CE',176474,27.407,0.25,'Y',4),
	 ('4',' ','BA',176475,57.077,0.25,'Y',4),
	 ('4',' ','BI',176475,3.247,0.25,'Y',1),
	 ('2',' ','FI',176475,79.279,0,'Y',4),
	 ('4',' ','CE',176475,38.082,0.25,'Y',4),
	 ('2',' ','CE',176475,63.48,0,'Y',3),
	 ('2',' ','SP',176475,78.975,0,'Y',4),
	 ('4',' ','FI',176475,29.089,0.25,'Y',3),
	 ('2',' ','AS',176475,31.988,0.5,'Y',2),
	 ('4',' ','HE',176475,8.147,0.25,'Y',2),
	 ('4',' ','LO',176475,23.747,0.25,'Y',3),
	 ('4',' ','SP',176475,94.469,0.25,'Y',4),
	 ('2',' ','BA',176475,18.009,0,'Y',4),
	 ('2',' ','BI',176475,17.416,0.5,'Y',1),
	 ('2',' ','HE',176475,43.962,0,'Y',3),
	 ('4',' ','BA',176476,19.272,0.25,'Y',4),
	 ('4',' ','CE',176476,12.829,0.25,'Y',4),
	 ('2',' ','FI',176476,28.228,0,'Y',4),
	 ('4',' ','SP',176476,31.886,0.25,'Y',4);
INSERT INTO WASTE_ASSESSMENT_SEGREGATION (SCALE_GRADE_CODE,SCALE_PRODUCT_CODE,SCALE_SPECIES_CODE,WASTE_ASSESSMENT_AREA_ID,ESTIMATED_VOLUME,RATE,AVOIDABLE_IND,NUMBER_OF_PIECES) VALUES
	 ('2',' ','BA',176476,6.347,0,'Y',4),
	 ('4',' ','BI',176476,1.072,0.25,'Y',1),
	 ('2',' ','SP',176476,27.094,0,'Y',4),
	 ('2',' ','AS',176476,10.798,0.5,'Y',2),
	 ('4',' ','FI',176476,10.066,0.25,'Y',3),
	 ('2',' ','HE',176476,15.533,0,'Y',3),
	 ('4',' ','LO',176476,8.229,0.25,'Y',3),
	 ('2',' ','CE',176476,22.28,0,'Y',3),
	 ('2',' ','BI',176476,6.238,0.5,'Y',1),
	 ('4',' ','HE',176476,2.918,0.25,'Y',2);
