-- Core data pump for reporting unit 2258

INSERT INTO WASTE_REPORTING_UNIT (REPORTING_UNIT_ID,ORG_UNIT_NO,CLIENT_LOCN_CODE,CLIENT_NUMBER,WASTE_SAMPLING_OPTION_CODE,WASTE_DISPERSED_CV_CODE,WASTE_ACCUMULATED_CV_CODE,APPRAISAL_METHOD_CODE,REVISION_COUNT,ENTRY_USERID,ENTRY_TIMESTAMP,UPDATE_USERID,UPDATE_TIMESTAMP) VALUES
		(2258,1825,'00','00010004','AGR','50','50',NULL,69,'BCEID\LUFFY',TIMESTAMP'2006-02-20 11:06:52','BCEID\ZORO',TIMESTAMP'2007-11-30 13:10:15');

INSERT INTO WASTE_ASSESSMENT_AREA (WASTE_ASSESSMENT_AREA_ID,PARENT_WAA_ID,REPORTING_UNIT_ID,FOREST_FILE_ID,TIMBER_MARK,CB_SKEY,WASTE_MATURITY_TYPE_CODE,WASTE_CONDITION_TYPE_CODE,WASTE_SITE_TYPE_CODE,WASTE_HARVEST_STATUS_CODE,WASTE_NET_AREA,MARK_AREA,REMAINING_HARVEST_AREA,YEAR_LOGGED_FROM,YEAR_LOGGED_TO,PRIMARY_LOGGING_COMPLETE_DATE,ASSESS_STATUS_CHANGE_DATE,BENCHMARK_VOLUME,WASTE_SURVEYOR_LICENCE,RETURN_NUMBER,WASTE_ROADS_AREA,SURVEY_DATE,CRUISE_VOLUME,WASTE_ASSESS_AREA_STS_CODE,SURVEY_MAP_DOCUMENT_NAME,SURVEY_MAP_MIME_TYPE_CODE,PARENT_BLOCK_IND,CHILD_BLOCK_IND,MULTI_MARK_IND,WASTE_PARENT_BLOCK_TYPE_CODE,DOCUMENT_CONTROL_NUMBER,HBS_EDIT_ERR_MESSAGE_CODE,HBS_EDIT_ERR_CATEGORY_CODE,DRAFT_TIMBER_MARK,DRAFT_CUTTING_PERMIT_ID,DRAFT_CUT_BLOCK_ID,CUTTING_PERMIT_ID,CUT_BLOCK_ID,WASTE_SURVEY_CHECK_CODE,NUMBER_OF_PLOTS_CHECKED,WASTE_AREA_RISK_RATING_CODE,INVOICE_NOTATION,REVISION_COUNT,ENTRY_USERID,ENTRY_TIMESTAMP,UPDATE_USERID,UPDATE_TIMESTAMP,ERROR_EMAIL_TIMESTAMP,OBLIGATION_ADJUSTMENT,WASTE_FIBRE_RECOVERY_ZONE_RATE) VALUES
	 (26626,NULL,2258,'A19220','EB5175',154499,'MAT',NULL,NULL,NULL,9.14,NULL,NULL,2007,2007,TIMESTAMP'2007-10-04 00:00:00',TIMESTAMP'2008-07-15 08:36:39',35,'727D','453',0,TIMESTAMP'2007-10-04 00:00:00',750,'BIS','N100.zip','ZIP','N','N','N',NULL,67439479,NULL,NULL,'EB5175','175','N100','175','N100','PAS',4,NULL,NULL,11,'BCEID\FINNHERO',TIMESTAMP'2007-11-22 07:44:04','DATAFIX_2.07',TIMESTAMP'2015-06-11 12:23:13',NULL,NULL,NULL),
	 (26627,NULL,2258,'A19220','EB5175',154498,'MAT',NULL,NULL,NULL,14.32,NULL,NULL,2007,2007,TIMESTAMP'2007-10-02 00:00:00',TIMESTAMP'2008-07-15 08:37:49',35,'727D','452',NULL,TIMESTAMP'2007-10-15 00:00:00',750,'BIS','N17.zip','ZIP','N','N','N',NULL,67439480,NULL,NULL,'EB5175','175','N17','175','N17','NCK',NULL,NULL,NULL,10,'BCEID\FINNHERO',TIMESTAMP'2007-11-22 07:46:58','DATAFIX_2.07',TIMESTAMP'2015-06-11 12:23:13',NULL,NULL,NULL),
	 (26967,6266,2258,'R01689','R01689',NULL,'MAT',NULL,NULL,NULL,13.4,1.63,NULL,2007,2007,TIMESTAMP'2007-08-31 00:00:00',TIMESTAMP'2007-12-04 13:34:39',35,'422F','031',0.67,TIMESTAMP'2007-11-20 00:00:00',750,'BIS',NULL,NULL,'N','N','N',NULL,67378906,NULL,NULL,NULL,NULL,NULL,NULL,NULL,NULL,NULL,NULL,NULL,7,'BCEID\FINNHERO',TIMESTAMP'2007-11-30 13:10:33','DATAFIX_2.07',TIMESTAMP'2015-06-11 12:23:13',NULL,NULL,NULL),
	 (15979,6257,2258,'A19220','EB5174',154490,'MAT',NULL,NULL,NULL,12.45,4.1,NULL,2006,2006,TIMESTAMP'2006-10-05 00:00:00',TIMESTAMP'2007-01-22 09:44:52',35,'058G','006',NULL,TIMESTAMP'2006-10-14 00:00:00',NULL,'BIS',NULL,NULL,'N','Y','N',NULL,67265288,NULL,NULL,NULL,NULL,NULL,'174','PT5H',NULL,NULL,NULL,NULL,7,'BCEID\FINNHERO',TIMESTAMP'2006-11-15 15:07:57','DATAFIX_2.07',TIMESTAMP'2015-06-11 12:23:13',NULL,NULL,NULL),
	 (15980,6257,2258,'A19220','EB5176',154501,'MAT',NULL,NULL,NULL,12.45,6,NULL,2006,2006,TIMESTAMP'2006-10-08 00:00:00',TIMESTAMP'2007-01-22 09:48:35',35,'058G','006',NULL,TIMESTAMP'2006-10-14 00:00:00',NULL,'BIS',NULL,NULL,'N','Y','N',NULL,67265289,NULL,NULL,NULL,NULL,NULL,'174','PT8H',NULL,NULL,NULL,NULL,7,'BCEID\FINNHERO',TIMESTAMP'2006-11-15 15:08:36','DATAFIX_2.07',TIMESTAMP'2015-06-11 12:23:13',NULL,NULL,NULL),
	 (16174,6257,2258,'A19220','EB5174',154491,'MAT',NULL,NULL,NULL,12.45,3.16,NULL,2006,2006,TIMESTAMP'2005-11-30 00:00:00',TIMESTAMP'2007-01-22 09:51:34',35,'058G','006',NULL,TIMESTAMP'2006-10-13 00:00:00',NULL,'BIS',NULL,NULL,'N','Y','N',NULL,67265298,NULL,NULL,NULL,NULL,NULL,'174','PT5',NULL,NULL,NULL,NULL,8,'BCEID\FINNHERO',TIMESTAMP'2006-11-22 11:12:58','DATAFIX_2.07',TIMESTAMP'2015-06-11 12:23:13',NULL,NULL,NULL),
	 (16580,6265,2258,'R01689','R01689',NULL,'MAT',NULL,NULL,NULL,14.54,0.88,NULL,2006,2006,TIMESTAMP'2006-09-30 00:00:00',TIMESTAMP'2006-12-04 13:22:32',35,'058G','007',0.42,TIMESTAMP'2006-11-22 00:00:00',NULL,'BIS',NULL,NULL,'N','Y','N',NULL,67254029,NULL,NULL,NULL,NULL,NULL,'675',NULL,NULL,NULL,NULL,NULL,7,'BCEID\FINNHERO',TIMESTAMP'2006-11-30 14:31:05','DATAFIX_2.07',TIMESTAMP'2015-06-11 12:23:13',NULL,NULL,NULL),
	 (16581,6265,2258,'A19220','EB5673',96117,'MAT',NULL,NULL,NULL,14.54,7.62,NULL,2006,2006,TIMESTAMP'2005-11-30 00:00:00',TIMESTAMP'2006-12-04 13:22:32',35,'058G','007',0.42,TIMESTAMP'2006-11-22 00:00:00',NULL,'BIS',NULL,NULL,'N','Y','N',NULL,67254030,NULL,NULL,NULL,NULL,NULL,'675','CLO-159',NULL,NULL,NULL,NULL,7,'BCEID\FINNHERO',TIMESTAMP'2006-11-30 14:50:02','DATAFIX_2.07',TIMESTAMP'2015-06-11 12:23:13',NULL,NULL,NULL),
	 (16582,6265,2258,'A19220','EB5670',96101,'MAT',NULL,NULL,NULL,14.54,37.35,NULL,2006,2006,TIMESTAMP'2006-11-15 00:00:00',TIMESTAMP'2006-12-04 13:22:32',35,'058G','007',0.42,TIMESTAMP'2006-11-22 00:00:00',NULL,'BIS',NULL,NULL,'N','Y','N',NULL,67254031,NULL,NULL,NULL,NULL,NULL,'675','CLO-67A',NULL,NULL,NULL,NULL,7,'BCEID\FINNHERO',TIMESTAMP'2006-11-30 15:03:03','DATAFIX_2.07',TIMESTAMP'2015-06-11 12:23:13',NULL,NULL,NULL),
	 (16583,6265,2258,'A19220','EB5675',96133,'MAT',NULL,NULL,NULL,14.54,5.3,NULL,2006,2006,TIMESTAMP'2006-08-31 00:00:00',TIMESTAMP'2006-12-04 13:22:32',35,'058G','007',0.42,TIMESTAMP'2006-11-22 00:00:00',NULL,'BIS',NULL,NULL,'N','Y','N',NULL,67254032,NULL,NULL,NULL,NULL,NULL,'675','CLO-42',NULL,NULL,NULL,NULL,7,'BCEID\FINNHERO',TIMESTAMP'2006-11-30 15:05:47','DATAFIX_2.07',TIMESTAMP'2015-06-11 12:23:13',NULL,NULL,NULL),
	 (16584,6265,2258,'A19220','EB5674',96127,'MAT',NULL,NULL,NULL,14.54,26.9,NULL,2006,2006,TIMESTAMP'2006-11-15 00:00:00',TIMESTAMP'2006-12-04 13:22:32',35,'058G','007',0.42,TIMESTAMP'2006-11-22 00:00:00',NULL,'BIS',NULL,NULL,'N','Y','N',NULL,67254033,NULL,NULL,NULL,NULL,NULL,'675','CLO-368',NULL,NULL,NULL,NULL,7,'BCEID\FINNHERO',TIMESTAMP'2006-11-30 15:07:30','DATAFIX_2.07',TIMESTAMP'2015-06-11 12:23:13',NULL,NULL,NULL),
	 (6249,NULL,2258,'A19220','EB5516',95843,'MAT',NULL,NULL,NULL,4.4,NULL,NULL,2006,2006,TIMESTAMP'2006-06-15 00:00:00',TIMESTAMP'2006-08-31 14:22:40',35,'649F','250',NULL,TIMESTAMP'2006-06-26 00:00:00',NULL,'BIS','Dr1h.jpg','JPG','N','N','N',NULL,790621,NULL,NULL,NULL,NULL,NULL,'516','DR1H',NULL,NULL,NULL,NULL,10,'BCEID\BMO',TIMESTAMP'2006-02-20 11:08:30','DATAFIX_2.07',TIMESTAMP'2015-06-11 12:23:13',NULL,NULL,NULL),
	 (6250,NULL,2258,'A19220','EB5516',95850,'MAT',NULL,NULL,NULL,3.2,NULL,NULL,2006,2006,TIMESTAMP'2006-06-15 00:00:00',TIMESTAMP'2006-08-31 14:15:10',35,'649F','249',NULL,TIMESTAMP'2006-06-26 00:00:00',NULL,'BIS','Dr1ha.jpg','JPG','N','N','N',NULL,790622,NULL,NULL,NULL,NULL,NULL,'516','DR1HA',NULL,NULL,NULL,NULL,10,'BCEID\BMO',TIMESTAMP'2006-02-20 11:10:23','DATAFIX_2.07',TIMESTAMP'2015-06-11 12:23:13',NULL,NULL,NULL),
	 (6252,NULL,2258,'A19220','EB5516',95848,'MAT',NULL,NULL,NULL,1.6,1.6,NULL,2006,2006,TIMESTAMP'2006-06-15 00:00:00',TIMESTAMP'2006-08-31 14:02:16',35,'649F','251',NULL,TIMESTAMP'2006-06-24 00:00:00',NULL,'BIS','Frb2ah.jpg','JPG','Y','N','N',NULL,790623,NULL,NULL,NULL,NULL,NULL,'516','FRB2AH',NULL,NULL,NULL,NULL,14,'BCEID\BMO',TIMESTAMP'2006-02-20 11:12:05','DATAFIX_2.07',TIMESTAMP'2015-06-11 12:23:13',NULL,NULL,NULL),
	 (6253,NULL,2258,'A19220','EB5516',95847,'MAT',NULL,NULL,NULL,3.9,3.9,NULL,2006,2006,TIMESTAMP'2006-06-15 00:00:00',TIMESTAMP'2006-08-31 13:48:21',35,'649F','247',NULL,TIMESTAMP'2006-06-24 00:00:00',NULL,'BIS','Frb3h.jpg','JPG','Y','N','N',NULL,790624,NULL,NULL,NULL,NULL,NULL,'516','FRB3H',NULL,NULL,NULL,NULL,14,'BCEID\BMO',TIMESTAMP'2006-02-20 11:15:19','DATAFIX_2.07',TIMESTAMP'2015-06-11 12:23:13',NULL,NULL,NULL),
	 (6256,NULL,2258,'A19220','EB5516',95844,'MAT',NULL,NULL,NULL,1.9,NULL,NULL,2006,2006,TIMESTAMP'2006-07-15 00:00:00',TIMESTAMP'2006-08-31 13:40:42',35,'649F','252',NULL,TIMESTAMP'2006-07-21 00:00:00',NULL,'BIS','Frb2bh.jpg','JPG','N','N','N',NULL,790625,NULL,NULL,NULL,NULL,NULL,'516','FRB2BH',NULL,NULL,NULL,NULL,10,'BCEID\BMO',TIMESTAMP'2006-02-20 11:17:49','DATAFIX_2.07',TIMESTAMP'2015-06-11 12:23:13',NULL,NULL,NULL),
	 (6257,NULL,2258,'A19220','EB5174',154492,'MAT',NULL,NULL,NULL,12.45,12.45,NULL,2006,2006,TIMESTAMP'2006-10-10 00:00:00',TIMESTAMP'2007-01-22 09:37:30',35,'058G','006',NULL,TIMESTAMP'2006-10-14 00:00:00',NULL,'BIS','PT4Hmap.JPG','JPG','Y','N','N',NULL,67265163,NULL,NULL,NULL,NULL,NULL,'174','PT4H',NULL,NULL,NULL,NULL,17,'BCEID\BMO',TIMESTAMP'2006-02-20 11:18:31','DATAFIX_2.07',TIMESTAMP'2015-06-11 12:23:13',NULL,NULL,NULL),
	 (6265,NULL,2258,'A19220','EB5675',96131,'MAT',NULL,NULL,NULL,14.54,14.54,NULL,2006,2006,TIMESTAMP'2006-10-31 00:00:00',TIMESTAMP'2006-12-04 13:22:32',35,'058G','007',0.42,TIMESTAMP'2006-11-22 00:00:00',NULL,'BIS','CLO153map.JPG','JPG','Y','N','N',NULL,67250123,NULL,NULL,NULL,NULL,NULL,'675','CLO-153',NULL,NULL,NULL,NULL,23,'BCEID\BMO',TIMESTAMP'2006-02-20 11:25:00','DATAFIX_2.07',TIMESTAMP'2015-06-11 12:23:13',NULL,NULL,NULL),
	 (6266,NULL,2258,'A19220','EB5674',96125,'MAT',NULL,NULL,NULL,13.4,11.77,NULL,2007,2007,TIMESTAMP'2007-10-15 00:00:00',TIMESTAMP'2007-12-04 13:31:35',35,'422F','031',0.67,TIMESTAMP'2007-11-20 00:00:00',750,'BIS','CLO166.zip','ZIP','N','N','Y',NULL,67378417,NULL,NULL,'EB5674','674','CLO-166','674','CLO-166','NCK',NULL,NULL,NULL,22,'BCEID\BMO',TIMESTAMP'2006-02-20 11:25:36','DATAFIX_2.07',TIMESTAMP'2015-06-11 12:23:13',NULL,NULL,NULL),
	 (11009,NULL,2258,'A19220','EB5516',95846,'MAT',NULL,NULL,NULL,2.6,2.6,NULL,2006,2006,TIMESTAMP'2006-05-31 00:00:00',TIMESTAMP'2006-08-31 11:55:46',35,'649F','248',NULL,TIMESTAMP'2006-06-25 00:00:00',NULL,'BIS','Frb4h.jpg','JPG','Y','N','N',NULL,790699,NULL,NULL,NULL,NULL,NULL,'516','FRB4H',NULL,NULL,NULL,NULL,14,'BCEID\FINNHERO',TIMESTAMP'2006-07-05 12:47:37','DATAFIX_2.07',TIMESTAMP'2015-06-11 12:23:13',NULL,NULL,NULL);
INSERT INTO WASTE_ASSESSMENT_AREA (WASTE_ASSESSMENT_AREA_ID,PARENT_WAA_ID,REPORTING_UNIT_ID,FOREST_FILE_ID,TIMBER_MARK,CB_SKEY,WASTE_MATURITY_TYPE_CODE,WASTE_CONDITION_TYPE_CODE,WASTE_SITE_TYPE_CODE,WASTE_HARVEST_STATUS_CODE,WASTE_NET_AREA,MARK_AREA,REMAINING_HARVEST_AREA,YEAR_LOGGED_FROM,YEAR_LOGGED_TO,PRIMARY_LOGGING_COMPLETE_DATE,ASSESS_STATUS_CHANGE_DATE,BENCHMARK_VOLUME,WASTE_SURVEYOR_LICENCE,RETURN_NUMBER,WASTE_ROADS_AREA,SURVEY_DATE,CRUISE_VOLUME,WASTE_ASSESS_AREA_STS_CODE,SURVEY_MAP_DOCUMENT_NAME,SURVEY_MAP_MIME_TYPE_CODE,PARENT_BLOCK_IND,CHILD_BLOCK_IND,MULTI_MARK_IND,WASTE_PARENT_BLOCK_TYPE_CODE,DOCUMENT_CONTROL_NUMBER,HBS_EDIT_ERR_MESSAGE_CODE,HBS_EDIT_ERR_CATEGORY_CODE,DRAFT_TIMBER_MARK,DRAFT_CUTTING_PERMIT_ID,DRAFT_CUT_BLOCK_ID,CUTTING_PERMIT_ID,CUT_BLOCK_ID,WASTE_SURVEY_CHECK_CODE,NUMBER_OF_PLOTS_CHECKED,WASTE_AREA_RISK_RATING_CODE,INVOICE_NOTATION,REVISION_COUNT,ENTRY_USERID,ENTRY_TIMESTAMP,UPDATE_USERID,UPDATE_TIMESTAMP,ERROR_EMAIL_TIMESTAMP,OBLIGATION_ADJUSTMENT,WASTE_FIBRE_RECOVERY_ZONE_RATE) VALUES
	 (11025,NULL,2258,'A19220','EB5516',95849,'MAT',NULL,NULL,NULL,3.1,NULL,NULL,2006,2006,TIMESTAMP'2006-06-15 00:00:00',TIMESTAMP'2006-08-31 09:39:31',35,'649F','254',NULL,TIMESTAMP'2006-06-25 00:00:00',NULL,'BIS','Dr2h.jpg','JPG','N','N','N',NULL,790700,NULL,NULL,NULL,NULL,NULL,'516','DR2H',NULL,NULL,NULL,NULL,8,'BCEID\FINNHERO',TIMESTAMP'2006-07-06 10:17:36','DATAFIX_2.07',TIMESTAMP'2015-06-11 12:23:13',NULL,NULL,NULL),
	 (11043,6252,2258,'A19220','EB5516',95845,'MAT',NULL,NULL,NULL,1.6,0.9,NULL,2006,2006,TIMESTAMP'2006-06-15 00:00:00',TIMESTAMP'2006-08-31 14:02:16',35,'649F','251',NULL,TIMESTAMP'2006-06-24 00:00:00',NULL,'BIS',NULL,NULL,'N','Y','N',NULL,790701,NULL,NULL,NULL,NULL,NULL,'516','FRB2H',NULL,NULL,NULL,NULL,7,'BCEID\FINNHERO',TIMESTAMP'2006-07-06 12:39:21','DATAFIX_2.07',TIMESTAMP'2015-06-11 12:23:13',NULL,NULL,NULL),
	 (11057,6253,2258,'A19220','EB5516',95842,'MAT',NULL,NULL,NULL,3.9,0.5,NULL,2006,2006,TIMESTAMP'2006-06-15 00:00:00',TIMESTAMP'2006-08-31 13:48:21',35,'649F','247',NULL,TIMESTAMP'2006-06-24 00:00:00',NULL,'BIS',NULL,NULL,'N','Y','N',NULL,790702,NULL,NULL,NULL,NULL,NULL,'516','FRB3AH',NULL,NULL,NULL,NULL,7,'BCEID\FINNHERO',TIMESTAMP'2006-07-06 12:56:02','DATAFIX_2.07',TIMESTAMP'2015-06-11 12:23:13',NULL,NULL,NULL),
	 (11624,11009,2258,'A19220','EB5516',95851,'MAT',NULL,NULL,NULL,2.6,1.1,NULL,2006,2006,TIMESTAMP'2006-05-31 00:00:00',TIMESTAMP'2006-08-31 11:55:46',35,'649F','248',NULL,TIMESTAMP'2006-06-25 00:00:00',NULL,'BIS',NULL,NULL,'N','Y','N',NULL,790712,NULL,NULL,NULL,NULL,NULL,'516','FRB5H',NULL,NULL,NULL,NULL,7,'BCEID\FINNHERO',TIMESTAMP'2006-07-25 16:06:19','DATAFIX_2.07',TIMESTAMP'2015-06-11 12:23:13',NULL,NULL,NULL),
	 (11012,NULL,2258,'A19220','EB5516',95852,'MAT',NULL,NULL,NULL,5.2,NULL,NULL,2006,2006,TIMESTAMP'2006-06-15 00:00:00',TIMESTAMP'2006-08-31 10:14:04',35,'649F','246',NULL,TIMESTAMP'2006-06-24 00:00:00',NULL,'BIS','Frb1h.jpg','JPG','N','N','N',NULL,790714,NULL,NULL,NULL,NULL,NULL,'516','FRB1H',NULL,NULL,NULL,NULL,8,'BCEID\FINNHERO',TIMESTAMP'2006-07-05 14:51:00','DATAFIX_2.07',TIMESTAMP'2015-06-11 12:23:13',NULL,NULL,NULL),
	 (11010,NULL,2258,'A19220','EB5527',95879,'MAT',NULL,NULL,NULL,2.4,NULL,NULL,2006,2006,TIMESTAMP'2006-06-15 00:00:00',TIMESTAMP'2006-08-31 11:46:48',35,'649F','253',NULL,TIMESTAMP'2006-06-25 00:00:00',NULL,'BIS','Frb8.jpg','JPG','N','N','N',NULL,790715,NULL,NULL,NULL,NULL,NULL,'527','FRB8',NULL,NULL,NULL,NULL,8,'BCEID\FINNHERO',TIMESTAMP'2006-07-05 13:49:06','DATAFIX_2.07',TIMESTAMP'2015-06-11 12:23:13',NULL,NULL,NULL);

INSERT INTO WASTE_ASSESS_AREA_STS_AUDIT (WASTE_ASSESSMENT_AREA_AUDIT_ID,WASTE_ASSESSMENT_AREA_ID,WASTE_ASSESS_AREA_STS_CODE,WASTE_COMMENT,DOCUMENT_CONTROL_NUMBER,ENTRY_USERID,ENTRY_TIMESTAMP,UPDATE_USERID,UPDATE_TIMESTAMP) VALUES
	 (76473,26626,'SUB',NULL,NULL,'BCEID\FINNHERO',TIMESTAMP'2008-07-05 11:20:32','BCEID\FINNHERO',TIMESTAMP'2008-07-05 11:20:32'),
	 (77118,26626,'APP',NULL,NULL,'IDIR\SANJI',TIMESTAMP'2008-07-15 08:28:07','IDIR\SANJI',TIMESTAMP'2008-07-15 08:28:07'),
	 (77121,26626,'RTB',NULL,NULL,'IDIR\SANJI',TIMESTAMP'2008-07-15 08:36:39','IDIR\SANJI',TIMESTAMP'2008-07-15 08:36:39'),
	 (77190,26626,'BIP',NULL,67439479,'HBSB013',TIMESTAMP'2008-07-15 11:31:09','HBSB013',TIMESTAMP'2008-07-15 11:31:09'),
	 (77217,26626,'BIS',NULL,67439479,'HBSB2031',TIMESTAMP'2008-07-15 15:14:59','HBSB2031',TIMESTAMP'2008-07-15 15:14:59'),
	 (46989,26626,'DFT',NULL,NULL,'BCEID\FINNHERO',TIMESTAMP'2007-11-22 07:44:04','BCEID\FINNHERO',TIMESTAMP'2007-11-22 07:44:04'),
	 (76472,26627,'SUB',NULL,NULL,'BCEID\FINNHERO',TIMESTAMP'2008-07-05 11:19:45','BCEID\FINNHERO',TIMESTAMP'2008-07-05 11:19:45'),
	 (77120,26627,'APP','Close to N100, did a quick fly by.',NULL,'IDIR\SANJI',TIMESTAMP'2008-07-15 08:29:10','IDIR\SANJI',TIMESTAMP'2008-07-15 08:29:10'),
	 (77122,26627,'RTB',NULL,NULL,'IDIR\SANJI',TIMESTAMP'2008-07-15 08:37:49','IDIR\SANJI',TIMESTAMP'2008-07-15 08:37:49'),
	 (77191,26627,'BIP',NULL,67439480,'HBSB013',TIMESTAMP'2008-07-15 11:31:18','HBSB013',TIMESTAMP'2008-07-15 11:31:18'),
	 (77218,26627,'BIS',NULL,67439480,'HBSB2031',TIMESTAMP'2008-07-15 15:15:04','HBSB2031',TIMESTAMP'2008-07-15 15:15:04'),
	 (46991,26627,'DFT',NULL,NULL,'BCEID\FINNHERO',TIMESTAMP'2007-11-22 07:46:58','BCEID\FINNHERO',TIMESTAMP'2007-11-22 07:46:58'),
	 (50576,26967,'DFT',NULL,NULL,'BCEID\FINNHERO',TIMESTAMP'2007-11-30 13:10:33','BCEID\FINNHERO',TIMESTAMP'2007-11-30 13:10:33'),
	 (50618,26967,'SUB',NULL,NULL,'BCEID\FINNHERO',TIMESTAMP'2007-11-30 13:38:04','BCEID\FINNHERO',TIMESTAMP'2007-11-30 13:38:04'),
	 (51769,26967,'APP',NULL,NULL,'IDIR\SANJI',TIMESTAMP'2007-12-04 13:31:02','IDIR\SANJI',TIMESTAMP'2007-12-04 13:31:02'),
	 (51846,26967,'RTB',NULL,NULL,'IDIR\SANJI',TIMESTAMP'2007-12-04 13:34:39','IDIR\SANJI',TIMESTAMP'2007-12-04 13:34:39'),
	 (54670,26967,'BIP',NULL,67378906,'HBSB013',TIMESTAMP'2007-12-06 11:38:45','HBSB013',TIMESTAMP'2007-12-06 11:38:45'),
	 (55489,26967,'BIS',NULL,67378906,'HBSB2031',TIMESTAMP'2007-12-06 16:30:24','HBSB2031',TIMESTAMP'2007-12-06 16:30:24'),
	 (9018,15979,'APP',NULL,NULL,'IDIR\MARCELINE',TIMESTAMP'2007-01-22 09:32:22','IDIR\MARCELINE',TIMESTAMP'2007-01-22 09:32:22'),
	 (9022,15979,'RTB',NULL,NULL,'IDIR\MARCELINE',TIMESTAMP'2007-01-22 09:44:52','IDIR\MARCELINE',TIMESTAMP'2007-01-22 09:44:52');
INSERT INTO WASTE_ASSESS_AREA_STS_AUDIT (WASTE_ASSESSMENT_AREA_AUDIT_ID,WASTE_ASSESSMENT_AREA_ID,WASTE_ASSESS_AREA_STS_CODE,WASTE_COMMENT,DOCUMENT_CONTROL_NUMBER,ENTRY_USERID,ENTRY_TIMESTAMP,UPDATE_USERID,UPDATE_TIMESTAMP) VALUES
	 (9538,15979,'BIP',NULL,67265288,'HBSB013',TIMESTAMP'2007-01-25 14:35:44','HBSB013',TIMESTAMP'2007-01-25 14:35:44'),
	 (9712,15979,'BIS',NULL,67265288,'HBSB2031',TIMESTAMP'2007-01-25 16:46:37','HBSB2031',TIMESTAMP'2007-01-25 16:46:37'),
	 (4615,15979,'SUB',NULL,NULL,'BCEID\FINNHERO',TIMESTAMP'2007-01-05 13:29:47','WAA_AUDIT_SEED_DATAFIX',TIMESTAMP'2007-01-18 15:55:10'),
	 (9019,15980,'APP',NULL,NULL,'IDIR\MARCELINE',TIMESTAMP'2007-01-22 09:32:22','IDIR\MARCELINE',TIMESTAMP'2007-01-22 09:32:22'),
	 (9023,15980,'RTB',NULL,NULL,'IDIR\MARCELINE',TIMESTAMP'2007-01-22 09:48:35','IDIR\MARCELINE',TIMESTAMP'2007-01-22 09:48:35'),
	 (9539,15980,'BIP',NULL,67265289,'HBSB013',TIMESTAMP'2007-01-25 14:35:56','HBSB013',TIMESTAMP'2007-01-25 14:35:56'),
	 (9713,15980,'BIS',NULL,67265289,'HBSB2031',TIMESTAMP'2007-01-25 16:46:41','HBSB2031',TIMESTAMP'2007-01-25 16:46:41'),
	 (6477,15980,'SUB',NULL,NULL,'BCEID\FINNHERO',TIMESTAMP'2007-01-05 13:29:47','WAA_AUDIT_SEED_DATAFIX',TIMESTAMP'2007-01-18 15:55:49'),
	 (9020,16174,'APP',NULL,NULL,'IDIR\MARCELINE',TIMESTAMP'2007-01-22 09:32:22','IDIR\MARCELINE',TIMESTAMP'2007-01-22 09:32:22'),
	 (9024,16174,'RTB',NULL,NULL,'IDIR\MARCELINE',TIMESTAMP'2007-01-22 09:51:34','IDIR\MARCELINE',TIMESTAMP'2007-01-22 09:51:34'),
	 (9548,16174,'BIP',NULL,67265298,'HBSB013',TIMESTAMP'2007-01-25 14:36:42','HBSB013',TIMESTAMP'2007-01-25 14:36:42'),
	 (9722,16174,'BIS',NULL,67265298,'HBSB2031',TIMESTAMP'2007-01-25 16:47:19','HBSB2031',TIMESTAMP'2007-01-25 16:47:19'),
	 (7010,16174,'SUB',NULL,NULL,'BCEID\FINNHERO',TIMESTAMP'2007-01-05 13:29:47','WAA_AUDIT_SEED_DATAFIX',TIMESTAMP'2007-01-18 15:56:00'),
	 (9017,6257,'APP',NULL,NULL,'IDIR\MARCELINE',TIMESTAMP'2007-01-22 09:32:22','IDIR\MARCELINE',TIMESTAMP'2007-01-22 09:32:22'),
	 (9021,6257,'RTB',NULL,NULL,'IDIR\MARCELINE',TIMESTAMP'2007-01-22 09:37:30','IDIR\MARCELINE',TIMESTAMP'2007-01-22 09:37:30'),
	 (9408,6257,'BIP',NULL,67265163,'HBSB013',TIMESTAMP'2007-01-25 14:25:05','HBSB013',TIMESTAMP'2007-01-25 14:25:05'),
	 (9587,6257,'BIS',NULL,67265163,'HBSB2031',TIMESTAMP'2007-01-25 16:39:00','HBSB2031',TIMESTAMP'2007-01-25 16:39:00'),
	 (6950,6257,'SUB',NULL,NULL,'BCEID\FINNHERO',TIMESTAMP'2007-01-05 13:29:47','WAA_AUDIT_SEED_DATAFIX',TIMESTAMP'2007-01-18 15:55:58'),
	 (50619,6266,'SUB',NULL,NULL,'BCEID\FINNHERO',TIMESTAMP'2007-11-30 13:38:04','BCEID\FINNHERO',TIMESTAMP'2007-11-30 13:38:04'),
	 (51770,6266,'APP',NULL,NULL,'IDIR\SANJI',TIMESTAMP'2007-12-04 13:31:03','IDIR\SANJI',TIMESTAMP'2007-12-04 13:31:03');
INSERT INTO WASTE_ASSESS_AREA_STS_AUDIT (WASTE_ASSESSMENT_AREA_AUDIT_ID,WASTE_ASSESSMENT_AREA_ID,WASTE_ASSESS_AREA_STS_CODE,WASTE_COMMENT,DOCUMENT_CONTROL_NUMBER,ENTRY_USERID,ENTRY_TIMESTAMP,UPDATE_USERID,UPDATE_TIMESTAMP) VALUES
	 (51779,6266,'RTB',NULL,NULL,'IDIR\SANJI',TIMESTAMP'2007-12-04 13:31:35','IDIR\SANJI',TIMESTAMP'2007-12-04 13:31:35'),
	 (54177,6266,'BIP',NULL,67378417,'HBSB013',TIMESTAMP'2007-12-06 11:07:18','HBSB013',TIMESTAMP'2007-12-06 11:07:18'),
	 (55005,6266,'BIS',NULL,67378417,'HBSB2031',TIMESTAMP'2007-12-06 16:08:24','HBSB2031',TIMESTAMP'2007-12-06 16:08:24'),
	 (7254,6266,'DFT',NULL,NULL,'IDIR\BROOK',TIMESTAMP'2006-02-20 13:46:17','WAA_AUDIT_SEED_DATAFIX',TIMESTAMP'2007-01-18 15:56:05');

INSERT INTO WASTE_SPONSOR (WASTE_SPONSOR_ID,WASTE_ASSESSMENT_AREA_ID,WASTE_SUBMITTER_ROLE_TYPE_CODE,SURVEYOR_SCALER_LICENSE_NUMBER,PERSONALLY_COMPLETED_IND,SPONSORED_BY_RFP_RFT_IND,WASTE_DESIGNATION_TYPE_CODE,LICENSE_NUMBER,NAME,PHONE,FAX,EMAIL,REVISION_COUNT,ENTRY_USERID,ENTRY_TIMESTAMP,UPDATE_USERID,UPDATE_TIMESTAMP,PERSONALLY_SUPERVISED_IND,PERSONALLY_REVIEWED_IND,WASTE_RELIEF_IND,RATIONALE_REQUIRED_IND,BURNT_PILES_IND,WASTE_SUBMITTER_USER_GUID,WASTE_SUBMITTER_USERID,WASTE_SUBMITTER_NAME,WASTE_SUBMITTER_PHONE,WASTE_SUBMITTER_FAX,WASTE_SUBMITTER_EMAIL) VALUES
	 (23653,26626,'LSS','727D',NULL,NULL,NULL,NULL,NULL,NULL,NULL,NULL,1,'BCEID\FINNHERO',TIMESTAMP'2008-07-05 11:20:32','BCEID\FINNHERO',TIMESTAMP'2008-07-05 11:20:32',NULL,NULL,NULL,NULL,NULL,NULL,NULL,NULL,NULL,NULL,NULL),
	 (23652,26627,'LSS','727D',NULL,NULL,NULL,NULL,NULL,NULL,NULL,NULL,1,'BCEID\FINNHERO',TIMESTAMP'2008-07-05 11:19:45','BCEID\FINNHERO',TIMESTAMP'2008-07-05 11:19:45',NULL,NULL,NULL,NULL,NULL,NULL,NULL,NULL,NULL,NULL,NULL),
	 (6630,6249,'LSS','727D','Y',NULL,NULL,NULL,NULL,NULL,NULL,NULL,1,'BCEID\FINNHERO',TIMESTAMP'2006-08-09 14:43:12','BCEID\FINNHERO',TIMESTAMP'2006-08-09 14:43:12',NULL,NULL,NULL,NULL,NULL,NULL,NULL,NULL,NULL,NULL,NULL),
	 (6629,6250,'LSS','727D','Y',NULL,NULL,NULL,NULL,NULL,NULL,NULL,1,'BCEID\FINNHERO',TIMESTAMP'2006-08-09 14:34:41','BCEID\FINNHERO',TIMESTAMP'2006-08-09 14:34:41',NULL,NULL,NULL,NULL,NULL,NULL,NULL,NULL,NULL,NULL,NULL),
	 (6628,6252,'LSS','727D','Y',NULL,NULL,NULL,NULL,NULL,NULL,NULL,1,'BCEID\FINNHERO',TIMESTAMP'2006-08-09 14:32:09','BCEID\FINNHERO',TIMESTAMP'2006-08-09 14:32:09',NULL,NULL,NULL,NULL,NULL,NULL,NULL,NULL,NULL,NULL,NULL),
	 (6627,6253,'LSS','727D','Y',NULL,NULL,NULL,NULL,NULL,NULL,NULL,1,'BCEID\FINNHERO',TIMESTAMP'2006-08-09 14:28:51','BCEID\FINNHERO',TIMESTAMP'2006-08-09 14:28:51',NULL,NULL,NULL,NULL,NULL,NULL,NULL,NULL,NULL,NULL,NULL),
	 (6626,6256,'LSS','727D','Y',NULL,NULL,NULL,NULL,NULL,NULL,NULL,1,'BCEID\FINNHERO',TIMESTAMP'2006-08-09 14:15:19','BCEID\FINNHERO',TIMESTAMP'2006-08-09 14:15:19',NULL,NULL,NULL,NULL,NULL,NULL,NULL,NULL,NULL,NULL,NULL),
	 (12500,6257,'LSS','727D','Y',NULL,NULL,NULL,NULL,NULL,NULL,NULL,1,'BCEID\FINNHERO',TIMESTAMP'2007-01-05 13:29:47','BCEID\FINNHERO',TIMESTAMP'2007-01-05 13:29:47',NULL,NULL,NULL,NULL,NULL,NULL,NULL,NULL,NULL,NULL,NULL),
	 (12055,6265,'LSS','727D','Y',NULL,NULL,NULL,NULL,NULL,NULL,NULL,1,'BCEID\FINNHERO',TIMESTAMP'2006-12-01 14:38:38','BCEID\FINNHERO',TIMESTAMP'2006-12-01 14:38:38',NULL,NULL,NULL,NULL,NULL,NULL,NULL,NULL,NULL,NULL,NULL),
	 (20778,6266,'LSS','727D',NULL,NULL,NULL,NULL,NULL,NULL,NULL,NULL,1,'BCEID\FINNHERO',TIMESTAMP'2007-11-30 13:38:04','BCEID\FINNHERO',TIMESTAMP'2007-11-30 13:38:04',NULL,NULL,NULL,NULL,NULL,NULL,NULL,NULL,NULL,NULL,NULL),
	 (6625,11009,'LSS','727D','Y',NULL,NULL,NULL,NULL,NULL,NULL,NULL,1,'BCEID\FINNHERO',TIMESTAMP'2006-08-09 14:12:29','BCEID\FINNHERO',TIMESTAMP'2006-08-09 14:12:29',NULL,NULL,NULL,NULL,NULL,NULL,NULL,NULL,NULL,NULL,NULL),
	 (6622,11025,'LSS','727D','Y',NULL,NULL,NULL,NULL,NULL,NULL,NULL,1,'BCEID\FINNHERO',TIMESTAMP'2006-08-09 14:03:15','BCEID\FINNHERO',TIMESTAMP'2006-08-09 14:03:15',NULL,NULL,NULL,NULL,NULL,NULL,NULL,NULL,NULL,NULL,NULL),
	 (6623,11012,'LSS','727D','Y',NULL,NULL,NULL,NULL,NULL,NULL,NULL,1,'BCEID\FINNHERO',TIMESTAMP'2006-08-09 14:05:41','BCEID\FINNHERO',TIMESTAMP'2006-08-09 14:05:41',NULL,NULL,NULL,NULL,NULL,NULL,NULL,NULL,NULL,NULL,NULL),
	 (6624,11010,'LSS','727D','Y',NULL,NULL,NULL,NULL,NULL,NULL,NULL,1,'BCEID\FINNHERO',TIMESTAMP'2006-08-09 14:08:14','BCEID\FINNHERO',TIMESTAMP'2006-08-09 14:08:14',NULL,NULL,NULL,NULL,NULL,NULL,NULL,NULL,NULL,NULL,NULL);

INSERT INTO WASTE_ASSESSMENT_SURVEY_MAP (WASTE_ASSESSMENT_AREA_ID,SURVEY_MAP_DOCUMENT,WASTE_ASSESSMENT_SURVEY_MAP_ID,SURVEY_MAP_DOCUMENT_NAME,SURVEY_MAP_MIME_TYPE_CODE,WASTE_ASSESS_AREA_STS_CODE,ENTRY_USERID,ENTRY_TIMESTAMP) VALUES
	 (26626,HEXTORAW('A50314'),76611,'N100.zip','ZIP','SUB','BCEID\FINNHERO',TIMESTAMP'2008-07-05 11:20:32'),
	 (26627,HEXTORAW('A50314'),76612,'N17.zip','ZIP','SUB','BCEID\FINNHERO',TIMESTAMP'2008-07-05 11:19:45'),
	 (6249,HEXTORAW('A50314'),74432,'Dr1h.jpg','JPG','SUB','DATAFIX_2.07',TIMESTAMP'2015-06-11 12:23:13'),
	 (6250,HEXTORAW('A50314'),74433,'Dr1ha.jpg','JPG','SUB','DATAFIX_2.07',TIMESTAMP'2015-06-11 12:23:13'),
	 (6252,HEXTORAW('A50314'),74434,'Frb2ah.jpg','JPG','SUB','DATAFIX_2.07',TIMESTAMP'2015-06-11 12:23:13'),
	 (6253,HEXTORAW('A50314'),74435,'Frb3h.jpg','JPG','SUB','DATAFIX_2.07',TIMESTAMP'2015-06-11 12:23:13'),
	 (6256,HEXTORAW('A50314'),74436,'Frb2bh.jpg','JPG','SUB','DATAFIX_2.07',TIMESTAMP'2015-06-11 12:23:13'),
	 (6257,HEXTORAW('A50314'),74437,'PT4Hmap.JPG','JPG','SUB','BCEID\FINNHERO',TIMESTAMP'2007-01-05 13:29:47'),
	 (6265,HEXTORAW('A50314'),74438,'CLO153map.JPG','JPG','SUB','DATAFIX_2.07',TIMESTAMP'2015-06-11 12:23:13'),
	 (6266,HEXTORAW('A50314'),74439,'CLO166.zip','ZIP','SUB','BCEID\FINNHERO',TIMESTAMP'2007-11-30 13:38:04'),
	 (11009,HEXTORAW('A50314'),74676,'Frb4h.jpg','JPG','SUB','DATAFIX_2.07',TIMESTAMP'2015-06-11 12:23:13'),
	 (11025,HEXTORAW('A50314'),74677,'Dr2h.jpg','JPG','SUB','DATAFIX_2.07',TIMESTAMP'2015-06-11 12:23:13'),
	 (11012,HEXTORAW('A50314'),74715,'Frb1h.jpg','JPG','SUB','DATAFIX_2.07',TIMESTAMP'2015-06-11 12:23:13'),
	 (11010,HEXTORAW('A50314'),74716,'Frb8.jpg','JPG','SUB','DATAFIX_2.07',TIMESTAMP'2015-06-11 12:23:13');

INSERT INTO WASTE_STRATUM (WASTE_STRATUM_ID,WASTE_ASSESSMENT_AREA_ID,WASTE_STRATUM_TYPE_CODE,WASTE_TYPE_CODE,WASTE_HARVEST_METHOD_CODE,WASTE_ASSESSMENT_METHOD_CODE,WASTE_PLOT_SIZE_CODE,WASTE_LEVEL_CODE,STRATUM_AREA,TOTAL_ESTIMATED_VOLUME,REVISION_COUNT,ENTRY_USERID,ENTRY_TIMESTAMP,UPDATE_USERID,UPDATE_TIMESTAMP,WASTE_SURVEYOR_LICENCE) VALUES
	 (39142,26626,'DIS','S','H','P',4,'X',9.1,NULL,1,'BCEID\FINNHERO',TIMESTAMP'2007-11-23 09:23:31','BCEID\FINNHERO',TIMESTAMP'2007-11-23 09:23:31',NULL),
	 (39143,26626,'ACC','O','H','P',0,'X',0.04,NULL,1,'BCEID\FINNHERO',TIMESTAMP'2007-11-23 09:23:33','BCEID\FINNHERO',TIMESTAMP'2007-11-23 09:23:33',NULL),
	 (39060,26627,'DIS','S','H','P',4,'X',14.3,NULL,1,'BCEID\FINNHERO',TIMESTAMP'2007-11-22 07:47:59','BCEID\FINNHERO',TIMESTAMP'2007-11-22 07:47:59',NULL),
	 (39061,26627,'ACC','O','H','P',0,'X',0.02,NULL,1,'BCEID\FINNHERO',TIMESTAMP'2007-11-22 07:48:37','BCEID\FINNHERO',TIMESTAMP'2007-11-22 07:48:37',NULL),
	 (13227,6249,'DIS','S','H','P',4,'X',4.4,NULL,1,'BCEID\FINNHERO',TIMESTAMP'2006-07-05 15:56:52','BCEID\FINNHERO',TIMESTAMP'2006-07-05 15:56:52',NULL),
	 (13265,6250,'DIS','S','H','P',4,'X',3.2,NULL,1,'BCEID\FINNHERO',TIMESTAMP'2006-07-06 10:16:11','BCEID\FINNHERO',TIMESTAMP'2006-07-06 10:16:11',NULL),
	 (13222,6252,'DIS','S','H','P',4,'X',1.6,NULL,1,'BCEID\FINNHERO',TIMESTAMP'2006-07-05 14:14:04','BCEID\FINNHERO',TIMESTAMP'2006-07-05 14:14:04',NULL),
	 (13176,6253,'DIS','S','H','P',4,'X',3.9,NULL,1,'BCEID\FINNHERO',TIMESTAMP'2006-07-05 12:06:22','BCEID\FINNHERO',TIMESTAMP'2006-07-05 12:06:22',NULL),
	 (13158,6256,'DIS','S','H','P',4,'X',1.9,NULL,1,'BCEID\FINNHERO',TIMESTAMP'2006-07-05 11:13:01','BCEID\FINNHERO',TIMESTAMP'2006-07-05 11:13:01',NULL),
	 (20615,6257,'DIS','S','H','P',4,'X',12.4,NULL,1,'BCEID\FINNHERO',TIMESTAMP'2006-10-26 10:02:38','BCEID\FINNHERO',TIMESTAMP'2006-10-26 10:02:38',NULL),
	 (20616,6257,'ACC','O','H','P',0,'X',0.05,NULL,1,'BCEID\FINNHERO',TIMESTAMP'2006-10-26 10:04:47','BCEID\FINNHERO',TIMESTAMP'2006-10-26 10:04:47',NULL),
	 (23514,6265,'DIS','S','G','P',4,'X',12.79,NULL,3,'BCEID\FINNHERO',TIMESTAMP'2006-11-28 10:29:17','BCEID\FINNHERO',TIMESTAMP'2006-11-30 14:11:07',NULL),
	 (23515,6265,'ACC','P','G','P',0,'X',0.25,NULL,1,'BCEID\FINNHERO',TIMESTAMP'2006-11-28 10:30:43','BCEID\FINNHERO',TIMESTAMP'2006-11-28 10:30:43',NULL),
	 (23518,6265,'ACC','R','G','P',0,'X',1.5,NULL,1,'BCEID\FINNHERO',TIMESTAMP'2006-11-28 10:33:46','BCEID\FINNHERO',TIMESTAMP'2006-11-28 10:33:46',NULL),
	 (39447,6266,'DIS','S','G','P',4,'X',11.17,NULL,4,'BCEID\FINNHERO',TIMESTAMP'2007-11-28 14:32:05','BCEID\FINNHERO',TIMESTAMP'2007-11-30 13:09:23',NULL),
	 (39448,6266,'ACC','P','G','P',0,'X',0.13,NULL,1,'BCEID\FINNHERO',TIMESTAMP'2007-11-28 14:32:49','BCEID\FINNHERO',TIMESTAMP'2007-11-28 14:32:49',NULL),
	 (39450,6266,'ACC','R','G','P',0,'X',2.1,NULL,1,'BCEID\FINNHERO',TIMESTAMP'2007-11-28 14:33:49','BCEID\FINNHERO',TIMESTAMP'2007-11-28 14:33:49',NULL),
	 (13207,11009,'DIS','S','H','P',4,'X',2.6,NULL,1,'BCEID\FINNHERO',TIMESTAMP'2006-07-05 12:49:05','BCEID\FINNHERO',TIMESTAMP'2006-07-05 12:49:05',NULL),
	 (13268,11025,'DIS','S','H','P',4,'X',3.1,NULL,1,'BCEID\FINNHERO',TIMESTAMP'2006-07-06 10:18:52','BCEID\FINNHERO',TIMESTAMP'2006-07-06 10:18:52',NULL),
	 (13226,11012,'DIS','S','H','P',4,'X',5.2,NULL,1,'BCEID\FINNHERO',TIMESTAMP'2006-07-05 14:52:02','BCEID\FINNHERO',TIMESTAMP'2006-07-05 14:52:02',NULL);
INSERT INTO WASTE_STRATUM (WASTE_STRATUM_ID,WASTE_ASSESSMENT_AREA_ID,WASTE_STRATUM_TYPE_CODE,WASTE_TYPE_CODE,WASTE_HARVEST_METHOD_CODE,WASTE_ASSESSMENT_METHOD_CODE,WASTE_PLOT_SIZE_CODE,WASTE_LEVEL_CODE,STRATUM_AREA,TOTAL_ESTIMATED_VOLUME,REVISION_COUNT,ENTRY_USERID,ENTRY_TIMESTAMP,UPDATE_USERID,UPDATE_TIMESTAMP,WASTE_SURVEYOR_LICENCE) VALUES
	 (13221,11010,'DIS','S','H','P',4,'X',2.4,NULL,1,'BCEID\FINNHERO',TIMESTAMP'2006-07-05 13:50:27','BCEID\FINNHERO',TIMESTAMP'2006-07-05 13:50:27',NULL);

INSERT INTO WASTE_ASSESSMENT_SEGREGATION (SCALE_GRADE_CODE,SCALE_PRODUCT_CODE,SCALE_SPECIES_CODE,WASTE_ASSESSMENT_AREA_ID,ESTIMATED_VOLUME,RATE,AVOIDABLE_IND,NUMBER_OF_PIECES) VALUES
	 ('X',' ','BA',26626,8.264,0.15,'Y',1),
	 ('Y',' ','BA',26626,3.719,0.25,'Y',1),
	 ('U',' ','CE',26626,9.058,0.15,'Y',3),
	 ('X',' ','CE',26626,72.613,0.15,'Y',18),
	 ('J',' ','FI',26626,86.157,6.27,'Y',11),
	 ('Y',' ','FI',26626,199.098,0.25,'Y',5),
	 ('J',' ','HE',26626,299.806,6.27,'Y',39),
	 ('J',' ','BA',26626,29.886,0,'N',8),
	 ('J',' ','CE',26626,73.633,0,'N',10),
	 ('U',' ','CE',26626,1.787,0,'N',1),
	 ('X',' ','CE',26626,4.385,0,'N',2),
	 ('U',' ','FI',26626,2.859,0,'N',1),
	 ('U',' ','HE',26626,0.947,0,'N',2),
	 ('J',' ','BA',26626,146.688,6.27,'Y',17),
	 ('J',' ','CE',26626,90.429,6.27,'Y',26),
	 ('Y',' ','CE',26626,138.094,10.26,'Y',16),
	 ('U',' ','FI',26626,7.4,6.27,'Y',2),
	 ('X',' ','FI',26626,12.454,0.15,'Y',1),
	 ('U',' ','HE',26626,62.185,0.15,'Y',9),
	 ('X',' ','HE',26626,27.087,0.15,'Y',4);
INSERT INTO WASTE_ASSESSMENT_SEGREGATION (SCALE_GRADE_CODE,SCALE_PRODUCT_CODE,SCALE_SPECIES_CODE,WASTE_ASSESSMENT_AREA_ID,ESTIMATED_VOLUME,RATE,AVOIDABLE_IND,NUMBER_OF_PIECES) VALUES
	 ('Y',' ','HE',26626,157.154,0.25,'Y',15),
	 ('U',' ','BA',26626,0.179,0,'N',1),
	 ('Y',' ','CE',26626,4.378,0,'N',1),
	 ('J',' ','FI',26626,60.754,0,'N',3),
	 ('J',' ','HE',26626,23.048,0,'N',5),
	 ('Y',' ','HE',26626,3.02,0,'N',1),
	 ('J',' ','FI',26627,1.732,8.3,'Y',8),
	 ('J',' ','HE',26627,809.064,8.3,'Y',41),
	 ('X',' ','HE',26627,16.044,0.16,'Y',2),
	 ('Y',' ','HE',26627,368.333,0.25,'Y',12),
	 ('J',' ','BA',26627,5.99,0,'N',1),
	 ('J',' ','CE',26627,170.767,0,'N',5),
	 ('J',' ','CY',26627,28.43,0,'N',4),
	 ('J',' ','FI',26627,6.604,0,'N',1),
	 ('J',' ','BA',26627,345.805,8.3,'Y',12),
	 ('J',' ','CE',26627,120.974,8.3,'Y',21),
	 ('U',' ','CE',26627,435.325,8.3,'Y',6),
	 ('X',' ','CE',26627,1.511,0.16,'Y',2),
	 ('Y',' ','CE',26627,69.454,0.25,'Y',5),
	 ('J',' ','CY',26627,314.765,8.3,'Y',10);
INSERT INTO WASTE_ASSESSMENT_SEGREGATION (SCALE_GRADE_CODE,SCALE_PRODUCT_CODE,SCALE_SPECIES_CODE,WASTE_ASSESSMENT_AREA_ID,ESTIMATED_VOLUME,RATE,AVOIDABLE_IND,NUMBER_OF_PIECES) VALUES
	 ('U',' ','CY',26627,314.9,8.3,'Y',3),
	 ('Y',' ','CY',26627,455.208,0.25,'Y',10),
	 ('Y',' ','FI',26627,73.789,0.25,'Y',1),
	 ('I',' ','HE',26627,155.12,8.3,'Y',1),
	 ('U',' ','HE',26627,110.719,0.16,'Y',10),
	 ('J',' ','HE',26627,79.902,0,'N',3),
	 ('J',' ','CE',26967,43.233,2.14,'Y',27),
	 ('J',' ','FI',26967,8.665,2.14,'Y',13),
	 ('Y',' ','FI',26967,0.835,0.25,'Y',1),
	 ('J',' ','HE',26967,32.279,2.14,'Y',23),
	 ('U',' ','HE',26967,0.463,0.1,'Y',3),
	 ('X',' ','HE',26967,2.589,0.1,'Y',3),
	 ('J',' ','CE',26967,6.481,0,'N',9),
	 ('U',' ','CE',26967,0.038,2.14,'Y',1),
	 ('X',' ','CE',26967,4.912,0.1,'Y',4),
	 ('Y',' ','CE',26967,6.882,0.25,'Y',1),
	 ('U',' ','FI',26967,0.587,2.14,'Y',3),
	 ('X',' ','FI',26967,2.799,0.1,'Y',2),
	 ('Y',' ','HE',26967,3.739,0.25,'Y',6),
	 ('U',' ','CE',26967,0.139,0,'N',2);
INSERT INTO WASTE_ASSESSMENT_SEGREGATION (SCALE_GRADE_CODE,SCALE_PRODUCT_CODE,SCALE_SPECIES_CODE,WASTE_ASSESSMENT_AREA_ID,ESTIMATED_VOLUME,RATE,AVOIDABLE_IND,NUMBER_OF_PIECES) VALUES
	 ('J',' ','FI',26967,5.838,0,'N',9),
	 ('J',' ','HE',26967,1.22,0,'N',2),
	 ('J',' ','BA',15979,12.808,0.44,'Y',3),
	 ('X',' ','BA',15979,6.099,0.12,'Y',3),
	 ('J',' ','CE',15979,95.483,0.44,'Y',39),
	 ('X',' ','CE',15979,52.045,0.12,'Y',12),
	 ('Y',' ','CE',15979,68.283,0.25,'Y',8),
	 ('J',' ','FI',15979,0.566,0.44,'Y',1),
	 ('X',' ','HE',15979,4.699,0.12,'Y',3),
	 ('J',' ','BA',15979,5.379,0,'N',4),
	 ('J',' ','HE',15979,3.6,0,'N',5),
	 ('U',' ','BA',15979,3.659,0.12,'Y',1),
	 ('Y',' ','BA',15979,2.935,0.25,'Y',1),
	 ('U',' ','CE',15979,1.786,0.44,'Y',4),
	 ('J',' ','HE',15979,93.278,0.44,'Y',30),
	 ('U',' ','HE',15979,8.407,0.12,'Y',2),
	 ('Y',' ','HE',15979,115.026,0.25,'Y',17),
	 ('J',' ','CE',15979,24.04,0,'N',7),
	 ('J',' ','FI',15979,1.925,0,'N',1),
	 ('Y',' ','HE',15979,2.271,0,'N',2);
INSERT INTO WASTE_ASSESSMENT_SEGREGATION (SCALE_GRADE_CODE,SCALE_PRODUCT_CODE,SCALE_SPECIES_CODE,WASTE_ASSESSMENT_AREA_ID,ESTIMATED_VOLUME,RATE,AVOIDABLE_IND,NUMBER_OF_PIECES) VALUES
	 ('Y',' ','CE',15980,99.927,0.25,'Y',8),
	 ('Y',' ','BA',15980,4.295,0.25,'Y',1),
	 ('J',' ','HE',15980,136.504,0.44,'Y',30),
	 ('Y',' ','HE',15980,168.331,0.25,'Y',17),
	 ('X',' ','BA',15980,8.926,0.12,'Y',3),
	 ('U',' ','CE',15980,2.614,0.44,'Y',4),
	 ('U',' ','HE',15980,12.303,0.12,'Y',2),
	 ('J',' ','CE',15980,35.181,0,'N',7),
	 ('Y',' ','HE',15980,3.323,0,'N',2),
	 ('J',' ','BA',15980,7.872,0,'N',4),
	 ('X',' ','CE',15980,76.163,0.12,'Y',12),
	 ('X',' ','HE',15980,6.877,0.12,'Y',3),
	 ('J',' ','FI',15980,2.817,0,'N',1),
	 ('J',' ','HE',15980,5.269,0,'N',5),
	 ('J',' ','BA',15980,18.743,0.44,'Y',3),
	 ('U',' ','BA',15980,5.354,0.12,'Y',1),
	 ('J',' ','CE',15980,139.731,0.44,'Y',39),
	 ('J',' ','FI',15980,0.828,0.44,'Y',1),
	 ('J',' ','HE',16174,71.892,0.44,'Y',30),
	 ('U',' ','HE',16174,6.479,0.12,'Y',2);
INSERT INTO WASTE_ASSESSMENT_SEGREGATION (SCALE_GRADE_CODE,SCALE_PRODUCT_CODE,SCALE_SPECIES_CODE,WASTE_ASSESSMENT_AREA_ID,ESTIMATED_VOLUME,RATE,AVOIDABLE_IND,NUMBER_OF_PIECES) VALUES
	 ('J',' ','HE',16174,2.775,0,'N',5),
	 ('U',' ','BA',16174,2.82,0.12,'Y',1),
	 ('X',' ','BA',16174,4.701,0.12,'Y',3),
	 ('J',' ','BA',16174,4.146,0,'N',4),
	 ('J',' ','CE',16174,18.529,0,'N',7),
	 ('Y',' ','BA',16174,2.262,0.25,'Y',1),
	 ('X',' ','CE',16174,40.113,0.12,'Y',12),
	 ('J',' ','FI',16174,0.436,0.44,'Y',1),
	 ('X',' ','HE',16174,3.622,0.12,'Y',3),
	 ('Y',' ','HE',16174,1.75,0,'N',2),
	 ('Y',' ','CE',16174,52.628,0.25,'Y',8),
	 ('U',' ','CE',16174,1.377,0.44,'Y',4),
	 ('J',' ','FI',16174,1.484,0,'N',1),
	 ('Y',' ','HE',16174,88.654,0.25,'Y',17),
	 ('J',' ','BA',16174,9.871,0.44,'Y',3),
	 ('J',' ','CE',16174,73.592,0.44,'Y',39),
	 ('J',' ','CE',16580,0.483,0,'Y',7),
	 ('X',' ','CE',16580,0.855,0,'Y',2),
	 ('Y',' ','CE',16580,1.036,0,'Y',3),
	 ('U',' ','FI',16580,1.766,0,'Y',4);
INSERT INTO WASTE_ASSESSMENT_SEGREGATION (SCALE_GRADE_CODE,SCALE_PRODUCT_CODE,SCALE_SPECIES_CODE,WASTE_ASSESSMENT_AREA_ID,ESTIMATED_VOLUME,RATE,AVOIDABLE_IND,NUMBER_OF_PIECES) VALUES
	 ('J',' ','HE',16580,1.021,0,'Y',3),
	 ('Y',' ','HE',16580,0.342,0,'Y',1),
	 ('J',' ','CE',16580,0.913,0,'N',5),
	 ('U',' ','FI',16580,0.065,0,'N',2),
	 ('J',' ','HE',16580,0.086,0,'N',2),
	 ('I',' ','FI',16580,1.476,0,'Y',1),
	 ('J',' ','FI',16580,21.132,0,'Y',45),
	 ('X',' ','FI',16580,8.009,0,'Y',12),
	 ('Y',' ','FI',16580,8.758,0,'Y',11),
	 ('X',' ','HE',16580,1.291,0,'Y',4),
	 ('J',' ','FI',16580,2.169,0,'N',14),
	 ('U',' ','HE',16580,0.03,0,'N',1),
	 ('J',' ','CE',16581,4.183,0,'Y',7),
	 ('X',' ','CE',16581,7.401,0,'Y',2),
	 ('I',' ','FI',16581,12.783,0,'Y',1),
	 ('X',' ','FI',16581,69.349,0,'Y',12),
	 ('J',' ','HE',16581,8.84,0,'Y',3),
	 ('X',' ','HE',16581,11.178,0,'Y',4),
	 ('Y',' ','HE',16581,2.958,0,'Y',1),
	 ('U',' ','FI',16581,0.559,0,'N',2);
INSERT INTO WASTE_ASSESSMENT_SEGREGATION (SCALE_GRADE_CODE,SCALE_PRODUCT_CODE,SCALE_SPECIES_CODE,WASTE_ASSESSMENT_AREA_ID,ESTIMATED_VOLUME,RATE,AVOIDABLE_IND,NUMBER_OF_PIECES) VALUES
	 ('J',' ','HE',16581,0.746,0,'N',2),
	 ('Y',' ','CE',16581,8.975,0,'Y',3),
	 ('J',' ','FI',16581,182.987,0,'Y',45),
	 ('U',' ','FI',16581,15.296,0,'Y',4),
	 ('Y',' ','FI',16581,75.835,0,'Y',11),
	 ('J',' ','CE',16581,7.905,0,'N',5),
	 ('J',' ','FI',16581,18.783,0,'N',14),
	 ('U',' ','HE',16581,0.263,0,'N',1),
	 ('Y',' ','CE',16582,43.991,0,'Y',3),
	 ('I',' ','FI',16582,62.655,0,'Y',1),
	 ('J',' ','FI',16582,896.925,0,'Y',45),
	 ('Y',' ','HE',16582,14.499,0,'Y',1),
	 ('J',' ','CE',16582,38.745,0,'N',5),
	 ('J',' ','FI',16582,92.068,0,'N',14),
	 ('J',' ','HE',16582,3.655,0,'N',2),
	 ('J',' ','CE',16582,20.501,0,'Y',7),
	 ('X',' ','CE',16582,36.275,0,'Y',2),
	 ('U',' ','FI',16582,74.973,0,'Y',4),
	 ('X',' ','FI',16582,339.922,0,'Y',12),
	 ('Y',' ','FI',16582,371.711,0,'Y',11);
INSERT INTO WASTE_ASSESSMENT_SEGREGATION (SCALE_GRADE_CODE,SCALE_PRODUCT_CODE,SCALE_SPECIES_CODE,WASTE_ASSESSMENT_AREA_ID,ESTIMATED_VOLUME,RATE,AVOIDABLE_IND,NUMBER_OF_PIECES) VALUES
	 ('J',' ','HE',16582,43.33,0,'Y',3),
	 ('X',' ','HE',16582,54.789,0,'Y',4),
	 ('U',' ','FI',16582,2.742,0,'N',2),
	 ('U',' ','HE',16582,1.29,0,'N',1),
	 ('J',' ','CE',16583,2.909,0,'Y',7),
	 ('I',' ','FI',16583,8.891,0,'Y',1),
	 ('J',' ','FI',16583,127.274,0,'Y',45),
	 ('J',' ','HE',16583,6.149,0,'Y',3),
	 ('J',' ','CE',16583,5.498,0,'N',5),
	 ('J',' ','HE',16583,0.519,0,'N',2),
	 ('U',' ','HE',16583,0.183,0,'N',1),
	 ('X',' ','CE',16583,5.147,0,'Y',2),
	 ('Y',' ','CE',16583,6.242,0,'Y',3),
	 ('U',' ','FI',16583,10.639,0,'Y',4),
	 ('X',' ','FI',16583,48.235,0,'Y',12),
	 ('Y',' ','FI',16583,52.746,0,'Y',11),
	 ('X',' ','HE',16583,7.775,0,'Y',4),
	 ('Y',' ','HE',16583,2.057,0,'Y',1),
	 ('J',' ','FI',16583,13.065,0,'N',14),
	 ('U',' ','FI',16583,0.389,0,'N',2);
INSERT INTO WASTE_ASSESSMENT_SEGREGATION (SCALE_GRADE_CODE,SCALE_PRODUCT_CODE,SCALE_SPECIES_CODE,WASTE_ASSESSMENT_AREA_ID,ESTIMATED_VOLUME,RATE,AVOIDABLE_IND,NUMBER_OF_PIECES) VALUES
	 ('J',' ','CE',16584,14.765,0,'Y',7),
	 ('X',' ','CE',16584,26.126,0,'Y',2),
	 ('J',' ','FI',16584,645.978,0,'Y',45),
	 ('U',' ','FI',16584,53.997,0,'Y',4),
	 ('X',' ','FI',16584,244.816,0,'Y',12),
	 ('Y',' ','HE',16584,10.442,0,'Y',1),
	 ('J',' ','FI',16584,66.309,0,'N',14),
	 ('U',' ','FI',16584,1.975,0,'N',2),
	 ('U',' ','HE',16584,0.929,0,'N',1),
	 ('Y',' ','CE',16584,31.683,0,'Y',3),
	 ('I',' ','FI',16584,45.125,0,'Y',1),
	 ('Y',' ','FI',16584,267.712,0,'Y',11),
	 ('J',' ','HE',16584,31.207,0,'Y',3),
	 ('X',' ','HE',16584,39.46,0,'Y',4),
	 ('J',' ','CE',16584,27.904,0,'N',5),
	 ('J',' ','HE',16584,2.632,0,'N',2),
	 ('J',' ','CE',6249,4.496,0,'N',1),
	 ('J',' ','CE',6249,52.402,0.2,'Y',6),
	 ('U',' ','CE',6249,7.246,0,'N',2),
	 ('U',' ','CE',6249,90.389,0.2,'Y',6);
INSERT INTO WASTE_ASSESSMENT_SEGREGATION (SCALE_GRADE_CODE,SCALE_PRODUCT_CODE,SCALE_SPECIES_CODE,WASTE_ASSESSMENT_AREA_ID,ESTIMATED_VOLUME,RATE,AVOIDABLE_IND,NUMBER_OF_PIECES) VALUES
	 ('Y',' ','CE',6249,60.985,0.25,'Y',2),
	 ('I',' ','FI',6249,118.273,0.2,'Y',1),
	 ('J',' ','FI',6249,39.163,0,'N',6),
	 ('J',' ','FI',6249,16.328,0.2,'Y',3),
	 ('U',' ','FI',6249,126.238,0.2,'Y',3),
	 ('X',' ','FI',6249,27.592,0.2,'Y',1),
	 ('Y',' ','FI',6249,364.256,0.25,'Y',15),
	 ('J',' ','HE',6249,8.286,0,'N',4),
	 ('J',' ','HE',6249,246.704,0.2,'Y',35),
	 ('U',' ','HE',6249,1.009,0,'N',2),
	 ('U',' ','HE',6249,137.528,0.2,'Y',18),
	 ('X',' ','HE',6249,6.681,0.2,'Y',3),
	 ('Y',' ','HE',6249,142.704,0.25,'Y',17),
	 ('J',' ','CE',6250,10.217,0,'N',2),
	 ('J',' ','CE',6250,17.953,0.21,'Y',2),
	 ('X',' ','CE',6250,9.41,0.21,'Y',2),
	 ('Y',' ','CE',6250,20.622,0.25,'Y',3),
	 ('J',' ','FI',6250,15.305,0,'N',5),
	 ('J',' ','FI',6250,99.229,0.21,'Y',12),
	 ('U',' ','FI',6250,34.253,0.21,'Y',2);
INSERT INTO WASTE_ASSESSMENT_SEGREGATION (SCALE_GRADE_CODE,SCALE_PRODUCT_CODE,SCALE_SPECIES_CODE,WASTE_ASSESSMENT_AREA_ID,ESTIMATED_VOLUME,RATE,AVOIDABLE_IND,NUMBER_OF_PIECES) VALUES
	 ('Y',' ','FI',6250,221.729,0.25,'Y',11),
	 ('J',' ','HE',6250,12.508,0,'N',15),
	 ('J',' ','HE',6250,497.822,0.21,'Y',76),
	 ('U',' ','HE',6250,0.419,0,'N',1),
	 ('U',' ','HE',6250,38.485,0.21,'Y',13),
	 ('X',' ','HE',6250,10.538,0.21,'Y',4),
	 ('Y',' ','HE',6250,32.241,0.25,'Y',10),
	 ('I',' ','BA',6252,0.126,0.2,'Y',1),
	 ('J',' ','BA',6252,2.127,0,'N',2),
	 ('J',' ','BA',6252,60.999,0.2,'Y',17),
	 ('X',' ','BA',6252,11.274,0.2,'Y',3),
	 ('Y',' ','BA',6252,0.503,0.25,'Y',1),
	 ('J',' ','CE',6252,47.561,0,'N',4),
	 ('J',' ','CE',6252,34.574,0.2,'Y',8),
	 ('U',' ','CE',6252,0.684,0,'N',1),
	 ('X',' ','CE',6252,15.234,0.2,'Y',3),
	 ('Y',' ','CE',6252,36.013,0.25,'Y',3),
	 ('J',' ','CY',6252,4.171,0,'N',4),
	 ('J',' ','CY',6252,42.755,0.2,'Y',12),
	 ('U',' ','CY',6252,0.912,0,'N',1);
INSERT INTO WASTE_ASSESSMENT_SEGREGATION (SCALE_GRADE_CODE,SCALE_PRODUCT_CODE,SCALE_SPECIES_CODE,WASTE_ASSESSMENT_AREA_ID,ESTIMATED_VOLUME,RATE,AVOIDABLE_IND,NUMBER_OF_PIECES) VALUES
	 ('Y',' ','CY',6252,61.024,0.25,'Y',3),
	 ('I',' ','HE',6252,24.885,0.2,'Y',1),
	 ('J',' ','HE',6252,0.543,0,'N',1),
	 ('J',' ','HE',6252,14.201,0.2,'Y',5),
	 ('U',' ','HE',6252,39.254,0.2,'Y',3),
	 ('X',' ','HE',6252,21.632,0.2,'Y',5),
	 ('Y',' ','HE',6252,41.749,0.25,'Y',3),
	 ('J',' ','BA',6253,113.076,0.16,'Y',12),
	 ('U',' ','BA',6253,3.579,0,'N',2),
	 ('U',' ','BA',6253,136.346,0.16,'Y',3),
	 ('Y',' ','BA',6253,111.914,0.25,'Y',10),
	 ('J',' ','CE',6253,26.693,0,'N',4),
	 ('J',' ','CE',6253,24.136,0.16,'Y',4),
	 ('U',' ','CE',6253,22.054,0,'N',1),
	 ('Y',' ','CE',6253,28.931,0.25,'Y',3),
	 ('J',' ','CY',6253,8.871,0.16,'Y',1),
	 ('Y',' ','CY',6253,10.434,0.25,'Y',1),
	 ('J',' ','HE',6253,7.224,0,'N',2),
	 ('J',' ','HE',6253,46.74,0.16,'Y',3),
	 ('U',' ','HE',6253,1.103,0,'N',2);
INSERT INTO WASTE_ASSESSMENT_SEGREGATION (SCALE_GRADE_CODE,SCALE_PRODUCT_CODE,SCALE_SPECIES_CODE,WASTE_ASSESSMENT_AREA_ID,ESTIMATED_VOLUME,RATE,AVOIDABLE_IND,NUMBER_OF_PIECES) VALUES
	 ('U',' ','HE',6253,36.703,0.16,'Y',6),
	 ('X',' ','HE',6253,3.101,0.16,'Y',1),
	 ('Y',' ','HE',6253,34.185,0.25,'Y',5),
	 ('J',' ','BA',6256,51.188,0.2,'Y',13),
	 ('U',' ','BA',6256,0.451,0,'N',1),
	 ('U',' ','BA',6256,4.917,0.2,'Y',1),
	 ('X',' ','BA',6256,6.96,0.2,'Y',2),
	 ('J',' ','CE',6256,7.077,0,'N',2),
	 ('J',' ','CE',6256,17.198,0.2,'Y',4),
	 ('U',' ','CE',6256,1.337,0.2,'Y',1),
	 ('X',' ','CE',6256,11.507,0.2,'Y',3),
	 ('Y',' ','CE',6256,124.673,0.25,'Y',3),
	 ('J',' ','CY',6256,4.215,0.2,'Y',1),
	 ('U',' ','CY',6256,0.107,0.2,'Y',1),
	 ('X',' ','CY',6256,2.447,0.2,'Y',1),
	 ('Y',' ','CY',6256,20.631,0.25,'Y',3),
	 ('J',' ','HE',6256,3.949,0,'N',3),
	 ('J',' ','HE',6256,59.508,0.2,'Y',12),
	 ('U',' ','HE',6256,24.979,0.2,'Y',3),
	 ('X',' ','HE',6256,1.725,0,'N',1);
INSERT INTO WASTE_ASSESSMENT_SEGREGATION (SCALE_GRADE_CODE,SCALE_PRODUCT_CODE,SCALE_SPECIES_CODE,WASTE_ASSESSMENT_AREA_ID,ESTIMATED_VOLUME,RATE,AVOIDABLE_IND,NUMBER_OF_PIECES) VALUES
	 ('X',' ','HE',6256,163.671,0.2,'Y',10),
	 ('Y',' ','HE',6256,80.206,0.25,'Y',11),
	 ('J',' ','BA',6257,38.892,0.44,'Y',3),
	 ('U',' ','CE',6257,5.423,0.44,'Y',4),
	 ('J',' ','HE',6257,283.245,0.44,'Y',30),
	 ('U',' ','HE',6257,25.528,0.12,'Y',2),
	 ('X',' ','HE',6257,14.269,0.12,'Y',3),
	 ('Y',' ','HE',6257,349.287,0.25,'Y',17),
	 ('J',' ','BA',6257,16.335,0,'N',4),
	 ('J',' ','CE',6257,73.001,0,'N',7),
	 ('U',' ','BA',6257,11.11,0.12,'Y',1),
	 ('X',' ','BA',6257,18.521,0.12,'Y',3),
	 ('Y',' ','BA',6257,8.911,0.25,'Y',1),
	 ('J',' ','CE',6257,289.941,0.44,'Y',39),
	 ('X',' ','CE',6257,158.039,0.12,'Y',12),
	 ('Y',' ','CE',6257,207.348,0.25,'Y',8),
	 ('J',' ','FI',6257,1.717,0.44,'Y',1),
	 ('J',' ','FI',6257,5.846,0,'N',1),
	 ('J',' ','HE',6257,10.933,0,'N',5),
	 ('Y',' ','HE',6257,6.895,0,'N',2);
INSERT INTO WASTE_ASSESSMENT_SEGREGATION (SCALE_GRADE_CODE,SCALE_PRODUCT_CODE,SCALE_SPECIES_CODE,WASTE_ASSESSMENT_AREA_ID,ESTIMATED_VOLUME,RATE,AVOIDABLE_IND,NUMBER_OF_PIECES) VALUES
	 ('J',' ','CE',6265,7.981,0.04,'Y',7),
	 ('X',' ','CE',6265,14.121,0.04,'Y',2),
	 ('I',' ','FI',6265,24.391,0.04,'Y',1),
	 ('J',' ','HE',6265,16.868,0.04,'Y',3),
	 ('X',' ','HE',6265,21.329,0.04,'Y',4),
	 ('Y',' ','HE',6265,5.644,0.25,'Y',1),
	 ('J',' ','FI',6265,35.841,0,'N',14),
	 ('U',' ','FI',6265,1.068,0,'N',2),
	 ('J',' ','HE',6265,1.423,0,'N',2),
	 ('U',' ','HE',6265,0.502,0,'N',1),
	 ('Y',' ','CE',6265,17.125,0.25,'Y',3),
	 ('J',' ','FI',6265,349.164,0.04,'Y',45),
	 ('U',' ','FI',6265,29.186,0.04,'Y',4),
	 ('X',' ','FI',6265,132.328,0.04,'Y',12),
	 ('Y',' ','FI',6265,144.704,0.25,'Y',11),
	 ('J',' ','CE',6265,15.083,0,'N',5),
	 ('U',' ','CE',6266,0.277,2.14,'Y',1),
	 ('X',' ','CE',6266,35.472,0.1,'Y',4),
	 ('Y',' ','CE',6266,49.696,0.25,'Y',1),
	 ('J',' ','FI',6266,62.565,2.14,'Y',13);
INSERT INTO WASTE_ASSESSMENT_SEGREGATION (SCALE_GRADE_CODE,SCALE_PRODUCT_CODE,SCALE_SPECIES_CODE,WASTE_ASSESSMENT_AREA_ID,ESTIMATED_VOLUME,RATE,AVOIDABLE_IND,NUMBER_OF_PIECES) VALUES
	 ('U',' ','FI',6266,4.24,2.14,'Y',3),
	 ('X',' ','FI',6266,20.212,0.1,'Y',2),
	 ('X',' ','HE',6266,18.692,0.1,'Y',3),
	 ('Y',' ','HE',6266,27.001,0.25,'Y',6),
	 ('J',' ','CE',6266,46.801,0,'N',9),
	 ('J',' ','CE',6266,312.18,2.14,'Y',27),
	 ('Y',' ','FI',6266,6.03,0.25,'Y',1),
	 ('J',' ','HE',6266,233.086,2.14,'Y',23),
	 ('U',' ','HE',6266,3.343,0.1,'Y',3),
	 ('U',' ','CE',6266,1.006,0,'N',2),
	 ('J',' ','FI',6266,42.157,0,'N',9),
	 ('J',' ','HE',6266,8.808,0,'N',2),
	 ('J',' ','BA',11009,0.476,0.19,'Y',1),
	 ('J',' ','CE',11009,34.651,0,'N',6),
	 ('J',' ','CE',11009,8.005,0.19,'Y',5),
	 ('U',' ','CE',11009,7.656,0.19,'Y',2),
	 ('Y',' ','CE',11009,80.279,0.25,'Y',11),
	 ('H',' ','FI',11009,42.56,0.19,'Y',1),
	 ('I',' ','FI',11009,59.639,0.19,'Y',1),
	 ('J',' ','FI',11009,26.615,0.19,'Y',10);
INSERT INTO WASTE_ASSESSMENT_SEGREGATION (SCALE_GRADE_CODE,SCALE_PRODUCT_CODE,SCALE_SPECIES_CODE,WASTE_ASSESSMENT_AREA_ID,ESTIMATED_VOLUME,RATE,AVOIDABLE_IND,NUMBER_OF_PIECES) VALUES
	 ('U',' ','FI',11009,57.173,0.19,'Y',3),
	 ('X',' ','FI',11009,1.974,0.19,'Y',1),
	 ('Y',' ','FI',11009,41.422,0.25,'Y',2),
	 ('J',' ','HE',11009,17.829,0,'N',10),
	 ('J',' ','HE',11009,144.62,0.19,'Y',44),
	 ('U',' ','HE',11009,45.71,0.19,'Y',16),
	 ('X',' ','HE',11009,2.456,0.19,'Y',1),
	 ('Y',' ','HE',11009,11.287,0.25,'Y',5),
	 ('J',' ','BA',11025,6.148,0.19,'Y',1),
	 ('J',' ','CE',11025,31.021,0.19,'Y',5),
	 ('X',' ','CE',11025,13.927,0.19,'Y',1),
	 ('J',' ','FI',11025,11.214,0,'N',4),
	 ('J',' ','FI',11025,100.179,0.19,'Y',15),
	 ('U',' ','FI',11025,0.243,0,'N',1),
	 ('U',' ','FI',11025,22.488,0.19,'Y',1),
	 ('X',' ','FI',11025,33.44,0.19,'Y',3),
	 ('Y',' ','FI',11025,125.061,0.25,'Y',10),
	 ('J',' ','HE',11025,0.352,0,'N',1),
	 ('J',' ','HE',11025,228.175,0.19,'Y',25),
	 ('U',' ','HE',11025,0.296,0,'N',1);
INSERT INTO WASTE_ASSESSMENT_SEGREGATION (SCALE_GRADE_CODE,SCALE_PRODUCT_CODE,SCALE_SPECIES_CODE,WASTE_ASSESSMENT_AREA_ID,ESTIMATED_VOLUME,RATE,AVOIDABLE_IND,NUMBER_OF_PIECES) VALUES
	 ('U',' ','HE',11025,10.62,0.19,'Y',3),
	 ('X',' ','HE',11025,7.633,0.19,'Y',2),
	 ('Y',' ','HE',11025,17.71,0.25,'Y',2),
	 ('I',' ','BA',11043,0.071,0,'Y',1),
	 ('J',' ','BA',11043,1.197,0,'N',2),
	 ('J',' ','BA',11043,34.312,0,'Y',17),
	 ('X',' ','BA',11043,6.341,0,'Y',3),
	 ('Y',' ','BA',11043,0.283,0,'Y',1),
	 ('J',' ','CE',11043,26.753,0,'N',4),
	 ('J',' ','CE',11043,19.448,0,'Y',8),
	 ('U',' ','CE',11043,0.385,0,'N',1),
	 ('X',' ','CE',11043,8.569,0,'Y',3),
	 ('Y',' ','CE',11043,20.257,0,'Y',3),
	 ('J',' ','CY',11043,2.346,0,'N',4),
	 ('J',' ','CY',11043,24.05,0,'Y',12),
	 ('U',' ','CY',11043,0.513,0,'N',1),
	 ('Y',' ','CY',11043,34.326,0,'Y',3),
	 ('I',' ','HE',11043,13.998,0,'Y',1),
	 ('J',' ','HE',11043,0.305,0,'N',1),
	 ('J',' ','HE',11043,7.988,0,'Y',5);
INSERT INTO WASTE_ASSESSMENT_SEGREGATION (SCALE_GRADE_CODE,SCALE_PRODUCT_CODE,SCALE_SPECIES_CODE,WASTE_ASSESSMENT_AREA_ID,ESTIMATED_VOLUME,RATE,AVOIDABLE_IND,NUMBER_OF_PIECES) VALUES
	 ('U',' ','HE',11043,22.08,0,'Y',3),
	 ('X',' ','HE',11043,12.168,0,'Y',5),
	 ('Y',' ','HE',11043,23.484,0,'Y',3),
	 ('J',' ','BA',11057,14.497,0,'Y',12),
	 ('U',' ','BA',11057,0.459,0,'N',2),
	 ('U',' ','BA',11057,17.48,0,'Y',3),
	 ('Y',' ','BA',11057,14.348,0,'Y',10),
	 ('J',' ','CE',11057,3.422,0,'N',4),
	 ('J',' ','CE',11057,3.094,0,'Y',4),
	 ('U',' ','CE',11057,2.827,0,'N',1),
	 ('Y',' ','CE',11057,3.709,0,'Y',3),
	 ('J',' ','CY',11057,1.137,0,'Y',1),
	 ('Y',' ','CY',11057,1.338,0,'Y',1),
	 ('J',' ','HE',11057,0.926,0,'N',2),
	 ('J',' ','HE',11057,5.992,0,'Y',3),
	 ('U',' ','HE',11057,0.141,0,'N',2),
	 ('U',' ','HE',11057,4.706,0,'Y',6),
	 ('X',' ','HE',11057,0.398,0,'Y',1),
	 ('Y',' ','HE',11057,4.383,0,'Y',5),
	 ('J',' ','BA',11624,0.202,0,'Y',1);
INSERT INTO WASTE_ASSESSMENT_SEGREGATION (SCALE_GRADE_CODE,SCALE_PRODUCT_CODE,SCALE_SPECIES_CODE,WASTE_ASSESSMENT_AREA_ID,ESTIMATED_VOLUME,RATE,AVOIDABLE_IND,NUMBER_OF_PIECES) VALUES
	 ('J',' ','CE',11624,14.66,0,'N',6),
	 ('J',' ','CE',11624,3.387,0,'Y',5),
	 ('U',' ','CE',11624,3.239,0,'Y',2),
	 ('Y',' ','CE',11624,33.964,0,'Y',11),
	 ('H',' ','FI',11624,18.006,0,'Y',1),
	 ('I',' ','FI',11624,25.232,0,'Y',1),
	 ('J',' ','FI',11624,11.26,0,'Y',10),
	 ('U',' ','FI',11624,24.189,0,'Y',3),
	 ('X',' ','FI',11624,0.835,0,'Y',1),
	 ('Y',' ','FI',11624,17.525,0,'Y',2),
	 ('J',' ','HE',11624,7.543,0,'N',10),
	 ('J',' ','HE',11624,61.185,0,'Y',44),
	 ('U',' ','HE',11624,19.339,0,'Y',16),
	 ('X',' ','HE',11624,1.039,0,'Y',1),
	 ('Y',' ','HE',11624,4.775,0,'Y',5),
	 ('J',' ','CE',11012,5.229,0,'N',3),
	 ('J',' ','CE',11012,50.166,0.16,'Y',10),
	 ('U',' ','CE',11012,6.253,0,'N',3),
	 ('U',' ','CE',11012,99.18,0.16,'Y',9),
	 ('X',' ','CE',11012,7.221,0.16,'Y',1);
INSERT INTO WASTE_ASSESSMENT_SEGREGATION (SCALE_GRADE_CODE,SCALE_PRODUCT_CODE,SCALE_SPECIES_CODE,WASTE_ASSESSMENT_AREA_ID,ESTIMATED_VOLUME,RATE,AVOIDABLE_IND,NUMBER_OF_PIECES) VALUES
	 ('Y',' ','CE',11012,18.98,0.25,'Y',4),
	 ('J',' ','FI',11012,5.337,0,'N',2),
	 ('J',' ','FI',11012,152.285,0.16,'Y',11),
	 ('U',' ','FI',11012,0.681,0,'N',1),
	 ('U',' ','FI',11012,37.849,0.16,'Y',4),
	 ('Y',' ','FI',11012,6.475,0.25,'Y',2),
	 ('J',' ','HE',11012,6.174,0,'N',5),
	 ('J',' ','HE',11012,143.976,0.16,'Y',21),
	 ('U',' ','HE',11012,2.302,0,'N',4),
	 ('U',' ','HE',11012,32.104,0.16,'Y',10),
	 ('X',' ','HE',11012,11.862,0.16,'Y',3),
	 ('Y',' ','HE',11012,67.225,0.25,'Y',9),
	 ('J',' ','CE',11010,18.255,0,'N',2),
	 ('J',' ','CE',11010,9.704,0.18,'Y',1),
	 ('Y',' ','CE',11010,40.339,0.25,'Y',3),
	 ('I',' ','FI',11010,18.741,0.17,'Y',1),
	 ('J',' ','FI',11010,5.792,0,'N',2),
	 ('J',' ','FI',11010,4.348,0.17,'Y',3),
	 ('U',' ','FI',11010,13.843,0.17,'Y',1),
	 ('X',' ','FI',11010,37.278,0.17,'Y',2);
INSERT INTO WASTE_ASSESSMENT_SEGREGATION (SCALE_GRADE_CODE,SCALE_PRODUCT_CODE,SCALE_SPECIES_CODE,WASTE_ASSESSMENT_AREA_ID,ESTIMATED_VOLUME,RATE,AVOIDABLE_IND,NUMBER_OF_PIECES) VALUES
	 ('Y',' ','FI',11010,10.056,0.25,'Y',1),
	 ('J',' ','HE',11010,26.843,0,'N',6),
	 ('J',' ','HE',11010,169.291,0.17,'Y',26),
	 ('U',' ','HE',11010,4.024,0.17,'Y',1),
	 ('X',' ','HE',11010,2.498,0,'N',1),
	 ('X',' ','HE',11010,13.624,0.17,'Y',3),
	 ('Y',' ','MA',11010,7.306,0.25,'Y',2);
