INSERT INTO WASTE_REPORTING_UNIT (REPORTING_UNIT_ID,ORG_UNIT_NO,CLIENT_LOCN_CODE,CLIENT_NUMBER,WASTE_SAMPLING_OPTION_CODE,WASTE_DISPERSED_CV_CODE,WASTE_ACCUMULATED_CV_CODE,APPRAISAL_METHOD_CODE,REVISION_COUNT,ENTRY_USERID,ENTRY_TIMESTAMP,UPDATE_USERID,UPDATE_TIMESTAMP) VALUES
	 (2784,1826,'00','00147603','OCU',NULL,NULL,NULL,5,'BCEID\ICEKING',TIMESTAMP'2006-04-17 16:39:13','BCEID\ICEKING',TIMESTAMP'2006-05-08 09:49:16');

INSERT INTO WASTE_ASSESSMENT_AREA (WASTE_ASSESSMENT_AREA_ID,PARENT_WAA_ID,REPORTING_UNIT_ID,FOREST_FILE_ID,TIMBER_MARK,CB_SKEY,WASTE_MATURITY_TYPE_CODE,WASTE_CONDITION_TYPE_CODE,WASTE_SITE_TYPE_CODE,WASTE_HARVEST_STATUS_CODE,WASTE_NET_AREA,MARK_AREA,REMAINING_HARVEST_AREA,YEAR_LOGGED_FROM,YEAR_LOGGED_TO,PRIMARY_LOGGING_COMPLETE_DATE,ASSESS_STATUS_CHANGE_DATE,BENCHMARK_VOLUME,WASTE_SURVEYOR_LICENCE,RETURN_NUMBER,WASTE_ROADS_AREA,SURVEY_DATE,CRUISE_VOLUME,WASTE_ASSESS_AREA_STS_CODE,SURVEY_MAP_DOCUMENT_NAME,SURVEY_MAP_MIME_TYPE_CODE,PARENT_BLOCK_IND,CHILD_BLOCK_IND,MULTI_MARK_IND,WASTE_PARENT_BLOCK_TYPE_CODE,DOCUMENT_CONTROL_NUMBER,HBS_EDIT_ERR_MESSAGE_CODE,HBS_EDIT_ERR_CATEGORY_CODE,DRAFT_TIMBER_MARK,DRAFT_CUTTING_PERMIT_ID,DRAFT_CUT_BLOCK_ID,CUTTING_PERMIT_ID,CUT_BLOCK_ID,WASTE_SURVEY_CHECK_CODE,NUMBER_OF_PLOTS_CHECKED,WASTE_AREA_RISK_RATING_CODE,INVOICE_NOTATION,REVISION_COUNT,ENTRY_USERID,ENTRY_TIMESTAMP,UPDATE_USERID,UPDATE_TIMESTAMP,ERROR_EMAIL_TIMESTAMP,OBLIGATION_ADJUSTMENT,WASTE_FIBRE_RECOVERY_ZONE_RATE) VALUES
	 (8498,NULL,2784,'A20015','EG2557',121641,NULL,'MPB','TZ',NULL,79,NULL,NULL,2005,2005,TIMESTAMP'2005-12-07 00:00:00',TIMESTAMP'2006-10-30 13:10:29',10,'WASI','1023',NULL,TIMESTAMP'2005-12-07 00:00:00',NULL,'BIS',NULL,NULL,'N','N','N',NULL,67250582,NULL,NULL,NULL,NULL,NULL,'557','WFJ001',NULL,NULL,NULL,NULL,8,'BCEID\MARCELINE',TIMESTAMP'2006-04-17 16:39:38','DATAFIX_2.07',TIMESTAMP'2015-06-11 12:23:13',NULL,NULL,NULL),
	 (9451,NULL,2784,'A20015','EG2558',121645,NULL,'MPB','TZ',NULL,2.9,NULL,NULL,2005,2005,TIMESTAMP'2005-09-23 00:00:00',TIMESTAMP'2006-10-30 13:09:59',10,'WASI','1038',NULL,TIMESTAMP'2006-03-13 00:00:00',NULL,'BIS',NULL,NULL,'N','N','N',NULL,67250805,NULL,NULL,NULL,NULL,NULL,'558','WAJ07B',NULL,NULL,NULL,NULL,8,'BCEID\MARCELINE',TIMESTAMP'2006-05-08 09:04:29','DATAFIX_2.07',TIMESTAMP'2015-06-11 12:23:13',NULL,NULL,NULL),
	 (9454,NULL,2784,'A20015','EG2567',121661,NULL,'MPB','TZ',NULL,45.7,NULL,NULL,2005,2005,TIMESTAMP'2006-02-20 00:00:00',TIMESTAMP'2006-10-30 13:09:31',10,'WASI','1039',NULL,TIMESTAMP'2006-03-13 00:00:00',NULL,'BIS',NULL,NULL,'N','N','N',NULL,67250806,NULL,NULL,NULL,NULL,NULL,'567','WFJ003',NULL,NULL,NULL,NULL,8,'BCEID\MARCELINE',TIMESTAMP'2006-05-08 09:42:49','DATAFIX_2.07',TIMESTAMP'2015-06-11 12:23:13',NULL,NULL,NULL);

INSERT INTO WASTE_SPONSOR (WASTE_SPONSOR_ID,WASTE_ASSESSMENT_AREA_ID,WASTE_SUBMITTER_ROLE_TYPE_CODE,SURVEYOR_SCALER_LICENSE_NUMBER,PERSONALLY_COMPLETED_IND,SPONSORED_BY_RFP_RFT_IND,WASTE_DESIGNATION_TYPE_CODE,LICENSE_NUMBER,NAME,PHONE,FAX,EMAIL,REVISION_COUNT,ENTRY_USERID,ENTRY_TIMESTAMP,UPDATE_USERID,UPDATE_TIMESTAMP,PERSONALLY_SUPERVISED_IND,PERSONALLY_REVIEWED_IND,WASTE_RELIEF_IND,RATIONALE_REQUIRED_IND,BURNT_PILES_IND,WASTE_SUBMITTER_USER_GUID,WASTE_SUBMITTER_USERID,WASTE_SUBMITTER_NAME,WASTE_SUBMITTER_PHONE,WASTE_SUBMITTER_FAX,WASTE_SUBMITTER_EMAIL) VALUES
	 (4320,8498,'USR',NULL,'Y',NULL,NULL,NULL,NULL,NULL,NULL,NULL,1,'BCEID\PRINCESSBUBBLEGUM',TIMESTAMP'2006-04-17 16:47:44','BCEID\PRINCESSBUBBLEGUM',TIMESTAMP'2006-04-17 16:47:44',NULL,NULL,NULL,NULL,NULL,NULL,NULL,NULL,NULL,NULL,NULL),
	 (4594,9451,'USR',NULL,NULL,'Y','RPF','3102','WINSTON CONTINENTAL','250-305-3600','250-305-3690','winston@continental.com',1,'BCEID\PRINCESSBUBBLEGUM',TIMESTAMP'2006-05-08 09:39:11','BCEID\PRINCESSBUBBLEGUM',TIMESTAMP'2006-05-08 09:39:11',NULL,NULL,NULL,NULL,NULL,NULL,NULL,NULL,NULL,NULL,NULL),
	 (4595,9454,'USR',NULL,NULL,'Y','RPF','3102','WINSTON CONTINENTAL','250-305-3600','250-305-3690','winston@continental.com',1,'BCEID\PRINCESSBUBBLEGUM',TIMESTAMP'2006-05-08 09:54:52','BCEID\PRINCESSBUBBLEGUM',TIMESTAMP'2006-05-08 09:54:52',NULL,NULL,NULL,NULL,NULL,NULL,NULL,NULL,NULL,NULL,NULL);

INSERT INTO WASTE_STRATUM (WASTE_STRATUM_ID,WASTE_ASSESSMENT_AREA_ID,WASTE_STRATUM_TYPE_CODE,WASTE_TYPE_CODE,WASTE_HARVEST_METHOD_CODE,WASTE_ASSESSMENT_METHOD_CODE,WASTE_PLOT_SIZE_CODE,WASTE_LEVEL_CODE,STRATUM_AREA,TOTAL_ESTIMATED_VOLUME,REVISION_COUNT,ENTRY_USERID,ENTRY_TIMESTAMP,UPDATE_USERID,UPDATE_TIMESTAMP,WASTE_SURVEYOR_LICENCE) VALUES
	 (10148,8498,'DIS','S','R','O',NULL,'L',77.3,NULL,1,'BCEID\FINN',TIMESTAMP'2006-04-17 16:44:44','BCEID\FINN',TIMESTAMP'2006-04-17 16:44:44',NULL),
	 (10149,8498,'ACC','R','R','O',NULL,'L',1.7,NULL,1,'BCEID\FINN',TIMESTAMP'2006-04-17 16:45:53','BCEID\FINN',TIMESTAMP'2006-04-17 16:45:53',NULL),
	 (10592,9451,'DIS','S','C','O',NULL,'L',2.83,NULL,2,'BCEID\FINN',TIMESTAMP'2006-05-08 09:22:51','BCEID\FINN',TIMESTAMP'2006-05-08 09:26:44',NULL),
	 (10593,9451,'ACC','R','C','O',NULL,'L',0.07,NULL,1,'BCEID\FINN',TIMESTAMP'2006-05-08 09:23:24','BCEID\FINN',TIMESTAMP'2006-05-08 09:23:24',NULL),
	 (10594,9454,'DIS','S','C','O',NULL,'L',44.8,NULL,1,'BCEID\FINN',TIMESTAMP'2006-05-08 09:49:38','BCEID\FINN',TIMESTAMP'2006-05-08 09:49:38',NULL),
	 (10595,9454,'ACC','R','C','O',NULL,'L',0.9,NULL,1,'BCEID\FINN',TIMESTAMP'2006-05-08 09:49:55','BCEID\FINN',TIMESTAMP'2006-05-08 09:49:55',NULL);

INSERT INTO WASTE_ASSESSMENT_SEGREGATION (SCALE_GRADE_CODE,SCALE_PRODUCT_CODE,SCALE_SPECIES_CODE,WASTE_ASSESSMENT_AREA_ID,ESTIMATED_VOLUME,RATE,AVOIDABLE_IND,NUMBER_OF_PIECES) VALUES
	 ('3',' ','LO',8498,102,0.25,'Y',1),
	 (' ',' ','LO',8498,276.7,0,'Y',2),
	 ('4',' ','LO',8498,47.9,0.25,'Y',3),
	 (' ',' ','LO',9451,6.1,0,'Y',2),
	 ('3',' ','LO',9451,6,0.25,'Y',2),
	 ('3',' ','LO',9454,164.7,0.25,'Y',2),
	 ('4',' ','LO',9454,3.8,0.25,'Y',1),
	 (' ',' ','LO',9454,127.5,0,'Y',2);
