-- Core data pump for reporting unit 10501

INSERT INTO WASTE_REPORTING_UNIT (REPORTING_UNIT_ID,ORG_UNIT_NO,CLIENT_LOCN_CODE,CLIENT_NUMBER,WASTE_SAMPLING_OPTION_CODE,WASTE_DISPERSED_CV_CODE,WASTE_ACCUMULATED_CV_CODE,APPRAISAL_METHOD_CODE,REVISION_COUNT,ENTRY_USERID,ENTRY_TIMESTAMP,UPDATE_USERID,UPDATE_TIMESTAMP) VALUES
				(10501,1828,'03','00010002','BLK','80','80',NULL,17,'BCEID\LUFFY',TIMESTAMP'2009-01-05 11:51:52','IDIR\JAKEDOG',TIMESTAMP'2012-01-27 10:34:58');

INSERT INTO WASTE_ASSESSMENT_AREA (WASTE_ASSESSMENT_AREA_ID,PARENT_WAA_ID,REPORTING_UNIT_ID,FOREST_FILE_ID,TIMBER_MARK,CB_SKEY,WASTE_MATURITY_TYPE_CODE,WASTE_CONDITION_TYPE_CODE,WASTE_SITE_TYPE_CODE,WASTE_HARVEST_STATUS_CODE,WASTE_NET_AREA,MARK_AREA,REMAINING_HARVEST_AREA,YEAR_LOGGED_FROM,YEAR_LOGGED_TO,PRIMARY_LOGGING_COMPLETE_DATE,ASSESS_STATUS_CHANGE_DATE,BENCHMARK_VOLUME,WASTE_SURVEYOR_LICENCE,RETURN_NUMBER,WASTE_ROADS_AREA,SURVEY_DATE,CRUISE_VOLUME,WASTE_ASSESS_AREA_STS_CODE,SURVEY_MAP_DOCUMENT_NAME,SURVEY_MAP_MIME_TYPE_CODE,PARENT_BLOCK_IND,CHILD_BLOCK_IND,MULTI_MARK_IND,WASTE_PARENT_BLOCK_TYPE_CODE,DOCUMENT_CONTROL_NUMBER,HBS_EDIT_ERR_MESSAGE_CODE,HBS_EDIT_ERR_CATEGORY_CODE,DRAFT_TIMBER_MARK,DRAFT_CUTTING_PERMIT_ID,DRAFT_CUT_BLOCK_ID,CUTTING_PERMIT_ID,CUT_BLOCK_ID,WASTE_SURVEY_CHECK_CODE,NUMBER_OF_PLOTS_CHECKED,WASTE_AREA_RISK_RATING_CODE,INVOICE_NOTATION,REVISION_COUNT,ENTRY_USERID,ENTRY_TIMESTAMP,UPDATE_USERID,UPDATE_TIMESTAMP,ERROR_EMAIL_TIMESTAMP,OBLIGATION_ADJUSTMENT,WASTE_FIBRE_RECOVERY_ZONE_RATE) VALUES
			(36676,NULL,10501,'TFL26','26/22',208399,'IMM',NULL,NULL,'COM',6.9,6.1,NULL,2008,2008,TIMESTAMP'2008-12-05 00:00:00',TIMESTAMP'2009-04-28 11:52:17',10,'316F','001',0.7,TIMESTAMP'2009-03-06 00:00:00',555,'BIS','CAT2 Waste map.pdf','PDF','N','N','Y',NULL,67516919,NULL,NULL,NULL,NULL,NULL,'22','CAT2','NCK',NULL,NULL,NULL,22,'BCEID\BMO',TIMESTAMP'2009-01-05 12:20:24','DATAFIX_2.07',TIMESTAMP'2015-06-11 12:23:13',NULL,NULL,NULL),
			(37215,36676,10501,'DD35'':','DD35'':',3023,'IMM',NULL,NULL,NULL,6.9,0.8,NULL,2008,2008,TIMESTAMP'2008-12-05 00:00:00',TIMESTAMP'2009-04-28 11:51:17',10,'316F','001',0.7,TIMESTAMP'2009-03-06 00:00:00',NULL,'APP',NULL,NULL,'N','N','N',NULL,NULL,NULL,NULL,NULL,NULL,NULL,' ','CAT2',NULL,NULL,NULL,NULL,7,'BCEID\PBUBBLEGUM',TIMESTAMP'2009-03-09 15:01:43','DATAFIX_2.7.1.3',TIMESTAMP'2015-12-23 08:50:43',NULL,NULL,NULL);

INSERT INTO WASTE_ASSESS_AREA_STS_AUDIT (WASTE_ASSESSMENT_AREA_AUDIT_ID,WASTE_ASSESSMENT_AREA_ID,WASTE_ASSESS_AREA_STS_CODE,WASTE_COMMENT,DOCUMENT_CONTROL_NUMBER,ENTRY_USERID,ENTRY_TIMESTAMP,UPDATE_USERID,UPDATE_TIMESTAMP) VALUES
	 (116265,36676,'SUB',NULL,NULL,'BCEID\PBUBBLEGUM',TIMESTAMP'2009-03-17 09:52:01','BCEID\PBUBBLEGUM',TIMESTAMP'2009-03-17 09:52:01'),
	 (118465,36676,'APP',NULL,NULL,'IDIR\SANJI',TIMESTAMP'2009-04-28 11:51:17','IDIR\SANJI',TIMESTAMP'2009-04-28 11:51:17'),
	 (118466,36676,'RTB',NULL,NULL,'IDIR\SANJI',TIMESTAMP'2009-04-28 11:52:17','IDIR\SANJI',TIMESTAMP'2009-04-28 11:52:17'),
	 (118674,36676,'BIP',NULL,67516919,'HBSB013',TIMESTAMP'2009-04-30 11:32:31','HBSB013',TIMESTAMP'2009-04-30 11:32:31'),
	 (118740,36676,'BIS',NULL,67516919,'HBSB2031',TIMESTAMP'2009-04-30 15:13:22','HBSB2031',TIMESTAMP'2009-04-30 15:13:22'),
	 (111123,36676,'DFT',NULL,NULL,'BCEID\BUBBLEGUM',TIMESTAMP'2009-01-05 12:20:24','BCEID\BUBBLEGUM',TIMESTAMP'2009-01-05 12:20:24'),
	 (385675,37215,'APP',NULL,NULL,'DATAFIX_2.7.1.3',TIMESTAMP'2015-12-23 08:50:43','DATAFIX_2.7.1.3',TIMESTAMP'2015-12-23 08:50:43'),
	 (115859,37215,'DFT',NULL,NULL,'BCEID\EVHARDENBERG',TIMESTAMP'2009-03-09 15:01:43','BCEID\EVHARDENBERG',TIMESTAMP'2009-03-09 15:01:43'),
	 (116264,37215,'SUB',NULL,NULL,'BCEID\EVHARDENBERG',TIMESTAMP'2009-03-17 09:52:01','BCEID\EVHARDENBERG',TIMESTAMP'2009-03-17 09:52:01'),
	 (118464,37215,'APP',NULL,NULL,'IDIR\RKABOOL',TIMESTAMP'2009-04-28 11:51:17','IDIR\RKABOOL',TIMESTAMP'2009-04-28 11:51:17');

INSERT INTO WASTE_SPONSOR (WASTE_SPONSOR_ID,WASTE_ASSESSMENT_AREA_ID,WASTE_SUBMITTER_ROLE_TYPE_CODE,SURVEYOR_SCALER_LICENSE_NUMBER,PERSONALLY_COMPLETED_IND,SPONSORED_BY_RFP_RFT_IND,WASTE_DESIGNATION_TYPE_CODE,LICENSE_NUMBER,NAME,PHONE,FAX,EMAIL,REVISION_COUNT,ENTRY_USERID,ENTRY_TIMESTAMP,UPDATE_USERID,UPDATE_TIMESTAMP,PERSONALLY_SUPERVISED_IND,PERSONALLY_REVIEWED_IND,WASTE_RELIEF_IND,RATIONALE_REQUIRED_IND,BURNT_PILES_IND,WASTE_SUBMITTER_USER_GUID,WASTE_SUBMITTER_USERID,WASTE_SUBMITTER_NAME,WASTE_SUBMITTER_PHONE,WASTE_SUBMITTER_FAX,WASTE_SUBMITTER_EMAIL) VALUES
	 (30209,36676,'LSR','316F','Y',NULL,NULL,NULL,NULL,NULL,NULL,NULL,1,'BCEID\PBUBBLEGUM',TIMESTAMP'2009-03-17 09:52:01','BCEID\PBUBBLEGUM',TIMESTAMP'2009-03-17 09:52:01',NULL,NULL,NULL,NULL,NULL,NULL,NULL,NULL,NULL,NULL,NULL);

INSERT INTO WASTE_ASSESSMENT_SURVEY_MAP (WASTE_ASSESSMENT_AREA_ID,SURVEY_MAP_DOCUMENT,WASTE_ASSESSMENT_SURVEY_MAP_ID,SURVEY_MAP_DOCUMENT_NAME,SURVEY_MAP_MIME_TYPE_CODE,WASTE_ASSESS_AREA_STS_CODE,ENTRY_USERID,ENTRY_TIMESTAMP) VALUES
	 (36676,HEXTORAW('A50314'),78446,'CAT2 Waste map.pdf','PDF','SUB','BCEID\PBUBBLEGUM',TIMESTAMP'2009-03-17 09:52:01');

INSERT INTO WASTE_STRATUM (WASTE_STRATUM_ID,WASTE_ASSESSMENT_AREA_ID,WASTE_STRATUM_TYPE_CODE,WASTE_TYPE_CODE,WASTE_HARVEST_METHOD_CODE,WASTE_ASSESSMENT_METHOD_CODE,WASTE_PLOT_SIZE_CODE,WASTE_LEVEL_CODE,STRATUM_AREA,TOTAL_ESTIMATED_VOLUME,REVISION_COUNT,ENTRY_USERID,ENTRY_TIMESTAMP,UPDATE_USERID,UPDATE_TIMESTAMP,WASTE_SURVEYOR_LICENCE) VALUES
 (55975,36676,'DIS','G','B','P',4,'X',6.47,NULL,2,'BCEID\PBUBBLEGUM',TIMESTAMP'2009-03-09 15:03:11','BCEID\PBUBBLEGUM',TIMESTAMP'2009-03-11 15:46:16',NULL),
 (55976,36676,'ACC','P','B','P',0,'M',0.16,NULL,1,'BCEID\PBUBBLEGUM',TIMESTAMP'2009-03-09 15:03:30','BCEID\PBUBBLEGUM',TIMESTAMP'2009-03-09 15:03:30',NULL),
 (55977,36676,'ACC','R','B','P',0,'X',0.14,NULL,2,'BCEID\PBUBBLEGUM',TIMESTAMP'2009-03-09 15:03:49','BCEID\PBUBBLEGUM',TIMESTAMP'2009-03-09 15:43:27',NULL),
 (55978,36676,'ACC','C','B','E',NULL,'X',0.13,110,15,'BCEID\PBUBBLEGUM',TIMESTAMP'2009-03-09 15:58:41','BCEID\PBUBBLEGUM',TIMESTAMP'2009-03-09 16:07:14',NULL);

INSERT INTO WASTE_ASSESSMENT_SEGREGATION (SCALE_GRADE_CODE,SCALE_PRODUCT_CODE,SCALE_SPECIES_CODE,WASTE_ASSESSMENT_AREA_ID,ESTIMATED_VOLUME,RATE,AVOIDABLE_IND,NUMBER_OF_PIECES) VALUES
	 ('W',' ','BI',36676,6.529,0.8,'Y',2),
	 ('H',' ','CE',36676,18.721,0.2,'Y',4),
	 ('J',' ','CE',36676,64.901,0.2,'Y',47),
	 ('X',' ','CE',36676,21.502,0.2,'Y',11),
	 ('Y',' ','CE',36676,5.326,0.25,'Y',3),
	 ('J',' ','FI',36676,2.29,0.2,'Y',4),
	 ('U',' ','HE',36676,51.292,0.2,'Y',15),
	 ('X',' ','HE',36676,7.033,0.2,'Y',5),
	 ('Y',' ','MA',36676,0.439,0.25,'Y',1),
	 ('J',' ','CE',36676,0.364,0,'N',1),
	 ('U',' ','CE',36676,0.337,0,'N',1),
	 ('J',' ','HE',36676,0.449,0,'N',1),
	 ('Y',' ','BI',36676,19.616,0.25,'Y',9),
	 ('U',' ','CE',36676,102.527,0.2,'Y',54),
	 ('U',' ','FI',36676,2.391,0.2,'Y',3),
	 ('X',' ','FI',36676,3.74,0.2,'Y',1),
	 ('J',' ','HE',36676,24.504,0.2,'Y',12),
	 ('Y',' ','HE',36676,6.491,0.25,'Y',2),
	 ('J',' ','FI',36676,4.659,0,'N',4);

