INSERT INTO WASTE_REPORTING_UNIT (REPORTING_UNIT_ID,ORG_UNIT_NO,CLIENT_LOCN_CODE,CLIENT_NUMBER,WASTE_SAMPLING_OPTION_CODE,WASTE_DISPERSED_CV_CODE,WASTE_ACCUMULATED_CV_CODE,APPRAISAL_METHOD_CODE,REVISION_COUNT,ENTRY_USERID,ENTRY_TIMESTAMP,UPDATE_USERID,UPDATE_TIMESTAMP) VALUES
    (916,1902,'00','00001271','AGR','100','100',NULL,7,'BCEID\ITADORI',TIMESTAMP'2025-12-02 11:15:02','BCEID\ITADORI',TIMESTAMP'2025-12-02 13:59:22');

INSERT INTO WASTE_ASSESSMENT_AREA (WASTE_ASSESSMENT_AREA_ID,PARENT_WAA_ID,REPORTING_UNIT_ID,FOREST_FILE_ID,TIMBER_MARK,CB_SKEY,WASTE_MATURITY_TYPE_CODE,WASTE_CONDITION_TYPE_CODE,WASTE_SITE_TYPE_CODE,WASTE_HARVEST_STATUS_CODE,WASTE_NET_AREA,MARK_AREA,REMAINING_HARVEST_AREA,YEAR_LOGGED_FROM,YEAR_LOGGED_TO,PRIMARY_LOGGING_COMPLETE_DATE,ASSESS_STATUS_CHANGE_DATE,BENCHMARK_VOLUME,WASTE_SURVEYOR_LICENCE,RETURN_NUMBER,WASTE_ROADS_AREA,SURVEY_DATE,CRUISE_VOLUME,WASTE_ASSESS_AREA_STS_CODE,SURVEY_MAP_DOCUMENT_NAME,SURVEY_MAP_MIME_TYPE_CODE,PARENT_BLOCK_IND,CHILD_BLOCK_IND,MULTI_MARK_IND,WASTE_PARENT_BLOCK_TYPE_CODE,DOCUMENT_CONTROL_NUMBER,HBS_EDIT_ERR_MESSAGE_CODE,HBS_EDIT_ERR_CATEGORY_CODE,DRAFT_TIMBER_MARK,DRAFT_CUTTING_PERMIT_ID,DRAFT_CUT_BLOCK_ID,CUTTING_PERMIT_ID,CUT_BLOCK_ID,WASTE_SURVEY_CHECK_CODE,NUMBER_OF_PLOTS_CHECKED,WASTE_AREA_RISK_RATING_CODE,INVOICE_NOTATION,REVISION_COUNT,ENTRY_USERID,ENTRY_TIMESTAMP,UPDATE_USERID,UPDATE_TIMESTAMP,ERROR_EMAIL_TIMESTAMP,OBLIGATION_ADJUSTMENT,WASTE_FIBRE_RECOVERY_ZONE_RATE) VALUES
    (1973,NULL,916,'A74506',NULL,NULL,NULL,'N','DB','COM',28.17,NULL,NULL,2020,2020,TIMESTAMP'2025-09-27 00:00:00',TIMESTAMP'2025-12-02 14:13:42',4,'1','1',NULL,TIMESTAMP'2025-09-28 00:00:00',NULL,'OREJ','Test_Empty_ZipFolder1.zip','ZIP','Y','N','N',NULL,NULL,NULL,NULL,'JW2001','1','CB1',NULL,NULL,'OFC',NULL,NULL,NULL,13,'BCEID\ITADORI',TIMESTAMP'2025-12-02 11:15:57','IDIR\FUSHIGURO',TIMESTAMP'2025-12-02 14:13:42',NULL,NULL,NULL),
    (1974,1973,916,'A74506',NULL,NULL,NULL,'N','DB','COM',10.66,10.66,NULL,2022,2025,TIMESTAMP'2025-09-27 00:00:00',TIMESTAMP'2025-12-02 14:13:42',4,'0184','2',NULL,TIMESTAMP'2025-09-28 00:00:00',NULL,'OREJ','Test_Empty_ZipFolder1.zip','ZIP','N','Y','N',NULL,NULL,NULL,NULL,'JW2001','1','CB2',NULL,NULL,'OFC',NULL,NULL,NULL,7,'BCEID\ITADORI',TIMESTAMP'2025-12-02 11:16:24','IDIR\FUSHIGURO',TIMESTAMP'2025-12-02 14:13:42',NULL,NULL,NULL),
    (1975,1976,916,'A74505',NULL,NULL,NULL,'N','TZ','COM',28.18,28.18,NULL,2023,2025,TIMESTAMP'2025-12-01 00:00:00',TIMESTAMP'2025-12-02 14:13:21',10,'1','1',NULL,TIMESTAMP'2025-12-02 00:00:00',NULL,'OREJ','Test_Empty_ZipFolder1.zip','ZIP','N','Y','N',NULL,NULL,NULL,NULL,'JW1001','1','CB1',NULL,NULL,'OFC',NULL,NULL,NULL,10,'BCEID\ITADORI',TIMESTAMP'2025-12-02 11:17:13','IDIR\FUSHIGURO',TIMESTAMP'2025-12-02 14:13:21',NULL,NULL,NULL),
    (1976,NULL,916,'A74505',NULL,NULL,NULL,'N','TZ','COM',10.22,NULL,NULL,2022,2022,TIMESTAMP'2025-09-27 00:00:00',TIMESTAMP'2025-12-02 14:13:21',10,'0184','20',NULL,TIMESTAMP'2025-09-28 00:00:00',0,'OREJ','Test_Empty_ZipFolder1.zip','ZIP','Y','N','N',NULL,NULL,NULL,NULL,'JW1001','1','CB2',NULL,NULL,'OFC',NULL,NULL,NULL,9,'BCEID\ITADORI',TIMESTAMP'2025-12-02 11:17:33','IDIR\FUSHIGURO',TIMESTAMP'2025-12-02 14:13:21',NULL,NULL,NULL);

INSERT INTO WASTE_ASSESS_AREA_STS_AUDIT (WASTE_ASSESSMENT_AREA_AUDIT_ID,WASTE_ASSESSMENT_AREA_ID,WASTE_ASSESS_AREA_STS_CODE,WASTE_COMMENT,DOCUMENT_CONTROL_NUMBER,ENTRY_USERID,ENTRY_TIMESTAMP,UPDATE_USERID,UPDATE_TIMESTAMP) VALUES
   (7181,1973,'DFT',NULL,NULL,'BCEID\ITADORI',TIMESTAMP'2025-12-02 11:15:57','BCEID\ITADORI',TIMESTAMP'2025-12-02 11:15:57'),
   (7185,1973,'ISUB',NULL,NULL,'BCEID\ITADORI',TIMESTAMP'2025-12-02 11:23:15','BCEID\ITADORI',TIMESTAMP'2025-12-02 11:23:15'),
   (7187,1973,'SUB',NULL,NULL,'IDIR\FUSHIGURO',TIMESTAMP'2025-12-02 13:47:11','IDIR\FUSHIGURO',TIMESTAMP'2025-12-02 13:47:11'),
   (7190,1973,'APP',NULL,NULL,'IDIR\FUSHIGURO',TIMESTAMP'2025-12-02 13:55:19','IDIR\FUSHIGURO',TIMESTAMP'2025-12-02 13:55:19'),
   (7200,1973,'OREJ',NULL,NULL,'IDIR\FUSHIGURO',TIMESTAMP'2025-12-02 14:13:42','IDIR\FUSHIGURO',TIMESTAMP'2025-12-02 14:13:42'),
   (7182,1974,'DFT',NULL,NULL,'BCEID\ITADORI',TIMESTAMP'2025-12-02 11:16:24','BCEID\ITADORI',TIMESTAMP'2025-12-02 11:16:24'),
   (7189,1974,'SUB',NULL,NULL,'BCEID\ITADORI',TIMESTAMP'2025-12-02 13:53:52','BCEID\ITADORI',TIMESTAMP'2025-12-02 13:53:52'),
   (7191,1974,'APP',NULL,NULL,'IDIR\FUSHIGURO',TIMESTAMP'2025-12-02 13:55:27','IDIR\FUSHIGURO',TIMESTAMP'2025-12-02 13:55:27'),
   (7201,1974,'OREJ',NULL,NULL,'IDIR\FUSHIGURO',TIMESTAMP'2025-12-02 14:13:42','IDIR\FUSHIGURO',TIMESTAMP'2025-12-02 14:13:42'),
   (7183,1975,'DFT',NULL,NULL,'BCEID\ITADORI',TIMESTAMP'2025-12-02 11:17:13','BCEID\ITADORI',TIMESTAMP'2025-12-02 11:17:13'),
   (7194,1975,'SUB',NULL,NULL,'IDIR\FUSHIGURO',TIMESTAMP'2025-12-02 14:11:18','IDIR\FUSHIGURO',TIMESTAMP'2025-12-02 14:11:18'),
   (7195,1975,'OREJ',NULL,NULL,'IDIR\FUSHIGURO',TIMESTAMP'2025-12-02 14:12:29','IDIR\FUSHIGURO',TIMESTAMP'2025-12-02 14:12:29'),
   (7196,1975,'SUB',NULL,NULL,'IDIR\FUSHIGURO',TIMESTAMP'2025-12-02 14:13:04','IDIR\FUSHIGURO',TIMESTAMP'2025-12-02 14:13:04'),
   (7199,1975,'OREJ',NULL,NULL,'IDIR\FUSHIGURO',TIMESTAMP'2025-12-02 14:13:21','IDIR\FUSHIGURO',TIMESTAMP'2025-12-02 14:13:21'),
   (7184,1976,'DFT',NULL,NULL,'BCEID\ITADORI',TIMESTAMP'2025-12-02 11:17:33','BCEID\ITADORI',TIMESTAMP'2025-12-02 11:17:33'),
   (7186,1976,'ISUB',NULL,NULL,'IDIR\FUSHIGURO',TIMESTAMP'2025-12-02 11:36:35','IDIR\FUSHIGURO',TIMESTAMP'2025-12-02 11:36:35'),
   (7193,1976,'SUB',NULL,NULL,'BCEID\ITADORI',TIMESTAMP'2025-12-02 14:08:22','BCEID\ITADORI',TIMESTAMP'2025-12-02 14:08:22'),
   (7197,1976,'HLD',NULL,NULL,'IDIR\FUSHIGURO',TIMESTAMP'2025-12-02 14:13:11','IDIR\FUSHIGURO',TIMESTAMP'2025-12-02 14:13:11'),
   (7198,1976,'OREJ',NULL,NULL,'IDIR\FUSHIGURO',TIMESTAMP'2025-12-02 14:13:21','IDIR\FUSHIGURO',TIMESTAMP'2025-12-02 14:13:21'),
   (7192,1976,'DFT',NULL,NULL,'BCEID\ITADORI',TIMESTAMP'2025-12-02 14:05:44','BCEID\ITADORI',TIMESTAMP'2025-12-02 14:05:44');

INSERT INTO WASTE_SPONSOR (WASTE_SPONSOR_ID,WASTE_ASSESSMENT_AREA_ID,WASTE_SUBMITTER_ROLE_TYPE_CODE,SURVEYOR_SCALER_LICENSE_NUMBER,PERSONALLY_COMPLETED_IND,SPONSORED_BY_RFP_RFT_IND,WASTE_DESIGNATION_TYPE_CODE,LICENSE_NUMBER,NAME,PHONE,FAX,EMAIL,REVISION_COUNT,ENTRY_USERID,ENTRY_TIMESTAMP,UPDATE_USERID,UPDATE_TIMESTAMP,PERSONALLY_SUPERVISED_IND,PERSONALLY_REVIEWED_IND,WASTE_RELIEF_IND,RATIONALE_REQUIRED_IND,BURNT_PILES_IND,WASTE_SUBMITTER_USER_GUID,WASTE_SUBMITTER_USERID,WASTE_SUBMITTER_NAME,WASTE_SUBMITTER_PHONE,WASTE_SUBMITTER_FAX,WASTE_SUBMITTER_EMAIL) VALUES
 (1006,1973,'LSS','430D','Y','N','RFT','1234','AA','250-000-0000',NULL,'yuji.itadori@jjh.jp',2,'BCEID\ITADORI',TIMESTAMP'2025-12-02 11:23:15','IDIR\FUSHIGURO',TIMESTAMP'2025-12-02 13:47:11','N','N','N','N','N','65A0695CFE3B45509C0D8999A4746D56','BCEID\ITADORI','Yuji Itadori','2500000001',NULL,'yuji.itadori@jjh.jp'),
 (1008,1974,'LSR','430D','Y','N','RFT','12345','AA','250-000-0000',NULL,'yuji.itadori@jjh.jp',1,'BCEID\ITADORI',TIMESTAMP'2025-12-02 13:53:52','BCEID\ITADORI',TIMESTAMP'2025-12-02 13:53:52','N','N','N','N','N','EAFD8034011D44D4B619D063304FB1D6',NULL,'Megumi Fushiguro','2500000001',NULL,'yuji.itadori@jjh.jp'),
 (1009,1975,'RFT','1234','Y','N',NULL,NULL,NULL,NULL,NULL,NULL,2,'IDIR\FUSHIGURO',TIMESTAMP'2025-12-02 14:11:18','IDIR\FUSHIGURO',TIMESTAMP'2025-12-02 14:13:04','N','N','N','N','N','65A0695CFE3B45509C0D8999A4746D56','IDIR\FUSHIGURO','Yuji Itadori','2500000001',NULL,'yuji.itadori@jjh.jp'),
 (1007,1976,'LSS','430D','N','Y','RFT','1234','ALEX','250-000-0000',NULL,'yuji.itadori@jjh.jp',2,'IDIR\FUSHIGURO',TIMESTAMP'2025-12-02 11:36:35','BCEID\ITADORI',TIMESTAMP'2025-12-02 14:08:22','N','Y','N','N','N','EAFD8034011D44D4B619D063304FB1D6','IDIR\FUSHIGURO','Megumi Fushiguro','2500000001',NULL,'yuji.itadori@jjh.jp');

INSERT INTO WASTE_ASSESSMENT_SURVEY_MAP (WASTE_ASSESSMENT_AREA_ID,SURVEY_MAP_DOCUMENT,WASTE_ASSESSMENT_SURVEY_MAP_ID,SURVEY_MAP_DOCUMENT_NAME,SURVEY_MAP_MIME_TYPE_CODE,WASTE_ASSESS_AREA_STS_CODE,ENTRY_USERID,ENTRY_TIMESTAMP) VALUES
 (1973,'A50314',899,'Test_Empty_ZipFolder1.zip','ZIP','SUB','IDIR\FUSHIGURO',TIMESTAMP'2025-12-02 13:47:11'),
 (1973,'A50314',897,'Test_Empty_ZipFolder1.zip','ZIP','ISUB','BCEID\ITADORI',TIMESTAMP'2025-12-02 11:23:15'),
 (1974,'A50314',900,'Test_Empty_ZipFolder1.zip','ZIP','SUB','BCEID\ITADORI',TIMESTAMP'2025-12-02 13:53:52'),
 (1975,'A50314',902,'Test_Empty_ZipFolder1.zip','ZIP','SUB','IDIR\FUSHIGURO',TIMESTAMP'2025-12-02 14:11:18'),
 (1975,'A50314',903,'Test_Empty_ZipFolder1.zip','ZIP','SUB','IDIR\FUSHIGURO',TIMESTAMP'2025-12-02 14:13:04'),
 (1976,'A50314',901,'Test_Empty_ZipFolder1.zip','ZIP','SUB','BCEID\ITADORI',TIMESTAMP'2025-12-02 14:08:22'),
 (1976,'A50314',898,'Test_Empty_ZipFolder1.zip','ZIP','ISUB','IDIR\FUSHIGURO',TIMESTAMP'2025-12-02 11:36:35');

INSERT INTO WASTE_STRATUM (WASTE_STRATUM_ID,WASTE_ASSESSMENT_AREA_ID,WASTE_STRATUM_TYPE_CODE,WASTE_TYPE_CODE,WASTE_HARVEST_METHOD_CODE,WASTE_ASSESSMENT_METHOD_CODE,WASTE_PLOT_SIZE_CODE,WASTE_LEVEL_CODE,STRATUM_AREA,TOTAL_ESTIMATED_VOLUME,REVISION_COUNT,ENTRY_USERID,ENTRY_TIMESTAMP,UPDATE_USERID,UPDATE_TIMESTAMP,WASTE_SURVEYOR_LICENCE) VALUES
 (3636,1973,'DIS','S','R','P',2,'X',28.17,NULL,1,'BCEID\ITADORI',TIMESTAMP'2025-12-02 11:25:56','BCEID\ITADORI',TIMESTAMP'2025-12-02 11:25:56',NULL),
 (3637,1976,'DIS','S','R','C',NULL,'H',10.22,NULL,1,'BCEID\ITADORI',TIMESTAMP'2025-12-02 14:05:44','BCEID\ITADORI',TIMESTAMP'2025-12-02 14:05:44',NULL);

