INSERT INTO WASTE_REPORTING_UNIT (REPORTING_UNIT_ID,ORG_UNIT_NO,CLIENT_LOCN_CODE,CLIENT_NUMBER,WASTE_SAMPLING_OPTION_CODE,WASTE_DISPERSED_CV_CODE,WASTE_ACCUMULATED_CV_CODE,APPRAISAL_METHOD_CODE,REVISION_COUNT,ENTRY_USERID,ENTRY_TIMESTAMP,UPDATE_USERID,UPDATE_TIMESTAMP) VALUES
	 (35005,1828,'00','00010008','AGR','100','100',NULL,53,'BCEID\BMO',TIMESTAMP'2024-05-14 14:06:47','IDIR\ROBIN',TIMESTAMP'2025-02-07 12:22:51');

INSERT INTO WASTE_ASSESSMENT_AREA (WASTE_ASSESSMENT_AREA_ID,PARENT_WAA_ID,REPORTING_UNIT_ID,FOREST_FILE_ID,TIMBER_MARK,CB_SKEY,WASTE_MATURITY_TYPE_CODE,WASTE_CONDITION_TYPE_CODE,WASTE_SITE_TYPE_CODE,WASTE_HARVEST_STATUS_CODE,WASTE_NET_AREA,MARK_AREA,REMAINING_HARVEST_AREA,YEAR_LOGGED_FROM,YEAR_LOGGED_TO,PRIMARY_LOGGING_COMPLETE_DATE,ASSESS_STATUS_CHANGE_DATE,BENCHMARK_VOLUME,WASTE_SURVEYOR_LICENCE,RETURN_NUMBER,WASTE_ROADS_AREA,SURVEY_DATE,CRUISE_VOLUME,WASTE_ASSESS_AREA_STS_CODE,SURVEY_MAP_DOCUMENT_NAME,SURVEY_MAP_MIME_TYPE_CODE,PARENT_BLOCK_IND,CHILD_BLOCK_IND,MULTI_MARK_IND,WASTE_PARENT_BLOCK_TYPE_CODE,DOCUMENT_CONTROL_NUMBER,HBS_EDIT_ERR_MESSAGE_CODE,HBS_EDIT_ERR_CATEGORY_CODE,DRAFT_TIMBER_MARK,DRAFT_CUTTING_PERMIT_ID,DRAFT_CUT_BLOCK_ID,CUTTING_PERMIT_ID,CUT_BLOCK_ID,WASTE_SURVEY_CHECK_CODE,NUMBER_OF_PLOTS_CHECKED,WASTE_AREA_RISK_RATING_CODE,INVOICE_NOTATION,REVISION_COUNT,ENTRY_USERID,ENTRY_TIMESTAMP,UPDATE_USERID,UPDATE_TIMESTAMP,ERROR_EMAIL_TIMESTAMP,OBLIGATION_ADJUSTMENT,WASTE_FIBRE_RECOVERY_ZONE_RATE) VALUES
	 (168554,NULL,35005,'A88928','DZ6040',823468,NULL,'N','TZ','COM',28.07,27.19,NULL,2023,2024,TIMESTAMP'2024-02-15 00:00:00',TIMESTAMP'2025-02-11 06:38:12',10,'0254','8',NULL,TIMESTAMP'2024-07-24 00:00:00',0,'BIS','35005_Non Sample block maps.zip','ZIP','N','N','Y',NULL,68998830,NULL,NULL,NULL,NULL,NULL,'40','CHA042','OFC',NULL,NULL,NULL,20,'BCEID\BMO',TIMESTAMP'2024-05-14 14:07:34','HBSB2031',TIMESTAMP'2025-02-11 15:31:29',NULL,NULL,NULL),
	 (168555,NULL,35005,'A88928','DZ6040',823460,NULL,'N','TZ','COM',19.67,19.13,NULL,2024,2024,TIMESTAMP'2024-04-01 00:00:00',TIMESTAMP'2025-02-11 06:38:32',10,'0254','8',NULL,TIMESTAMP'2024-09-02 00:00:00',0,'BIS','RU35005_Non Sample Area Worksheets.zip','ZIP','N','N','Y',NULL,68998834,NULL,NULL,NULL,NULL,NULL,'40','CHA060','OFC',NULL,NULL,NULL,23,'BCEID\BMO',TIMESTAMP'2024-05-14 14:07:47','HBSB2031',TIMESTAMP'2025-02-11 15:31:38',NULL,NULL,NULL),
	 (168556,NULL,35005,'A88928','DZ6040',823467,NULL,'N','TZ','COM',34.76,NULL,NULL,2023,2024,TIMESTAMP'2024-02-07 00:00:00',TIMESTAMP'2025-02-11 06:39:34',10,'0254','8',NULL,TIMESTAMP'2024-09-02 00:00:00',0,'BIS','RU35005_35004_Sample plan information.zip','ZIP','N','N','N',NULL,68998835,NULL,NULL,NULL,NULL,NULL,'40','CHA061','OFC',NULL,NULL,NULL,12,'BCEID\BMO',TIMESTAMP'2024-05-14 14:08:01','HBSB2031',TIMESTAMP'2025-02-11 15:31:44',NULL,NULL,NULL),
	 (168557,NULL,35005,'A88928','DZ6040',823458,NULL,'N','TZ','COM',8.99,NULL,NULL,2024,2024,TIMESTAMP'2024-03-01 00:00:00',TIMESTAMP'2025-02-11 06:39:44',10,'0254','8',NULL,TIMESTAMP'2024-09-02 00:00:00',0,'BIS','RU35004_35005_Original Waste Plan maps 2 of 2.zip','ZIP','N','N','N',NULL,68998836,NULL,NULL,NULL,NULL,NULL,'40','DIL087','OFC',NULL,NULL,NULL,14,'BCEID\BMO',TIMESTAMP'2024-05-14 14:08:17','HBSB2031',TIMESTAMP'2025-02-11 15:31:46',NULL,NULL,NULL),
	 (168558,NULL,35005,'A88928','DZ6040',823470,NULL,'N','TZ','COM',17.06,NULL,NULL,2023,2024,TIMESTAMP'2024-02-15 00:00:00',TIMESTAMP'2025-02-11 06:38:44',10,'0254','8',NULL,TIMESTAMP'2024-09-02 00:00:00',0,'BIS','RU35004_35005_Original Survey Plan.zip','ZIP','N','N','N',NULL,68998837,NULL,NULL,NULL,NULL,NULL,'40','DIL113','OFC',NULL,NULL,NULL,12,'BCEID\BMO',TIMESTAMP'2024-05-14 14:08:33','HBSB2031',TIMESTAMP'2025-02-11 15:31:47',NULL,NULL,NULL),
	 (168559,NULL,35005,'A88928','DZ6040',823464,NULL,'N','TZ','COM',28.1,27.29,NULL,2023,2024,TIMESTAMP'2024-03-07 00:00:00',TIMESTAMP'2025-02-11 06:39:02',10,'0254','8',NULL,TIMESTAMP'2024-07-25 00:00:00',0,'BIS','35005 Final Sample plan maps.zip','ZIP','N','N','Y',NULL,68998838,NULL,NULL,NULL,NULL,NULL,'40','DIL120','OFC',NULL,NULL,NULL,20,'BCEID\BMO',TIMESTAMP'2024-05-14 14:08:52','HBSB2031',TIMESTAMP'2025-02-11 15:31:48',NULL,NULL,NULL),
	 (168560,NULL,35005,'A88928','DZ6040',823471,NULL,'N','TZ','COM',23.3,22.65,NULL,2023,2023,TIMESTAMP'2023-11-10 00:00:00',TIMESTAMP'2025-02-11 06:39:23',10,'0254','8',NULL,TIMESTAMP'2024-07-24 00:00:00',0,'BIS','RU35005_Non Sample Area Worksheets.zip','ZIP','N','N','Y',NULL,68998839,NULL,NULL,NULL,NULL,NULL,'40','SUM051','OFC',NULL,NULL,NULL,22,'BCEID\BMO',TIMESTAMP'2024-05-14 14:09:14','HBSB2031',TIMESTAMP'2025-02-11 15:31:52',NULL,NULL,NULL),
	 (168561,NULL,35005,'A88928','DZ6040',823465,NULL,'N','TZ','COM',23.77,22.37,NULL,2023,2023,TIMESTAMP'2023-09-07 00:00:00',TIMESTAMP'2025-02-11 06:40:11',10,'0254','8',NULL,TIMESTAMP'2024-09-02 00:00:00',0,'BIS','RU35005_Sample Block Area Worksheets.zip','ZIP','N','N','Y',NULL,68998840,NULL,NULL,NULL,NULL,NULL,'40','SUM060','OFC',NULL,NULL,NULL,21,'BCEID\BMO',TIMESTAMP'2024-05-14 14:09:35','HBSB2031',TIMESTAMP'2025-02-11 15:31:54',NULL,NULL,NULL),
	 (168562,NULL,35005,'A88928','DZ6040',823469,NULL,'N','TZ','COM',10.91,NULL,NULL,2024,2024,TIMESTAMP'2024-04-14 00:00:00',TIMESTAMP'2025-02-11 06:39:53',10,'0254','8',NULL,TIMESTAMP'2024-09-02 00:00:00',0,'BIS','RU35004_35005 Original Waste Plan maps 1 of 2.zip','ZIP','N','N','N',NULL,68998841,NULL,NULL,NULL,NULL,NULL,'40','SUM110B','OFC',NULL,NULL,NULL,12,'BCEID\BMO',TIMESTAMP'2024-05-14 14:09:52','HBSB2031',TIMESTAMP'2025-02-11 15:31:55',NULL,NULL,NULL),
	 (168563,NULL,35005,'A88928',NULL,NULL,NULL,'N','TZ','COM',9.34,8.68,NULL,2024,2024,TIMESTAMP'2024-02-15 00:00:00',TIMESTAMP'2025-01-20 15:04:06',10,'0254','8',NULL,TIMESTAMP'2024-07-24 00:00:00',0,'DAC','RU35004_Sample Block Area Worksheets.zip','ZIP','N','N','Y',NULL,NULL,NULL,NULL,NULL,NULL,NULL,NULL,NULL,'OFC',NULL,NULL,NULL,14,'BCEID\BMO',TIMESTAMP'2024-05-14 14:11:21','IDIR\ICEKING',TIMESTAMP'2025-01-20 15:04:06',NULL,NULL,NULL),
	 (168564,NULL,35005,'A88928',NULL,NULL,NULL,'N','TZ','COM',22.95,21.96,NULL,2023,2023,TIMESTAMP'2023-11-01 00:00:00',TIMESTAMP'2025-01-20 15:05:19',10,'0254','8',NULL,TIMESTAMP'2024-09-02 00:00:00',0,'DAC','This is my attachment.pdf','PDF','N','N','Y',NULL,NULL,NULL,NULL,NULL,NULL,NULL,NULL,NULL,'OFC',NULL,NULL,NULL,10,'BCEID\BMO',TIMESTAMP'2024-05-14 14:11:34','IDIR\ICEKING',TIMESTAMP'2025-01-20 15:05:19',NULL,NULL,NULL);

INSERT INTO WASTE_ASSESSMENT_AREA (WASTE_ASSESSMENT_AREA_ID,PARENT_WAA_ID,REPORTING_UNIT_ID,FOREST_FILE_ID,TIMBER_MARK,CB_SKEY,WASTE_MATURITY_TYPE_CODE,WASTE_CONDITION_TYPE_CODE,WASTE_SITE_TYPE_CODE,WASTE_HARVEST_STATUS_CODE,WASTE_NET_AREA,MARK_AREA,REMAINING_HARVEST_AREA,YEAR_LOGGED_FROM,YEAR_LOGGED_TO,PRIMARY_LOGGING_COMPLETE_DATE,ASSESS_STATUS_CHANGE_DATE,BENCHMARK_VOLUME,WASTE_SURVEYOR_LICENCE,RETURN_NUMBER,WASTE_ROADS_AREA,SURVEY_DATE,CRUISE_VOLUME,WASTE_ASSESS_AREA_STS_CODE,SURVEY_MAP_DOCUMENT_NAME,SURVEY_MAP_MIME_TYPE_CODE,PARENT_BLOCK_IND,CHILD_BLOCK_IND,MULTI_MARK_IND,WASTE_PARENT_BLOCK_TYPE_CODE,DOCUMENT_CONTROL_NUMBER,HBS_EDIT_ERR_MESSAGE_CODE,HBS_EDIT_ERR_CATEGORY_CODE,DRAFT_TIMBER_MARK,DRAFT_CUTTING_PERMIT_ID,DRAFT_CUT_BLOCK_ID,CUTTING_PERMIT_ID,CUT_BLOCK_ID,WASTE_SURVEY_CHECK_CODE,NUMBER_OF_PLOTS_CHECKED,WASTE_AREA_RISK_RATING_CODE,INVOICE_NOTATION,REVISION_COUNT,ENTRY_USERID,ENTRY_TIMESTAMP,UPDATE_USERID,UPDATE_TIMESTAMP,ERROR_EMAIL_TIMESTAMP,OBLIGATION_ADJUSTMENT,WASTE_FIBRE_RECOVERY_ZONE_RATE) VALUES
	 (171948,168560,35005,'A88928','DZ60R1',NULL,NULL,'N','TZ','COM',23.3,0.65,NULL,2023,2023,TIMESTAMP'2023-11-10 00:00:00',TIMESTAMP'2025-02-11 06:39:14',10,'0254','8',NULL,TIMESTAMP'2024-07-25 00:00:00',0,'BIS','SUM051.zip','ZIP','N','N','N',NULL,68998806,NULL,NULL,NULL,NULL,NULL,NULL,NULL,NULL,NULL,NULL,NULL,14,'BCEID\BMO',TIMESTAMP'2024-09-18 11:48:30','HBSB2031',TIMESTAMP'2025-02-11 15:30:33',NULL,NULL,NULL),
	 (171949,168559,35005,'A88928','DZ60R1',NULL,NULL,'N','TZ','COM',28.1,0.81,NULL,2023,2024,TIMESTAMP'2024-03-07 00:00:00',TIMESTAMP'2025-02-11 06:38:54',10,'0254','8',NULL,TIMESTAMP'2024-07-26 00:00:00',0,'BIS','DIL120.zip','ZIP','N','N','N',NULL,68998807,NULL,NULL,NULL,NULL,NULL,NULL,NULL,NULL,NULL,NULL,NULL,11,'BCEID\BMO',TIMESTAMP'2024-09-18 11:49:21','HBSB2031',TIMESTAMP'2025-02-11 15:30:36',NULL,NULL,NULL),
	 (171950,168554,35005,'A88928','DZ60R1',NULL,NULL,'N','TZ','COM',28.07,0.88,NULL,2023,2024,TIMESTAMP'2024-02-15 00:00:00',TIMESTAMP'2025-02-11 06:37:51',10,'0254','8',NULL,TIMESTAMP'2024-07-26 00:00:00',0,'BIS','CHA042.zip','ZIP','N','N','N',NULL,68998808,NULL,NULL,NULL,NULL,NULL,NULL,NULL,NULL,NULL,NULL,NULL,11,'BCEID\BMO',TIMESTAMP'2024-09-18 11:50:22','HBSB2031',TIMESTAMP'2025-02-11 15:30:38',NULL,NULL,NULL),
	 (171951,168555,35005,'A88928','DZ60R1',NULL,NULL,'N','TZ','COM',19.67,0.54,NULL,2024,2024,TIMESTAMP'2024-04-01 00:00:00',TIMESTAMP'2025-02-11 06:38:24',10,'0254','8',NULL,TIMESTAMP'2024-09-03 00:00:00',0,'BIS',NULL,NULL,'N','N','N',NULL,68998809,NULL,NULL,NULL,NULL,NULL,NULL,NULL,NULL,NULL,NULL,NULL,16,'BCEID\BMO',TIMESTAMP'2024-09-18 11:51:42','HBSB2031',TIMESTAMP'2025-02-11 15:30:40',NULL,NULL,NULL),
	 (171952,168561,35005,'A88928','DZ60R1',NULL,NULL,'N','TZ','COM',23.77,1.4,NULL,2023,2023,TIMESTAMP'2023-09-07 00:00:00',TIMESTAMP'2025-02-11 06:40:03',10,'0254','8',NULL,TIMESTAMP'2024-09-03 00:00:00',0,'BIS',NULL,NULL,'N','N','N',NULL,68998810,NULL,NULL,NULL,NULL,NULL,NULL,NULL,NULL,NULL,NULL,NULL,15,'BCEID\BMO',TIMESTAMP'2024-09-18 11:52:55','HBSB2031',TIMESTAMP'2025-02-11 15:30:45',NULL,NULL,NULL);

INSERT INTO WASTE_ASSESS_AREA_STS_AUDIT (WASTE_ASSESSMENT_AREA_AUDIT_ID,WASTE_ASSESSMENT_AREA_ID,WASTE_ASSESS_AREA_STS_CODE,WASTE_COMMENT,DOCUMENT_CONTROL_NUMBER,ENTRY_USERID,ENTRY_TIMESTAMP,UPDATE_USERID,UPDATE_TIMESTAMP) VALUES
	 (862925,171948,'APP',NULL,NULL,'IDIR\MARCELINE',TIMESTAMP'2025-01-21 16:06:15','IDIR\MARCELINE',TIMESTAMP'2025-01-21 16:06:15'),
	 (867382,171948,'RTB',NULL,NULL,'IDIR\JAKEDOG',TIMESTAMP'2025-02-11 06:39:14','IDIR\JAKEDOG',TIMESTAMP'2025-02-11 06:39:14'),
	 (862689,171948,'SUB',NULL,NULL,'BCEID\BMO',TIMESTAMP'2025-01-21 08:40:44','BCEID\BMO',TIMESTAMP'2025-01-21 08:40:44'),
	 (861859,171948,'OREJ',NULL,NULL,'IDIR\MARCELINE',TIMESTAMP'2025-01-16 08:15:13','IDIR\MARCELINE',TIMESTAMP'2025-01-16 08:15:13'),
	 (867828,171948,'BIS',NULL,68998806,'HBSB2031',TIMESTAMP'2025-02-11 15:30:33','HBSB2031',TIMESTAMP'2025-02-11 15:30:33'),
	 (867535,171948,'BIP',NULL,68998806,'HBSB013',TIMESTAMP'2025-02-11 11:33:51','HBSB013',TIMESTAMP'2025-02-11 11:33:51'),
	 (821308,171948,'SUB',NULL,NULL,'BCEID\BMO',TIMESTAMP'2024-09-18 13:49:49','BCEID\BMO',TIMESTAMP'2024-09-18 13:49:49'),
	 (821254,171948,'DFT',NULL,NULL,'BCEID\BMO',TIMESTAMP'2024-09-18 11:48:30','BCEID\BMO',TIMESTAMP'2024-09-18 11:48:30'),
	 (862923,171949,'APP',NULL,NULL,'IDIR\MARCELINE',TIMESTAMP'2025-01-21 16:05:56','IDIR\MARCELINE',TIMESTAMP'2025-01-21 16:05:56'),
	 (867380,171949,'RTB',NULL,NULL,'IDIR\JAKEDOG',TIMESTAMP'2025-02-11 06:38:54','IDIR\JAKEDOG',TIMESTAMP'2025-02-11 06:38:54'),
	 (862681,171949,'SUB',NULL,NULL,'BCEID\BMO',TIMESTAMP'2025-01-21 08:29:55','BCEID\BMO',TIMESTAMP'2025-01-21 08:29:55'),
	 (861868,171949,'OREJ',NULL,NULL,'IDIR\MARCELINE',TIMESTAMP'2025-01-16 08:16:37','IDIR\MARCELINE',TIMESTAMP'2025-01-16 08:16:37'),
	 (867830,171949,'BIS',NULL,68998807,'HBSB2031',TIMESTAMP'2025-02-11 15:30:36','HBSB2031',TIMESTAMP'2025-02-11 15:30:36'),
	 (867536,171949,'BIP',NULL,68998807,'HBSB013',TIMESTAMP'2025-02-11 11:33:52','HBSB013',TIMESTAMP'2025-02-11 11:33:52'),
	 (821305,171949,'SUB',NULL,NULL,'BCEID\BMO',TIMESTAMP'2024-09-18 13:49:14','BCEID\BMO',TIMESTAMP'2024-09-18 13:49:14'),
	 (821255,171949,'DFT',NULL,NULL,'BCEID\BMO',TIMESTAMP'2024-09-18 11:49:21','BCEID\BMO',TIMESTAMP'2024-09-18 11:49:21'),
	 (862910,171950,'APP',NULL,NULL,'IDIR\MARCELINE',TIMESTAMP'2025-01-21 15:59:19','IDIR\MARCELINE',TIMESTAMP'2025-01-21 15:59:19'),
	 (867375,171950,'RTB',NULL,NULL,'IDIR\JAKEDOG',TIMESTAMP'2025-02-11 06:37:51','IDIR\JAKEDOG',TIMESTAMP'2025-02-11 06:37:51'),
	 (862683,171950,'SUB',NULL,NULL,'BCEID\BMO',TIMESTAMP'2025-01-21 08:31:12','BCEID\BMO',TIMESTAMP'2025-01-21 08:31:12'),
	 (861864,171950,'OREJ',NULL,NULL,'IDIR\MARCELINE',TIMESTAMP'2025-01-16 08:15:57','IDIR\MARCELINE',TIMESTAMP'2025-01-16 08:15:57');
INSERT INTO WASTE_ASSESS_AREA_STS_AUDIT (WASTE_ASSESSMENT_AREA_AUDIT_ID,WASTE_ASSESSMENT_AREA_ID,WASTE_ASSESS_AREA_STS_CODE,WASTE_COMMENT,DOCUMENT_CONTROL_NUMBER,ENTRY_USERID,ENTRY_TIMESTAMP,UPDATE_USERID,UPDATE_TIMESTAMP) VALUES
	 (867831,171950,'BIS',NULL,68998808,'HBSB2031',TIMESTAMP'2025-02-11 15:30:38','HBSB2031',TIMESTAMP'2025-02-11 15:30:38'),
	 (867537,171950,'BIP',NULL,68998808,'HBSB013',TIMESTAMP'2025-02-11 11:33:53','HBSB013',TIMESTAMP'2025-02-11 11:33:53'),
	 (821303,171950,'SUB',NULL,NULL,'BCEID\BMO',TIMESTAMP'2024-09-18 13:48:43','BCEID\BMO',TIMESTAMP'2024-09-18 13:48:43'),
	 (821256,171950,'DFT',NULL,NULL,'BCEID\BMO',TIMESTAMP'2024-09-18 11:50:22','BCEID\BMO',TIMESTAMP'2024-09-18 11:50:22'),
	 (862921,171951,'APP',NULL,NULL,'IDIR\MARCELINE',TIMESTAMP'2025-01-21 16:05:04','IDIR\MARCELINE',TIMESTAMP'2025-01-21 16:05:04'),
	 (867377,171951,'RTB',NULL,NULL,'IDIR\JAKEDOG',TIMESTAMP'2025-02-11 06:38:24','IDIR\JAKEDOG',TIMESTAMP'2025-02-11 06:38:24'),
	 (862691,171951,'SUB',NULL,NULL,'BCEID\BMO',TIMESTAMP'2025-01-21 08:41:25','BCEID\BMO',TIMESTAMP'2025-01-21 08:41:25'),
	 (861857,171951,'OREJ',NULL,NULL,'IDIR\MARCELINE',TIMESTAMP'2025-01-16 08:15:03','IDIR\MARCELINE',TIMESTAMP'2025-01-16 08:15:03'),
	 (867832,171951,'BIS',NULL,68998809,'HBSB2031',TIMESTAMP'2025-02-11 15:30:40','HBSB2031',TIMESTAMP'2025-02-11 15:30:40'),
	 (867538,171951,'BIP',NULL,68998809,'HBSB013',TIMESTAMP'2025-02-11 11:33:54','HBSB013',TIMESTAMP'2025-02-11 11:33:54'),
	 (821312,171951,'SUB',NULL,NULL,'BCEID\BMO',TIMESTAMP'2024-09-18 13:52:33','BCEID\BMO',TIMESTAMP'2024-09-18 13:52:33'),
	 (821257,171951,'DFT',NULL,NULL,'BCEID\BMO',TIMESTAMP'2024-09-18 11:51:42','BCEID\BMO',TIMESTAMP'2024-09-18 11:51:42'),
	 (862919,171952,'APP',NULL,NULL,'IDIR\MARCELINE',TIMESTAMP'2025-01-21 16:04:46','IDIR\MARCELINE',TIMESTAMP'2025-01-21 16:04:46'),
	 (862687,171952,'SUB',NULL,NULL,'BCEID\BMO',TIMESTAMP'2025-01-21 08:39:49','BCEID\BMO',TIMESTAMP'2025-01-21 08:39:49'),
	 (861866,171952,'OREJ',NULL,NULL,'IDIR\MARCELINE',TIMESTAMP'2025-01-16 08:16:10','IDIR\MARCELINE',TIMESTAMP'2025-01-16 08:16:10'),
	 (867833,171952,'BIS',NULL,68998810,'HBSB2031',TIMESTAMP'2025-02-11 15:30:45','HBSB2031',TIMESTAMP'2025-02-11 15:30:45'),
	 (867387,171952,'RTB',NULL,NULL,'IDIR\JAKEDOG',TIMESTAMP'2025-02-11 06:40:03','IDIR\JAKEDOG',TIMESTAMP'2025-02-11 06:40:03'),
	 (867539,171952,'BIP',NULL,68998810,'HBSB013',TIMESTAMP'2025-02-11 11:33:55','HBSB013',TIMESTAMP'2025-02-11 11:33:55'),
	 (821317,171952,'SUB',NULL,NULL,'BCEID\BMO',TIMESTAMP'2024-09-18 13:55:29','BCEID\BMO',TIMESTAMP'2024-09-18 13:55:29'),
	 (821258,171952,'DFT',NULL,NULL,'BCEID\BMO',TIMESTAMP'2024-09-18 11:52:55','BCEID\BMO',TIMESTAMP'2024-09-18 11:52:55');
INSERT INTO WASTE_ASSESS_AREA_STS_AUDIT (WASTE_ASSESSMENT_AREA_AUDIT_ID,WASTE_ASSESSMENT_AREA_ID,WASTE_ASSESS_AREA_STS_CODE,WASTE_COMMENT,DOCUMENT_CONTROL_NUMBER,ENTRY_USERID,ENTRY_TIMESTAMP,UPDATE_USERID,UPDATE_TIMESTAMP) VALUES
	 (862911,168554,'APP','Files are attached and have been checked',NULL,'IDIR\MARCELINE',TIMESTAMP'2025-01-21 15:59:19','IDIR\MARCELINE',TIMESTAMP'2025-01-21 15:59:19'),
	 (862684,168554,'SUB','Resubmission after deleting 2 blocks from RU35005',NULL,'BCEID\BMO',TIMESTAMP'2025-01-21 08:31:12','BCEID\BMO',TIMESTAMP'2025-01-21 08:31:12'),
	 (861865,168554,'OREJ','Regarding email, Please recompile',NULL,'IDIR\MARCELINE',TIMESTAMP'2025-01-16 08:15:57','IDIR\MARCELINE',TIMESTAMP'2025-01-16 08:15:57'),
	 (862384,168554,'DFT',NULL,NULL,'BCEID\BMO',TIMESTAMP'2025-01-19 13:22:34','BCEID\BMO',TIMESTAMP'2025-01-19 13:22:34'),
	 (867853,168554,'BIS',NULL,68998830,'HBSB2031',TIMESTAMP'2025-02-11 15:31:29','HBSB2031',TIMESTAMP'2025-02-11 15:31:29'),
	 (867376,168554,'RTB',NULL,NULL,'IDIR\JAKEDOG',TIMESTAMP'2025-02-11 06:38:12','IDIR\JAKEDOG',TIMESTAMP'2025-02-11 06:38:12'),
	 (867559,168554,'BIP',NULL,68998830,'HBSB013',TIMESTAMP'2025-02-11 11:34:25','HBSB013',TIMESTAMP'2025-02-11 11:34:25'),
	 (821304,168554,'SUB','This a multi licensee aggregate sample plan between Weyerhaeuser (RU35004) and Lower Nicola Indian Band (RU35004)',NULL,'BCEID\BMO',TIMESTAMP'2024-09-18 13:48:43','BCEID\BMO',TIMESTAMP'2024-09-18 13:48:43'),
	 (807139,168554,'DFT',NULL,NULL,'BCEID\BMO',TIMESTAMP'2024-05-14 14:07:34','BCEID\BMO',TIMESTAMP'2024-05-14 14:07:34'),
	 (816135,168554,'ISUB',NULL,NULL,'BCEID\FINN',TIMESTAMP'2024-08-13 15:59:35','BCEID\FINN',TIMESTAMP'2024-08-13 15:59:35'),
	 (816136,168554,'ISUB','Attached preliminary EFW file, final draft field survey map and original area calculation sheet.',NULL,'BCEID\FINN',TIMESTAMP'2024-08-13 15:59:35','BCEID\FINN',TIMESTAMP'2024-08-13 15:59:35'),
	 (821240,168554,'DFT',NULL,NULL,'BCEID\BMO',TIMESTAMP'2024-09-18 11:25:57','BCEID\BMO',TIMESTAMP'2024-09-18 11:25:57'),
	 (862922,168555,'APP','Files are attached and have been checked',NULL,'IDIR\MARCELINE',TIMESTAMP'2025-01-21 16:05:04','IDIR\MARCELINE',TIMESTAMP'2025-01-21 16:05:04'),
	 (867378,168555,'RTB',NULL,NULL,'IDIR\JAKEDOG',TIMESTAMP'2025-02-11 06:38:32','IDIR\JAKEDOG',TIMESTAMP'2025-02-11 06:38:32'),
	 (862692,168555,'SUB','Resubmission after deleting 2 blocks from RU35005',NULL,'BCEID\BMO',TIMESTAMP'2025-01-21 08:41:25','BCEID\BMO',TIMESTAMP'2025-01-21 08:41:25'),
	 (861858,168555,'OREJ','Regarding email, Please recompile',NULL,'IDIR\MARCELINE',TIMESTAMP'2025-01-16 08:15:03','IDIR\MARCELINE',TIMESTAMP'2025-01-16 08:15:03'),
	 (862385,168555,'DFT',NULL,NULL,'BCEID\BMO',TIMESTAMP'2025-01-19 13:22:35','BCEID\BMO',TIMESTAMP'2025-01-19 13:22:35'),
	 (867857,168555,'BIS',NULL,68998834,'HBSB2031',TIMESTAMP'2025-02-11 15:31:38','HBSB2031',TIMESTAMP'2025-02-11 15:31:38'),
	 (867563,168555,'BIP',NULL,68998834,'HBSB013',TIMESTAMP'2025-02-11 11:34:32','HBSB013',TIMESTAMP'2025-02-11 11:34:32'),
	 (821313,168555,'SUB','This a multi licensee aggregate sample plan between Weyerhaeuser (RU35004) and Lower Nicola Indian Band (RU35004)',NULL,'BCEID\BMO',TIMESTAMP'2024-09-18 13:52:33','BCEID\BMO',TIMESTAMP'2024-09-18 13:52:33');
INSERT INTO WASTE_ASSESS_AREA_STS_AUDIT (WASTE_ASSESSMENT_AREA_AUDIT_ID,WASTE_ASSESSMENT_AREA_ID,WASTE_ASSESS_AREA_STS_CODE,WASTE_COMMENT,DOCUMENT_CONTROL_NUMBER,ENTRY_USERID,ENTRY_TIMESTAMP,UPDATE_USERID,UPDATE_TIMESTAMP) VALUES
	 (807140,168555,'DFT',NULL,NULL,'BCEID\BMO',TIMESTAMP'2024-05-14 14:07:47','BCEID\BMO',TIMESTAMP'2024-05-14 14:07:47'),
	 (862915,168556,'APP','Sample Plan for both RU35004 and 35005',NULL,'IDIR\MARCELINE',TIMESTAMP'2025-01-21 16:01:58','IDIR\MARCELINE',TIMESTAMP'2025-01-21 16:01:58'),
	 (867384,168556,'RTB',NULL,NULL,'IDIR\JAKEDOG',TIMESTAMP'2025-02-11 06:39:34','IDIR\JAKEDOG',TIMESTAMP'2025-02-11 06:39:34'),
	 (862680,168556,'SUB','Resubmission after deleting 2 blocks from RU35005',NULL,'BCEID\BMO',TIMESTAMP'2025-01-21 08:29:13','BCEID\BMO',TIMESTAMP'2025-01-21 08:29:13'),
	 (861862,168556,'OREJ','Regarding email, Please recompile',NULL,'IDIR\MARCELINE',TIMESTAMP'2025-01-16 08:15:33','IDIR\MARCELINE',TIMESTAMP'2025-01-16 08:15:33'),
	 (862386,168556,'DFT',NULL,NULL,'BCEID\BMO',TIMESTAMP'2025-01-19 13:23:36','BCEID\BMO',TIMESTAMP'2025-01-19 13:23:36'),
	 (867858,168556,'BIS',NULL,68998835,'HBSB2031',TIMESTAMP'2025-02-11 15:31:44','HBSB2031',TIMESTAMP'2025-02-11 15:31:44'),
	 (867564,168556,'BIP',NULL,68998835,'HBSB013',TIMESTAMP'2025-02-11 11:34:33','HBSB013',TIMESTAMP'2025-02-11 11:34:33'),
	 (821314,168556,'SUB','This a multi licensee aggregate sample plan between Weyerhaeuser (RU35004) and Lower Nicola Indian Band (RU35004)',NULL,'BCEID\BMO',TIMESTAMP'2024-09-18 13:53:19','BCEID\BMO',TIMESTAMP'2024-09-18 13:53:19'),
	 (807143,168556,'DFT',NULL,NULL,'BCEID\BMO',TIMESTAMP'2024-05-14 14:08:01','BCEID\BMO',TIMESTAMP'2024-05-14 14:08:01'),
	 (862918,168557,'APP','Original Maps for both RU 35004 and 35005.  Block that belong to this RU are CHA002, CHA024, DIL120 and SUM051',NULL,'IDIR\MARCELINE',TIMESTAMP'2025-01-21 16:04:23','IDIR\MARCELINE',TIMESTAMP'2025-01-21 16:04:23'),
	 (867385,168557,'RTB',NULL,NULL,'IDIR\JAKEDOG',TIMESTAMP'2025-02-11 06:39:44','IDIR\JAKEDOG',TIMESTAMP'2025-02-11 06:39:44'),
	 (862695,168557,'SUB',NULL,NULL,'BCEID\BMO',TIMESTAMP'2025-01-21 08:47:03','BCEID\BMO',TIMESTAMP'2025-01-21 08:47:03'),
	 (861863,168557,'OREJ','Regarding email, Please recompile',NULL,'IDIR\MARCELINE',TIMESTAMP'2025-01-16 08:15:47','IDIR\MARCELINE',TIMESTAMP'2025-01-16 08:15:47'),
	 (862387,168557,'DFT',NULL,NULL,'BCEID\BMO',TIMESTAMP'2025-01-19 13:23:36','BCEID\BMO',TIMESTAMP'2025-01-19 13:23:36'),
	 (867859,168557,'BIS',NULL,68998836,'HBSB2031',TIMESTAMP'2025-02-11 15:31:46','HBSB2031',TIMESTAMP'2025-02-11 15:31:46'),
	 (867565,168557,'BIP',NULL,68998836,'HBSB013',TIMESTAMP'2025-02-11 11:34:34','HBSB013',TIMESTAMP'2025-02-11 11:34:34'),
	 (821315,168557,'SUB','This a multi licensee aggregate sample plan between Weyerhaeuser (RU35004) and Lower Nicola Indian Band (RU35004)',NULL,'BCEID\BMO',TIMESTAMP'2024-09-18 13:54:02','BCEID\BMO',TIMESTAMP'2024-09-18 13:54:02'),
	 (807146,168557,'DFT',NULL,NULL,'BCEID\BMO',TIMESTAMP'2024-05-14 14:08:17','BCEID\BMO',TIMESTAMP'2024-05-14 14:08:17'),
	 (862914,168558,'APP','Area Calculators for RU35004 do not be to this RU',NULL,'IDIR\MARCELINE',TIMESTAMP'2025-01-21 16:01:21','IDIR\MARCELINE',TIMESTAMP'2025-01-21 16:01:21');
INSERT INTO WASTE_ASSESS_AREA_STS_AUDIT (WASTE_ASSESSMENT_AREA_AUDIT_ID,WASTE_ASSESSMENT_AREA_ID,WASTE_ASSESS_AREA_STS_CODE,WASTE_COMMENT,DOCUMENT_CONTROL_NUMBER,ENTRY_USERID,ENTRY_TIMESTAMP,UPDATE_USERID,UPDATE_TIMESTAMP) VALUES
	 (867379,168558,'RTB',NULL,NULL,'IDIR\JAKEDOG',TIMESTAMP'2025-02-11 06:38:44','IDIR\JAKEDOG',TIMESTAMP'2025-02-11 06:38:44'),
	 (862693,168558,'SUB','Resubmission after deleting 2 blocks from RU35005',NULL,'BCEID\BMO',TIMESTAMP'2025-01-21 08:41:57','BCEID\BMO',TIMESTAMP'2025-01-21 08:41:57'),
	 (862388,168558,'DFT',NULL,NULL,'BCEID\BMO',TIMESTAMP'2025-01-19 13:23:38','BCEID\BMO',TIMESTAMP'2025-01-19 13:23:38'),
	 (867860,168558,'BIS',NULL,68998837,'HBSB2031',TIMESTAMP'2025-02-11 15:31:47','HBSB2031',TIMESTAMP'2025-02-11 15:31:47'),
	 (861642,168558,'OREJ','Please add the Waste area calculators and Professional Rationale to this block',NULL,'IDIR\MARCELINE',TIMESTAMP'2025-01-14 14:35:35','IDIR\MARCELINE',TIMESTAMP'2025-01-14 14:35:35'),
	 (867566,168558,'BIP',NULL,68998837,'HBSB013',TIMESTAMP'2025-02-11 11:34:35','HBSB013',TIMESTAMP'2025-02-11 11:34:35'),
	 (821316,168558,'SUB','This a multi licensee aggregate sample plan between Weyerhaeuser (RU35004) and Lower Nicola Indian Band (RU35004)',NULL,'BCEID\BMO',TIMESTAMP'2024-09-18 13:54:42','BCEID\BMO',TIMESTAMP'2024-09-18 13:54:42'),
	 (807149,168558,'DFT',NULL,NULL,'BCEID\BMO',TIMESTAMP'2024-05-14 14:08:33','BCEID\BMO',TIMESTAMP'2024-05-14 14:08:33'),
	 (862924,168559,'APP','Final Sample Maps for RU35005',NULL,'IDIR\MARCELINE',TIMESTAMP'2025-01-21 16:05:56','IDIR\MARCELINE',TIMESTAMP'2025-01-21 16:05:56'),
	 (867381,168559,'RTB',NULL,NULL,'IDIR\JAKEDOG',TIMESTAMP'2025-02-11 06:39:02','IDIR\JAKEDOG',TIMESTAMP'2025-02-11 06:39:02'),
	 (862682,168559,'SUB','Resubmission after deleting 2 blocks from RU35005',NULL,'BCEID\BMO',TIMESTAMP'2025-01-21 08:29:55','BCEID\BMO',TIMESTAMP'2025-01-21 08:29:55'),
	 (861869,168559,'OREJ','Regarding email, Please recompile',NULL,'IDIR\MARCELINE',TIMESTAMP'2025-01-16 08:16:37','IDIR\MARCELINE',TIMESTAMP'2025-01-16 08:16:37'),
	 (862389,168559,'DFT',NULL,NULL,'BCEID\BMO',TIMESTAMP'2025-01-19 13:24:38','BCEID\BMO',TIMESTAMP'2025-01-19 13:24:38'),
	 (867861,168559,'BIS',NULL,68998838,'HBSB2031',TIMESTAMP'2025-02-11 15:31:48','HBSB2031',TIMESTAMP'2025-02-11 15:31:48'),
	 (867567,168559,'BIP',NULL,68998838,'HBSB013',TIMESTAMP'2025-02-11 11:34:36','HBSB013',TIMESTAMP'2025-02-11 11:34:36'),
	 (821306,168559,'SUB','This a multi licensee aggregate sample plan between Weyerhaeuser (RU35004) and Lower Nicola Indian Band (RU35004)',NULL,'BCEID\BMO',TIMESTAMP'2024-09-18 13:49:14','BCEID\BMO',TIMESTAMP'2024-09-18 13:49:14'),
	 (807151,168559,'DFT',NULL,NULL,'BCEID\BMO',TIMESTAMP'2024-05-14 14:08:52','BCEID\BMO',TIMESTAMP'2024-05-14 14:08:52'),
	 (821241,168559,'DFT',NULL,NULL,'BCEID\BMO',TIMESTAMP'2024-09-18 11:28:00','BCEID\BMO',TIMESTAMP'2024-09-18 11:28:00'),
	 (816083,168559,'ISUB',NULL,NULL,'BCEID\FINN',TIMESTAMP'2024-08-13 13:47:45','BCEID\FINN',TIMESTAMP'2024-08-13 13:47:45'),
	 (816084,168559,'ISUB','Attached preliminary EFW file, final draft field survey map and original area calculation sheet.',NULL,'BCEID\FINN',TIMESTAMP'2024-08-13 13:47:45','BCEID\FINN',TIMESTAMP'2024-08-13 13:47:45');
INSERT INTO WASTE_ASSESS_AREA_STS_AUDIT (WASTE_ASSESSMENT_AREA_AUDIT_ID,WASTE_ASSESSMENT_AREA_ID,WASTE_ASSESS_AREA_STS_CODE,WASTE_COMMENT,DOCUMENT_CONTROL_NUMBER,ENTRY_USERID,ENTRY_TIMESTAMP,UPDATE_USERID,UPDATE_TIMESTAMP) VALUES
	 (862926,168560,'APP','Files are attached and have been checked',NULL,'IDIR\MARCELINE',TIMESTAMP'2025-01-21 16:06:15','IDIR\MARCELINE',TIMESTAMP'2025-01-21 16:06:15'),
	 (867383,168560,'RTB',NULL,NULL,'IDIR\JAKEDOG',TIMESTAMP'2025-02-11 06:39:23','IDIR\JAKEDOG',TIMESTAMP'2025-02-11 06:39:23'),
	 (862690,168560,'SUB','Resubmission after deleting 2 blocks from RU35005',NULL,'BCEID\BMO',TIMESTAMP'2025-01-21 08:40:44','BCEID\BMO',TIMESTAMP'2025-01-21 08:40:44'),
	 (861860,168560,'OREJ','Regarding email, Please recompile',NULL,'IDIR\MARCELINE',TIMESTAMP'2025-01-16 08:15:13','IDIR\MARCELINE',TIMESTAMP'2025-01-16 08:15:13'),
	 (862390,168560,'DFT',NULL,NULL,'BCEID\BMO',TIMESTAMP'2025-01-19 13:24:39','BCEID\BMO',TIMESTAMP'2025-01-19 13:24:39'),
	 (867862,168560,'BIS',NULL,68998839,'HBSB2031',TIMESTAMP'2025-02-11 15:31:52','HBSB2031',TIMESTAMP'2025-02-11 15:31:52'),
	 (867568,168560,'BIP',NULL,68998839,'HBSB013',TIMESTAMP'2025-02-11 11:34:41','HBSB013',TIMESTAMP'2025-02-11 11:34:41'),
	 (821309,168560,'SUB','This a multi licensee aggregate sample plan between Weyerhaeuser (RU35004) and Lower Nicola Indian Band (RU35004)',NULL,'BCEID\BMO',TIMESTAMP'2024-09-18 13:49:49','BCEID\BMO',TIMESTAMP'2024-09-18 13:49:49'),
	 (807154,168560,'DFT',NULL,NULL,'BCEID\BMO',TIMESTAMP'2024-05-14 14:09:14','BCEID\BMO',TIMESTAMP'2024-05-14 14:09:14'),
	 (821242,168560,'DFT',NULL,NULL,'BCEID\BMO',TIMESTAMP'2024-09-18 11:28:01','BCEID\BMO',TIMESTAMP'2024-09-18 11:28:01'),
	 (816087,168560,'ISUB',NULL,NULL,'BCEID\FINN',TIMESTAMP'2024-08-13 14:03:09','BCEID\FINN',TIMESTAMP'2024-08-13 14:03:09'),
	 (816088,168560,'ISUB','Attached preliminary EFW file, final draft field survey map and original area calculation sheet.',NULL,'BCEID\FINN',TIMESTAMP'2024-08-13 14:03:09','BCEID\FINN',TIMESTAMP'2024-08-13 14:03:09'),
	 (862920,168561,'APP','Files are attached and have been checked',NULL,'IDIR\MARCELINE',TIMESTAMP'2025-01-21 16:04:46','IDIR\MARCELINE',TIMESTAMP'2025-01-21 16:04:46'),
	 (862688,168561,'SUB','Resubmission after deleting 2 blocks from RU35005',NULL,'BCEID\BMO',TIMESTAMP'2025-01-21 08:39:49','BCEID\BMO',TIMESTAMP'2025-01-21 08:39:49'),
	 (861867,168561,'OREJ','Regarding email, Please recompile',NULL,'IDIR\MARCELINE',TIMESTAMP'2025-01-16 08:16:10','IDIR\MARCELINE',TIMESTAMP'2025-01-16 08:16:10'),
	 (862391,168561,'DFT',NULL,NULL,'BCEID\BMO',TIMESTAMP'2025-01-19 13:24:40','BCEID\BMO',TIMESTAMP'2025-01-19 13:24:40'),
	 (867863,168561,'BIS',NULL,68998840,'HBSB2031',TIMESTAMP'2025-02-11 15:31:54','HBSB2031',TIMESTAMP'2025-02-11 15:31:54'),
	 (867388,168561,'RTB',NULL,NULL,'IDIR\JAKEDOG',TIMESTAMP'2025-02-11 06:40:11','IDIR\JAKEDOG',TIMESTAMP'2025-02-11 06:40:11'),
	 (867569,168561,'BIP',NULL,68998840,'HBSB013',TIMESTAMP'2025-02-11 11:34:42','HBSB013',TIMESTAMP'2025-02-11 11:34:42'),
	 (821318,168561,'SUB','This a multi licensee aggregate sample plan between Weyerhaeuser (RU35004) and Lower Nicola Indian Band (RU35004)',NULL,'BCEID\BMO',TIMESTAMP'2024-09-18 13:55:29','BCEID\BMO',TIMESTAMP'2024-09-18 13:55:29');
INSERT INTO WASTE_ASSESS_AREA_STS_AUDIT (WASTE_ASSESSMENT_AREA_AUDIT_ID,WASTE_ASSESSMENT_AREA_ID,WASTE_ASSESS_AREA_STS_CODE,WASTE_COMMENT,DOCUMENT_CONTROL_NUMBER,ENTRY_USERID,ENTRY_TIMESTAMP,UPDATE_USERID,UPDATE_TIMESTAMP) VALUES
	 (807155,168561,'DFT',NULL,NULL,'BCEID\BMO',TIMESTAMP'2024-05-14 14:09:35','BCEID\BMO',TIMESTAMP'2024-05-14 14:09:35'),
	 (862909,168562,'APP','Has all sample blocks for both RU 35004 and 35005.  Blocks that belong to this RU are CHA002, CHA042, DIL120 and SUM051',NULL,'IDIR\MARCELINE',TIMESTAMP'2025-01-21 15:58:56','IDIR\MARCELINE',TIMESTAMP'2025-01-21 15:58:56'),
	 (867386,168562,'RTB',NULL,NULL,'IDIR\JAKEDOG',TIMESTAMP'2025-02-11 06:39:53','IDIR\JAKEDOG',TIMESTAMP'2025-02-11 06:39:53'),
	 (862694,168562,'SUB',NULL,NULL,'BCEID\BMO',TIMESTAMP'2025-01-21 08:45:26','BCEID\BMO',TIMESTAMP'2025-01-21 08:45:26'),
	 (861861,168562,'OREJ','Regarding email, Please recompile',NULL,'IDIR\MARCELINE',TIMESTAMP'2025-01-16 08:15:23','IDIR\MARCELINE',TIMESTAMP'2025-01-16 08:15:23'),
	 (862392,168562,'DFT',NULL,NULL,'BCEID\BMO',TIMESTAMP'2025-01-19 13:24:40','BCEID\BMO',TIMESTAMP'2025-01-19 13:24:40'),
	 (867864,168562,'BIS',NULL,68998841,'HBSB2031',TIMESTAMP'2025-02-11 15:31:55','HBSB2031',TIMESTAMP'2025-02-11 15:31:55'),
	 (867570,168562,'BIP',NULL,68998841,'HBSB013',TIMESTAMP'2025-02-11 11:34:43','HBSB013',TIMESTAMP'2025-02-11 11:34:43'),
	 (821320,168562,'SUB','This a multi licensee aggregate sample plan between Weyerhaeuser (RU35004) and Lower Nicola Indian Band (RU35004)',NULL,'BCEID\BMO',TIMESTAMP'2024-09-18 13:56:15','BCEID\BMO',TIMESTAMP'2024-09-18 13:56:15'),
	 (807156,168562,'DFT',NULL,NULL,'BCEID\BMO',TIMESTAMP'2024-05-14 14:09:52','BCEID\BMO',TIMESTAMP'2024-05-14 14:09:52'),
	 (861639,168563,'OREJ','Timbermark is Cruise Based Regarding email sent',NULL,'IDIR\MARCELINE',TIMESTAMP'2025-01-14 14:32:50','IDIR\MARCELINE',TIMESTAMP'2025-01-14 14:32:50'),
	 (862587,168563,'DAC','cruise based block',NULL,'IDIR\ICEKING',TIMESTAMP'2025-01-20 15:04:06','IDIR\ICEKING',TIMESTAMP'2025-01-20 15:04:06'),
	 (816077,168563,'ISUB',NULL,NULL,'BCEID\FINN',TIMESTAMP'2024-08-13 13:11:52','BCEID\FINN',TIMESTAMP'2024-08-13 13:11:52'),
	 (816078,168563,'ISUB','Attached preliminary EFW file, final draft field survey map and original area calculation sheet.',NULL,'BCEID\FINN',TIMESTAMP'2024-08-13 13:11:52','BCEID\FINN',TIMESTAMP'2024-08-13 13:11:52'),
	 (821311,168563,'SUB','This a multi licensee aggregate sample plan between Weyerhaeuser (RU35004) and Lower Nicola Indian Band (RU35004)',NULL,'BCEID\BMO',TIMESTAMP'2024-09-18 13:51:30','BCEID\BMO',TIMESTAMP'2024-09-18 13:51:30'),
	 (807162,168563,'DFT',NULL,NULL,'BCEID\BMO',TIMESTAMP'2024-05-14 14:11:21','BCEID\BMO',TIMESTAMP'2024-05-14 14:11:21'),
	 (821239,168563,'DFT',NULL,NULL,'BCEID\BMO',TIMESTAMP'2024-09-18 11:25:56','BCEID\BMO',TIMESTAMP'2024-09-18 11:25:56'),
	 (861641,168564,'OREJ','Timbermark is Cruise Based Regarding email sent',NULL,'IDIR\MARCELINE',TIMESTAMP'2025-01-14 14:33:12','IDIR\MARCELINE',TIMESTAMP'2025-01-14 14:33:12'),
	 (862589,168564,'DAC','cruise based block',NULL,'IDIR\ICEKING',TIMESTAMP'2025-01-20 15:05:19','IDIR\ICEKING',TIMESTAMP'2025-01-20 15:05:19'),
	 (821322,168564,'SUB',NULL,NULL,'BCEID\BMO',TIMESTAMP'2024-09-18 13:56:51','BCEID\BMO',TIMESTAMP'2024-09-18 13:56:51');
INSERT INTO WASTE_ASSESS_AREA_STS_AUDIT (WASTE_ASSESSMENT_AREA_AUDIT_ID,WASTE_ASSESSMENT_AREA_ID,WASTE_ASSESS_AREA_STS_CODE,WASTE_COMMENT,DOCUMENT_CONTROL_NUMBER,ENTRY_USERID,ENTRY_TIMESTAMP,UPDATE_USERID,UPDATE_TIMESTAMP) VALUES
	 (807163,168564,'DFT',NULL,NULL,'BCEID\BMO',TIMESTAMP'2024-05-14 14:11:34','BCEID\BMO',TIMESTAMP'2024-05-14 14:11:34');

INSERT INTO WASTE_SPONSOR (WASTE_SPONSOR_ID,WASTE_ASSESSMENT_AREA_ID,WASTE_SUBMITTER_ROLE_TYPE_CODE,SURVEYOR_SCALER_LICENSE_NUMBER,PERSONALLY_COMPLETED_IND,SPONSORED_BY_RFP_RFT_IND,WASTE_DESIGNATION_TYPE_CODE,LICENSE_NUMBER,NAME,PHONE,FAX,EMAIL,REVISION_COUNT,ENTRY_USERID,ENTRY_TIMESTAMP,UPDATE_USERID,UPDATE_TIMESTAMP,PERSONALLY_SUPERVISED_IND,PERSONALLY_REVIEWED_IND,WASTE_RELIEF_IND,RATIONALE_REQUIRED_IND,BURNT_PILES_IND,WASTE_SUBMITTER_USER_GUID,WASTE_SUBMITTER_USERID,WASTE_SUBMITTER_NAME,WASTE_SUBMITTER_PHONE,WASTE_SUBMITTER_FAX,WASTE_SUBMITTER_EMAIL) VALUES
	 (122998,168554,'RFT','1758','N','Y','RFT','1758','FINN MERTENS','250-000-0001',NULL,'finn.mertens@adventuretime.ca',3,'BCEID\FINN',TIMESTAMP'2024-08-13 15:59:35','BCEID\BMO',TIMESTAMP'2025-01-21 08:31:12','N','Y',NULL,NULL,NULL,NULL,NULL,NULL,NULL,NULL,NULL),
	 (123699,168555,'RFT','0254','N','Y','RFT','0254','JAKE THE DOG','2500000002',NULL,'jake@adventuretime.ca',2,'BCEID\BMO',TIMESTAMP'2024-09-18 13:52:33','BCEID\BMO',TIMESTAMP'2025-01-21 08:41:25','N','Y',NULL,NULL,NULL,NULL,NULL,NULL,NULL,NULL,NULL),
	 (123700,168556,'RFT','0254','N','Y','RFT','0254','JAKE THE DOG','2500000002',NULL,'jake@adventuretime.ca',2,'BCEID\BMO',TIMESTAMP'2024-09-18 13:53:19','BCEID\BMO',TIMESTAMP'2025-01-21 08:29:13','N','Y',NULL,NULL,NULL,NULL,NULL,NULL,NULL,NULL,NULL),
	 (123701,168557,'RFT','0254','N','Y','RFT','0254','JAKE THE DOG','2500000002',NULL,'jake@adventuretime.ca',2,'BCEID\BMO',TIMESTAMP'2024-09-18 13:54:02','BCEID\BMO',TIMESTAMP'2025-01-21 08:47:02','N','Y',NULL,NULL,NULL,NULL,NULL,NULL,NULL,NULL,NULL),
	 (123702,168558,'RFT','0254','N','Y','RFT','0254','JAKE THE DOG','2500000002',NULL,'jake@adventuretime.ca',2,'BCEID\BMO',TIMESTAMP'2024-09-18 13:54:42','BCEID\BMO',TIMESTAMP'2025-01-21 08:41:57','N','Y',NULL,NULL,NULL,NULL,NULL,NULL,NULL,NULL,NULL),
	 (122995,168559,'RFT','1758','N','Y','RFT','1758','FINN MERTENS','250-000-0001',NULL,'finn.mertens@adventuretime.ca',3,'BCEID\FINN',TIMESTAMP'2024-08-13 13:47:45','BCEID\BMO',TIMESTAMP'2025-01-21 08:29:55','N','Y',NULL,NULL,NULL,NULL,NULL,NULL,NULL,NULL,NULL),
	 (122996,168560,'RFT','1758','N','Y','RFT','1758','FINN MERTENS','250-000-0001',NULL,'finn.mertens@adventuretime.ca',3,'BCEID\FINN',TIMESTAMP'2024-08-13 14:03:09','BCEID\BMO',TIMESTAMP'2025-01-21 08:40:44','N','Y',NULL,NULL,NULL,NULL,NULL,NULL,NULL,NULL,NULL),
	 (123703,168561,'RFT','0254','N','Y','RFT','0254','JAKE THE DOG','2500000002',NULL,'jake@adventuretime.ca',2,'BCEID\BMO',TIMESTAMP'2024-09-18 13:55:29','BCEID\BMO',TIMESTAMP'2025-01-21 08:39:49','N','Y',NULL,NULL,NULL,NULL,NULL,NULL,NULL,NULL,NULL),
	 (123704,168562,'RFT','0254','N','Y','RFT','0254','JAKE THE DOG','2500000002',NULL,'jake@adventuretime.ca',2,'BCEID\BMO',TIMESTAMP'2024-09-18 13:56:15','BCEID\BMO',TIMESTAMP'2025-01-21 08:45:26','N','Y',NULL,NULL,NULL,NULL,NULL,NULL,NULL,NULL,NULL),
	 (122993,168563,'RFT','1758','N','Y','RFT','1758','FINN MERTENS','250-000-0001',NULL,'finn.mertens@adventuretime.ca',2,'BCEID\FINN',TIMESTAMP'2024-08-13 13:11:52','BCEID\BMO',TIMESTAMP'2024-09-18 13:51:30','N','Y',NULL,NULL,NULL,NULL,NULL,NULL,NULL,NULL,NULL),
	 (123705,168564,'RFT','0254','N','Y','RFT','0254','JAKE THE DOG','2500000002',NULL,'jake@adventuretime.ca',1,'BCEID\BMO',TIMESTAMP'2024-09-18 13:56:51','BCEID\BMO',TIMESTAMP'2024-09-18 13:56:51','N','Y',NULL,NULL,NULL,NULL,NULL,NULL,NULL,NULL,NULL);

INSERT INTO WASTE_ASSESSMENT_SURVEY_MAP (WASTE_ASSESSMENT_AREA_ID,SURVEY_MAP_DOCUMENT,WASTE_ASSESSMENT_SURVEY_MAP_ID,SURVEY_MAP_DOCUMENT_NAME,SURVEY_MAP_MIME_TYPE_CODE,WASTE_ASSESS_AREA_STS_CODE,ENTRY_USERID,ENTRY_TIMESTAMP) VALUES
	 (168554,'A50314',223303,'CHA042.zip','ZIP','ISUB','BCEID\FINN',TIMESTAMP'2024-08-13 15:59:35'),
	 (168554,'A50314',224469,'RU35005_35004_Sample plan information.zip','ZIP','SUB','BCEID\BMO',TIMESTAMP'2024-09-18 13:48:43'),
	 (168554,'A50314',229401,'35005_Non Sample block maps.zip','ZIP','SUB','BCEID\BMO',TIMESTAMP'2025-01-21 08:31:12'),
	 (168555,'A50314',224474,'RU35005_Sample Block Area Worksheets.zip','ZIP','SUB','BCEID\BMO',TIMESTAMP'2024-09-18 13:52:33'),
	 (168555,'A50314',229404,'RU35005_Non Sample Area Worksheets.zip','ZIP','SUB','BCEID\BMO',TIMESTAMP'2025-01-21 08:41:25'),
	 (168556,'A50314',224475,'RU35004_Non Sample Area Worksheets.zip','ZIP','SUB','BCEID\BMO',TIMESTAMP'2024-09-18 13:53:19'),
	 (168556,'A50314',229399,'RU35005_35004_Sample plan information.zip','ZIP','SUB','BCEID\BMO',TIMESTAMP'2025-01-21 08:29:13'),
	 (168557,'A50314',224476,'RU35005_Non Sample Area Worksheets.zip','ZIP','SUB','BCEID\BMO',TIMESTAMP'2024-09-18 13:54:02'),
	 (168557,'A50314',229407,'RU35004_35005_Original Waste Plan maps 2 of 2.zip','ZIP','SUB','BCEID\BMO',TIMESTAMP'2025-01-21 08:47:02'),
	 (168558,'A50314',224477,'RU35004_35005 Original Waste Plan maps 1 of 2.zip','ZIP','SUB','BCEID\BMO',TIMESTAMP'2024-09-18 13:54:42'),
	 (168558,'A50314',229405,'RU35004_35005_Original Survey Plan.zip','ZIP','SUB','BCEID\BMO',TIMESTAMP'2025-01-21 08:41:57'),
	 (168559,'A50314',223300,'DIL120.zip','ZIP','ISUB','BCEID\FINN',TIMESTAMP'2024-08-13 13:47:45'),
	 (168559,'A50314',224470,'RU35004_35005 Final Sample plan maps.zip','ZIP','SUB','BCEID\BMO',TIMESTAMP'2024-09-18 13:49:14'),
	 (168559,'A50314',229400,'35005 Final Sample plan maps.zip','ZIP','SUB','BCEID\BMO',TIMESTAMP'2025-01-21 08:29:55'),
	 (168560,'A50314',223301,'SUM051.zip','ZIP','ISUB','BCEID\FINN',TIMESTAMP'2024-08-13 14:03:09'),
	 (168560,'A50314',224472,'RU35004_35005_Non Sample block maps.zip','ZIP','SUB','BCEID\BMO',TIMESTAMP'2024-09-18 13:49:49'),
	 (168560,'A50314',229403,'RU35005_Non Sample Area Worksheets.zip','ZIP','SUB','BCEID\BMO',TIMESTAMP'2025-01-21 08:40:44'),
	 (168561,'A50314',224478,'RU35004_35005_Original Waste Plan maps 2 of 2.zip','ZIP','SUB','BCEID\BMO',TIMESTAMP'2024-09-18 13:55:29'),
	 (168561,'A50314',229402,'RU35005_Sample Block Area Worksheets.zip','ZIP','SUB','BCEID\BMO',TIMESTAMP'2025-01-21 08:39:49'),
	 (168562,'A50314',224479,'RU35004_35005_Original Survey Plan.zip','ZIP','SUB','BCEID\BMO',TIMESTAMP'2024-09-18 13:56:15');
INSERT INTO WASTE_ASSESSMENT_SURVEY_MAP (WASTE_ASSESSMENT_AREA_ID,SURVEY_MAP_DOCUMENT,WASTE_ASSESSMENT_SURVEY_MAP_ID,SURVEY_MAP_DOCUMENT_NAME,SURVEY_MAP_MIME_TYPE_CODE,WASTE_ASSESS_AREA_STS_CODE,ENTRY_USERID,ENTRY_TIMESTAMP) VALUES
	 (168562,'A50314',229406,'RU35004_35005 Original Waste Plan maps 1 of 2.zip','ZIP','SUB','BCEID\BMO',TIMESTAMP'2025-01-21 08:45:26'),
	 (168563,'A50314',223298,'CHA002.zip','ZIP','ISUB','BCEID\FINN',TIMESTAMP'2024-08-13 13:11:52'),
	 (168563,'A50314',224473,'RU35004_Sample Block Area Worksheets.zip','ZIP','SUB','BCEID\BMO',TIMESTAMP'2024-09-18 13:51:30'),
	 (168564,'A50314',224480,'This is my attachment.pdf','PDF','SUB','BCEID\BMO',TIMESTAMP'2024-09-18 13:56:51');

INSERT INTO WASTE_STRATUM (WASTE_STRATUM_ID,WASTE_ASSESSMENT_AREA_ID,WASTE_STRATUM_TYPE_CODE,WASTE_TYPE_CODE,WASTE_HARVEST_METHOD_CODE,WASTE_ASSESSMENT_METHOD_CODE,WASTE_PLOT_SIZE_CODE,WASTE_LEVEL_CODE,STRATUM_AREA,TOTAL_ESTIMATED_VOLUME,REVISION_COUNT,ENTRY_USERID,ENTRY_TIMESTAMP,UPDATE_USERID,UPDATE_TIMESTAMP,WASTE_SURVEYOR_LICENCE) VALUES
	 (263119,168554,'ACC','P','B','C',NULL,'X',0.38,NULL,1,'BCEID\BMO',TIMESTAMP'2025-01-19 13:22:34','BCEID\BMO',TIMESTAMP'2025-01-19 13:22:34',NULL),
	 (263120,168554,'DIS','S','B','C',NULL,'X',27.69,NULL,1,'BCEID\BMO',TIMESTAMP'2025-01-19 13:22:34','BCEID\BMO',TIMESTAMP'2025-01-19 13:22:34',NULL),
	 (263121,168555,'ACC','P','B','C',NULL,'X',0.21,NULL,1,'BCEID\BMO',TIMESTAMP'2025-01-19 13:22:35','BCEID\BMO',TIMESTAMP'2025-01-19 13:22:35',NULL),
	 (263122,168555,'DIS','S','B','C',NULL,'X',19.46,NULL,1,'BCEID\BMO',TIMESTAMP'2025-01-19 13:22:35','BCEID\BMO',TIMESTAMP'2025-01-19 13:22:35',NULL),
	 (263124,168556,'DIS','S','B','C',NULL,'X',34.38,NULL,1,'BCEID\BMO',TIMESTAMP'2025-01-19 13:23:36','BCEID\BMO',TIMESTAMP'2025-01-19 13:23:36',NULL),
	 (263123,168556,'ACC','P','B','C',NULL,'X',0.38,NULL,1,'BCEID\BMO',TIMESTAMP'2025-01-19 13:23:36','BCEID\BMO',TIMESTAMP'2025-01-19 13:23:36',NULL),
	 (263129,168557,'ACC','P','B','C',NULL,'X',0.1,NULL,1,'BCEID\BMO',TIMESTAMP'2025-01-19 13:23:37','BCEID\BMO',TIMESTAMP'2025-01-19 13:23:37',NULL),
	 (263130,168557,'DIS','S','B','C',NULL,'X',8.89,NULL,1,'BCEID\BMO',TIMESTAMP'2025-01-19 13:23:37','BCEID\BMO',TIMESTAMP'2025-01-19 13:23:37',NULL),
	 (263131,168558,'ACC','P','B','C',NULL,'X',0.19,NULL,1,'BCEID\BMO',TIMESTAMP'2025-01-19 13:23:38','BCEID\BMO',TIMESTAMP'2025-01-19 13:23:38',NULL),
	 (263132,168558,'DIS','S','B','C',NULL,'X',16.87,NULL,1,'BCEID\BMO',TIMESTAMP'2025-01-19 13:23:38','BCEID\BMO',TIMESTAMP'2025-01-19 13:23:38',NULL),
	 (263135,168559,'ACC','P','B','C',NULL,'X',0.43,NULL,1,'BCEID\BMO',TIMESTAMP'2025-01-19 13:24:39','BCEID\BMO',TIMESTAMP'2025-01-19 13:24:39',NULL),
	 (263136,168559,'DIS','S','B','C',NULL,'X',27.67,NULL,1,'BCEID\BMO',TIMESTAMP'2025-01-19 13:24:39','BCEID\BMO',TIMESTAMP'2025-01-19 13:24:39',NULL),
	 (263137,168560,'ACC','P','B','C',NULL,'X',0.44,NULL,1,'BCEID\BMO',TIMESTAMP'2025-01-19 13:24:39','BCEID\BMO',TIMESTAMP'2025-01-19 13:24:39',NULL),
	 (263138,168560,'DIS','S','B','C',NULL,'X',22.86,NULL,1,'BCEID\BMO',TIMESTAMP'2025-01-19 13:24:39','BCEID\BMO',TIMESTAMP'2025-01-19 13:24:39',NULL),
	 (263139,168561,'ACC','P','B','C',NULL,'X',0.26,NULL,1,'BCEID\BMO',TIMESTAMP'2025-01-19 13:24:40','BCEID\BMO',TIMESTAMP'2025-01-19 13:24:40',NULL),
	 (263140,168561,'DIS','S','B','C',NULL,'X',23.51,NULL,1,'BCEID\BMO',TIMESTAMP'2025-01-19 13:24:40','BCEID\BMO',TIMESTAMP'2025-01-19 13:24:40',NULL),
	 (263141,168562,'ACC','P','B','C',NULL,'X',0.12,NULL,1,'BCEID\BMO',TIMESTAMP'2025-01-19 13:24:40','BCEID\BMO',TIMESTAMP'2025-01-19 13:24:40',NULL),
	 (263142,168562,'DIS','S','B','C',NULL,'X',10.79,NULL,1,'BCEID\BMO',TIMESTAMP'2025-01-19 13:24:40','BCEID\BMO',TIMESTAMP'2025-01-19 13:24:40',NULL);

INSERT INTO WASTE_ASSESSMENT_SEGREGATION (SCALE_GRADE_CODE,SCALE_PRODUCT_CODE,SCALE_SPECIES_CODE,WASTE_ASSESSMENT_AREA_ID,ESTIMATED_VOLUME,RATE,AVOIDABLE_IND,NUMBER_OF_PIECES) VALUES
	 ('4',' ','SP',171948,0.998,0.25,'Y',4),
	 ('2',' ','BA',171948,1.256,0,'N',1),
	 ('4',' ','BA',171948,0.503,0,'N',1),
	 ('2',' ','FI',171948,0.367,19.47,'Y',2),
	 ('2',' ','SP',171948,0.482,19.47,'Y',5),
	 ('2',' ','LO',171948,8.293,19.47,'Y',5),
	 ('2',' ','BA',171948,0.682,19.47,'Y',5),
	 ('4',' ','BA',171948,0.313,0.25,'Y',2),
	 ('2',' ','LO',171948,0.274,0,'N',2),
	 ('4',' ','LO',171948,6.646,0.25,'Y',4),
	 ('4',' ','BA',171949,0.349,0.25,'Y',2),
	 ('2',' ','BA',171949,1.571,0,'N',1),
	 ('4',' ','LO',171949,7.699,0.25,'Y',4),
	 ('2',' ','BA',171949,0.748,9.71,'Y',5),
	 ('4',' ','BA',171949,0.629,0,'N',1),
	 ('4',' ','SP',171949,1.1,0.25,'Y',4),
	 ('2',' ','LO',171949,0.343,0,'N',2),
	 ('2',' ','FI',171949,0.394,9.71,'Y',2),
	 ('2',' ','SP',171949,0.564,9.71,'Y',5),
	 ('2',' ','LO',171949,8.799,9.71,'Y',5);
INSERT INTO WASTE_ASSESSMENT_SEGREGATION (SCALE_GRADE_CODE,SCALE_PRODUCT_CODE,SCALE_SPECIES_CODE,WASTE_ASSESSMENT_AREA_ID,ESTIMATED_VOLUME,RATE,AVOIDABLE_IND,NUMBER_OF_PIECES) VALUES
	 ('4',' ','LO',171950,8.053,0.25,'Y',4),
	 ('4',' ','SP',171950,1.118,0.25,'Y',4),
	 ('2',' ','FI',171950,0.394,7.05,'Y',2),
	 ('2',' ','LO',171950,0.373,0,'N',2),
	 ('2',' ','BA',171950,1.71,0,'N',1),
	 ('4',' ','BA',171950,0.357,0.25,'Y',2),
	 ('2',' ','LO',171950,8.737,7.05,'Y',5),
	 ('2',' ','SP',171950,0.593,7.05,'Y',5),
	 ('4',' ','BA',171950,0.684,0,'N',1),
	 ('2',' ','BA',171950,0.758,7.05,'Y',5),
	 ('2',' ','SP',171951,0.345,0.82,'Y',5),
	 ('2',' ','BA',171951,1.052,0,'N',1),
	 ('2',' ','BA',171951,0.41,0.82,'Y',5),
	 ('2',' ','FI',171951,0.208,0.82,'Y',2),
	 ('4',' ','BA',171951,0.421,0,'N',1),
	 ('4',' ','BA',171951,0.197,0.25,'Y',2),
	 ('2',' ','LO',171951,0.23,0,'N',2),
	 ('2',' ','LO',171951,4.543,0.82,'Y',5),
	 ('4',' ','LO',171951,4.631,0.25,'Y',4),
	 ('4',' ','SP',171951,0.61,0.25,'Y',4);
INSERT INTO WASTE_ASSESSMENT_SEGREGATION (SCALE_GRADE_CODE,SCALE_PRODUCT_CODE,SCALE_SPECIES_CODE,WASTE_ASSESSMENT_AREA_ID,ESTIMATED_VOLUME,RATE,AVOIDABLE_IND,NUMBER_OF_PIECES) VALUES
	 ('2',' ','BA',171952,1.077,2.38,'Y',5),
	 ('2',' ','LO',171952,11.973,2.38,'Y',5),
	 ('4',' ','BA',171952,1.091,0,'N',1),
	 ('4',' ','BA',171952,0.516,0.25,'Y',2),
	 ('4',' ','SP',171952,1.599,0.25,'Y',4),
	 ('2',' ','SP',171952,0.898,2.38,'Y',5),
	 ('2',' ','FI',171952,0.547,2.38,'Y',2),
	 ('2',' ','BA',171952,2.728,0,'N',1),
	 ('2',' ','LO',171952,0.595,0,'N',2),
	 ('4',' ','LO',171952,12.08,0.25,'Y',4),
	 ('2',' ','SP',168554,18.326,2.58,'Y',5),
	 ('4',' ','BA',168554,11.03,0.25,'Y',2),
	 ('2',' ','BA',168554,52.839,0,'N',1),
	 ('2',' ','BA',168554,23.412,2.58,'Y',5),
	 ('4',' ','LO',168554,248.816,0.25,'Y',4),
	 ('4',' ','SP',168554,34.547,0.25,'Y',4),
	 ('2',' ','LO',168554,269.949,2.58,'Y',5),
	 ('2',' ','FI',168554,12.179,2.58,'Y',2),
	 ('4',' ','BA',168554,21.136,0,'N',1),
	 ('2',' ','LO',168554,11.533,0,'N',2);
INSERT INTO WASTE_ASSESSMENT_SEGREGATION (SCALE_GRADE_CODE,SCALE_PRODUCT_CODE,SCALE_SPECIES_CODE,WASTE_ASSESSMENT_AREA_ID,ESTIMATED_VOLUME,RATE,AVOIDABLE_IND,NUMBER_OF_PIECES) VALUES
	 ('2',' ','BA',168555,14.54,0.29,'Y',5),
	 ('2',' ','FI',168555,7.367,0.29,'Y',2),
	 ('2',' ','LO',168555,160.955,0.29,'Y',5),
	 ('2',' ','BA',168555,37.284,0,'N',1),
	 ('4',' ','LO',168555,164.064,0.25,'Y',4),
	 ('4',' ','SP',168555,21.598,0.25,'Y',4),
	 ('2',' ','LO',168555,8.138,0,'N',2),
	 ('2',' ','SP',168555,12.205,0.29,'Y',5),
	 ('4',' ','BA',168555,14.913,0,'N',1),
	 ('4',' ','BA',168555,6.981,0.25,'Y',2),
	 ('2',' ','BA',168556,26.733,0.54,'Y',5),
	 ('2',' ','FI',168556,13.583,0.54,'Y',2),
	 ('4',' ','LO',168556,299.899,0.25,'Y',4),
	 ('2',' ','SP',168556,22.292,0.54,'Y',5),
	 ('2',' ','LO',168556,14.784,0,'N',2),
	 ('4',' ','SP',168556,39.685,0.25,'Y',4),
	 ('4',' ','BA',168556,12.812,0.25,'Y',2),
	 ('2',' ','BA',168556,67.729,0,'N',1),
	 ('2',' ','LO',168556,297.17,0.54,'Y',5),
	 ('4',' ','BA',168556,27.091,0,'N',1);
INSERT INTO WASTE_ASSESSMENT_SEGREGATION (SCALE_GRADE_CODE,SCALE_PRODUCT_CODE,SCALE_SPECIES_CODE,WASTE_ASSESSMENT_AREA_ID,ESTIMATED_VOLUME,RATE,AVOIDABLE_IND,NUMBER_OF_PIECES) VALUES
	 ('4',' ','BA',168557,3.339,0.25,'Y',2),
	 ('2',' ','SP',168557,5.787,0.69,'Y',5),
	 ('4',' ','BA',168557,7.005,0,'N',1),
	 ('2',' ','LO',168557,77.768,0.69,'Y',5),
	 ('2',' ','BA',168557,17.513,0,'N',1),
	 ('2',' ','LO',168557,3.823,0,'N',2),
	 ('2',' ','FI',168557,3.55,0.69,'Y',2),
	 ('2',' ','BA',168557,6.976,0.69,'Y',5),
	 ('4',' ','LO',168557,77.909,0.25,'Y',4),
	 ('4',' ','SP',168557,10.349,0.25,'Y',4),
	 ('4',' ','BA',168558,6.338,0.25,'Y',2),
	 ('2',' ','LO',168558,147.701,0.72,'Y',5),
	 ('4',' ','SP',168558,19.65,0.25,'Y',4),
	 ('2',' ','LO',168558,7.254,0,'N',2),
	 ('2',' ','BA',168558,33.234,0,'N',1),
	 ('2',' ','SP',168558,10.983,0.72,'Y',5),
	 ('2',' ','BA',168558,13.244,0.72,'Y',5),
	 ('2',' ','FI',168558,6.743,0.72,'Y',2),
	 ('4',' ','LO',168558,147.892,0.25,'Y',4),
	 ('4',' ','BA',168558,13.294,0,'N',1);
INSERT INTO WASTE_ASSESSMENT_SEGREGATION (SCALE_GRADE_CODE,SCALE_PRODUCT_CODE,SCALE_SPECIES_CODE,WASTE_ASSESSMENT_AREA_ID,ESTIMATED_VOLUME,RATE,AVOIDABLE_IND,NUMBER_OF_PIECES) VALUES
	 ('4',' ','BA',168559,11.756,0.25,'Y',2),
	 ('4',' ','LO',168559,259.406,0.25,'Y',4),
	 ('2',' ','LO',168559,296.434,3.54,'Y',5),
	 ('2',' ','SP',168559,18.999,3.54,'Y',5),
	 ('2',' ','FI',168559,13.28,3.54,'Y',2),
	 ('4',' ','BA',168559,21.175,0,'N',1),
	 ('2',' ','BA',168559,25.2,3.54,'Y',5),
	 ('2',' ','BA',168559,52.939,0,'N',1),
	 ('4',' ','SP',168559,37.056,0.25,'Y',4),
	 ('2',' ','LO',168559,11.555,0,'N',2),
	 ('2',' ','BA',168560,23.78,6.26,'Y',5),
	 ('4',' ','SP',168560,34.768,0.25,'Y',4),
	 ('2',' ','LO',168560,9.556,0,'N',2),
	 ('2',' ','LO',168560,288.971,6.26,'Y',5),
	 ('4',' ','BA',168560,10.912,0.25,'Y',2),
	 ('4',' ','LO',168560,231.593,0.25,'Y',4),
	 ('2',' ','FI',168560,12.802,6.26,'Y',2),
	 ('2',' ','SP',168560,16.786,6.26,'Y',5),
	 ('2',' ','BA',168560,43.778,0,'N',1),
	 ('4',' ','BA',168560,17.511,0,'N',1);
INSERT INTO WASTE_ASSESSMENT_SEGREGATION (SCALE_GRADE_CODE,SCALE_PRODUCT_CODE,SCALE_SPECIES_CODE,WASTE_ASSESSMENT_AREA_ID,ESTIMATED_VOLUME,RATE,AVOIDABLE_IND,NUMBER_OF_PIECES) VALUES
	 ('4',' ','BA',168561,8.248,0.25,'Y',2),
	 ('4',' ','LO',168561,193.029,0.25,'Y',4),
	 ('2',' ','FI',168561,8.745,0.62,'Y',2),
	 ('4',' ','BA',168561,17.435,0,'N',1),
	 ('4',' ','SP',168561,25.546,0.25,'Y',4),
	 ('2',' ','SP',168561,14.347,0.62,'Y',5),
	 ('2',' ','BA',168561,17.21,0.62,'Y',5),
	 ('2',' ','LO',168561,191.319,0.62,'Y',5),
	 ('2',' ','LO',168561,9.514,0,'N',2),
	 ('2',' ','BA',168561,43.587,0,'N',1),
	 ('2',' ','BA',168562,8.416,0.57,'Y',5),
	 ('2',' ','BA',168562,21.256,0,'N',1),
	 ('4',' ','LO',168562,94.275,0.25,'Y',4),
	 ('4',' ','BA',168562,8.503,0,'N',1),
	 ('2',' ','SP',168562,7.006,0.57,'Y',5),
	 ('4',' ','SP',168562,12.492,0.25,'Y',4),
	 ('2',' ','FI',168562,4.279,0.57,'Y',2),
	 ('2',' ','LO',168562,4.64,0,'N',2),
	 ('4',' ','BA',168562,4.031,0.25,'Y',2),
	 ('2',' ','LO',168562,93.658,0.57,'Y',5);
