INSERT INTO WASTE_REPORTING_UNIT (REPORTING_UNIT_ID,ORG_UNIT_NO,CLIENT_LOCN_CODE,CLIENT_NUMBER,WASTE_SAMPLING_OPTION_CODE,WASTE_DISPERSED_CV_CODE,WASTE_ACCUMULATED_CV_CODE,APPRAISAL_METHOD_CODE,REVISION_COUNT,ENTRY_USERID,ENTRY_TIMESTAMP,UPDATE_USERID,UPDATE_TIMESTAMP) VALUES
	 (34004,1828,'00','00147603','AGR','100','100',NULL,56,'BCEID\LUFFY',TIMESTAMP'2023-08-30 10:54:26','IDIR\ZORO',TIMESTAMP'2024-11-21 15:48:58');

INSERT INTO WASTE_ASSESSMENT_AREA (WASTE_ASSESSMENT_AREA_ID,PARENT_WAA_ID,REPORTING_UNIT_ID,FOREST_FILE_ID,TIMBER_MARK,CB_SKEY,WASTE_MATURITY_TYPE_CODE,WASTE_CONDITION_TYPE_CODE,WASTE_SITE_TYPE_CODE,WASTE_HARVEST_STATUS_CODE,WASTE_NET_AREA,MARK_AREA,REMAINING_HARVEST_AREA,YEAR_LOGGED_FROM,YEAR_LOGGED_TO,PRIMARY_LOGGING_COMPLETE_DATE,ASSESS_STATUS_CHANGE_DATE,BENCHMARK_VOLUME,WASTE_SURVEYOR_LICENCE,RETURN_NUMBER,WASTE_ROADS_AREA,SURVEY_DATE,CRUISE_VOLUME,WASTE_ASSESS_AREA_STS_CODE,SURVEY_MAP_DOCUMENT_NAME,SURVEY_MAP_MIME_TYPE_CODE,PARENT_BLOCK_IND,CHILD_BLOCK_IND,MULTI_MARK_IND,WASTE_PARENT_BLOCK_TYPE_CODE,DOCUMENT_CONTROL_NUMBER,HBS_EDIT_ERR_MESSAGE_CODE,HBS_EDIT_ERR_CATEGORY_CODE,DRAFT_TIMBER_MARK,DRAFT_CUTTING_PERMIT_ID,DRAFT_CUT_BLOCK_ID,CUTTING_PERMIT_ID,CUT_BLOCK_ID,WASTE_SURVEY_CHECK_CODE,NUMBER_OF_PLOTS_CHECKED,WASTE_AREA_RISK_RATING_CODE,INVOICE_NOTATION,REVISION_COUNT,ENTRY_USERID,ENTRY_TIMESTAMP,UPDATE_USERID,UPDATE_TIMESTAMP,ERROR_EMAIL_TIMESTAMP,OBLIGATION_ADJUSTMENT,WASTE_FIBRE_RECOVERY_ZONE_RATE) VALUES
	 (168271,161964,34004,'A91320','FU80R1',NULL,NULL,'N','DB','COM',24.27,2.17,NULL,2022,2023,TIMESTAMP'2023-02-10 00:00:00',TIMESTAMP'2024-06-04 10:15:17',4,'8643','32',NULL,TIMESTAMP'2023-09-02 00:00:00',NULL,'BIS','RU34004 Waste Attachment.zip','ZIP','N','N','N',NULL,68922938,NULL,NULL,NULL,NULL,NULL,NULL,NULL,NULL,NULL,NULL,NULL,12,'BCEID\BMO',TIMESTAMP'2024-05-02 16:44:44','HBSB2031',TIMESTAMP'2024-06-04 15:01:32',NULL,NULL,NULL),
	 (168272,161966,34004,'A91320','FU80R1',NULL,NULL,'N','DB','COM',18.62,1.22,NULL,2022,2023,TIMESTAMP'2023-02-22 00:00:00',TIMESTAMP'2024-06-04 10:15:34',4,'8643','31',NULL,TIMESTAMP'2023-09-02 00:00:00',NULL,'BIS','RU34004 Waste Attachment.zip','ZIP','N','N','N',NULL,68922939,NULL,NULL,NULL,NULL,NULL,NULL,NULL,NULL,NULL,NULL,NULL,10,'BCEID\BMO',TIMESTAMP'2024-05-02 16:46:22','HBSB2031',TIMESTAMP'2024-06-04 15:01:33',NULL,NULL,NULL),
	 (161964,161965,34004,'A91320','FU8004',821076,NULL,'N','DB','COM',24.27,22.1,NULL,2022,2023,TIMESTAMP'2023-02-10 00:00:00',TIMESTAMP'2024-06-04 10:15:23',4,'8643','32',NULL,TIMESTAMP'2023-08-31 00:00:00',NULL,'BIS','RU34004 Waste Attachment.zip','ZIP','N','Y','Y',NULL,68922949,NULL,NULL,NULL,NULL,NULL,'004','NK1239','OFC',NULL,NULL,NULL,31,'BCEID\LUFFY',TIMESTAMP'2023-08-30 10:55:21','HBSB2031',TIMESTAMP'2024-06-04 15:02:00',NULL,NULL,NULL),
	 (161965,NULL,34004,'A91320','FU8004',821077,NULL,'N','DB','COM',32.53,32,NULL,2022,2023,TIMESTAMP'2023-01-24 00:00:00',TIMESTAMP'2024-06-04 10:16:00',4,'8643','30',NULL,TIMESTAMP'2023-08-31 00:00:00',NULL,'BIS','RU34004 Waste Attachment.zip','ZIP','Y','N','Y',NULL,68922950,NULL,NULL,NULL,NULL,NULL,'004','NK1257','OFC',NULL,NULL,'Simplied Waste Submission - FU8004 Parent Block',43,'BCEID\LUFFY',TIMESTAMP'2023-08-30 10:56:21','IDIR\ZORO',TIMESTAMP'2024-11-21 15:48:58',NULL,NULL,NULL),
	 (161966,161965,34004,'A91320','FU8004',821078,NULL,'N','DB','COM',18.62,17.4,NULL,2022,2023,TIMESTAMP'2023-02-22 00:00:00',TIMESTAMP'2024-06-04 10:15:42',4,'8643','31',NULL,TIMESTAMP'2023-08-31 00:00:00',NULL,'BIS','RU34004 Waste Attachment.zip','ZIP','N','Y','Y',NULL,68922951,NULL,NULL,NULL,NULL,NULL,'004','NK1277','OFC',NULL,NULL,NULL,41,'BCEID\LUFFY',TIMESTAMP'2023-08-30 10:56:35','HBSB2031',TIMESTAMP'2024-06-04 15:02:05',NULL,NULL,NULL),
	 (162228,161965,34004,'A91320','FU80R1',NULL,NULL,'N','DB','COM',32.53,0.53,NULL,2022,2023,TIMESTAMP'2023-01-24 00:00:00',TIMESTAMP'2024-06-04 10:15:53',4,'8643','30',NULL,TIMESTAMP'2023-09-01 00:00:00',NULL,'BIS',NULL,NULL,'N','N','N',NULL,68922952,NULL,NULL,NULL,NULL,NULL,NULL,NULL,NULL,NULL,NULL,NULL,28,'BCEID\LUFFY',TIMESTAMP'2023-09-07 09:48:17','IDIR\ZORO',TIMESTAMP'2024-11-21 15:48:58',NULL,NULL,NULL);

INSERT INTO WASTE_ASSESS_AREA_STS_AUDIT (WASTE_ASSESSMENT_AREA_AUDIT_ID,WASTE_ASSESSMENT_AREA_ID,WASTE_ASSESS_AREA_STS_CODE,WASTE_COMMENT,DOCUMENT_CONTROL_NUMBER,ENTRY_USERID,ENTRY_TIMESTAMP,UPDATE_USERID,UPDATE_TIMESTAMP) VALUES
	 (808586,168271,'BIS',NULL,68922938,'HBSB2031',TIMESTAMP'2024-06-04 15:01:32','HBSB2031',TIMESTAMP'2024-06-04 15:01:32'),
	 (806141,168271,'OREJ',NULL,NULL,'BCEID\BMO',TIMESTAMP'2024-05-02 16:44:44','BCEID\BMO',TIMESTAMP'2024-05-02 16:44:44'),
	 (806147,168271,'SUB',NULL,NULL,'BCEID\BMO',TIMESTAMP'2024-05-02 16:49:44','BCEID\BMO',TIMESTAMP'2024-05-02 16:49:44'),
	 (806192,168271,'OREJ',NULL,NULL,'IDIR\SANJI',TIMESTAMP'2024-05-03 11:03:08','IDIR\SANJI',TIMESTAMP'2024-05-03 11:03:08'),
	 (808508,168271,'RTB',NULL,NULL,'IDIR\NAMI',TIMESTAMP'2024-06-04 10:15:17','IDIR\NAMI',TIMESTAMP'2024-06-04 10:15:17'),
	 (806204,168271,'SUB',NULL,NULL,'BCEID\BMO',TIMESTAMP'2024-05-03 12:48:26','BCEID\BMO',TIMESTAMP'2024-05-03 12:48:26'),
	 (806210,168271,'APP',NULL,NULL,'IDIR\SANJI',TIMESTAMP'2024-05-03 12:53:20','IDIR\SANJI',TIMESTAMP'2024-05-03 12:53:20'),
	 (808527,168271,'BIP',NULL,68922938,'HBSB013',TIMESTAMP'2024-06-04 11:30:08','HBSB013',TIMESTAMP'2024-06-04 11:30:08'),
	 (808587,168272,'BIS',NULL,68922939,'HBSB2031',TIMESTAMP'2024-06-04 15:01:33','HBSB2031',TIMESTAMP'2024-06-04 15:01:33'),
	 (806142,168272,'OREJ',NULL,NULL,'BCEID\BMO',TIMESTAMP'2024-05-02 16:46:22','BCEID\BMO',TIMESTAMP'2024-05-02 16:46:22'),
	 (806149,168272,'SUB',NULL,NULL,'BCEID\BMO',TIMESTAMP'2024-05-02 16:50:18','BCEID\BMO',TIMESTAMP'2024-05-02 16:50:18'),
	 (806190,168272,'OREJ',NULL,NULL,'IDIR\SANJI',TIMESTAMP'2024-05-03 11:03:01','IDIR\SANJI',TIMESTAMP'2024-05-03 11:03:01'),
	 (808510,168272,'RTB',NULL,NULL,'IDIR\NAMI',TIMESTAMP'2024-06-04 10:15:34','IDIR\NAMI',TIMESTAMP'2024-06-04 10:15:34'),
	 (806202,168272,'SUB',NULL,NULL,'BCEID\BMO',TIMESTAMP'2024-05-03 12:47:58','BCEID\BMO',TIMESTAMP'2024-05-03 12:47:58'),
	 (806208,168272,'APP',NULL,NULL,'IDIR\SANJI',TIMESTAMP'2024-05-03 12:53:13','IDIR\SANJI',TIMESTAMP'2024-05-03 12:53:13'),
	 (808528,168272,'BIP',NULL,68922939,'HBSB013',TIMESTAMP'2024-06-04 11:30:09','HBSB013',TIMESTAMP'2024-06-04 11:30:09'),
	 (808597,161964,'BIS',NULL,68922949,'HBSB2031',TIMESTAMP'2024-06-04 15:02:00','HBSB2031',TIMESTAMP'2024-06-04 15:02:00'),
	 (806148,161964,'SUB','RW Mark and areas added.',NULL,'BCEID\BMO',TIMESTAMP'2024-05-02 16:49:44','BCEID\BMO',TIMESTAMP'2024-05-02 16:49:44'),
	 (806193,161964,'OREJ','Please add version 2 SWS Calculator',NULL,'IDIR\SANJI',TIMESTAMP'2024-05-03 11:03:08','IDIR\SANJI',TIMESTAMP'2024-05-03 11:03:08'),
	 (808509,161964,'RTB',NULL,NULL,'IDIR\NAMI',TIMESTAMP'2024-06-04 10:15:23','IDIR\NAMI',TIMESTAMP'2024-06-04 10:15:23');
INSERT INTO WASTE_ASSESS_AREA_STS_AUDIT (WASTE_ASSESSMENT_AREA_AUDIT_ID,WASTE_ASSESSMENT_AREA_ID,WASTE_ASSESS_AREA_STS_CODE,WASTE_COMMENT,DOCUMENT_CONTROL_NUMBER,ENTRY_USERID,ENTRY_TIMESTAMP,UPDATE_USERID,UPDATE_TIMESTAMP) VALUES
	 (763586,161964,'DFT',NULL,NULL,'BCEID\LUFFY',TIMESTAMP'2023-08-30 10:55:21','BCEID\LUFFY',TIMESTAMP'2023-08-30 10:55:21'),
	 (778884,161964,'APP','All files are attached and have been checked.  Volumes and area all match',NULL,'IDIR\SANJI',TIMESTAMP'2023-12-01 08:50:08','IDIR\SANJI',TIMESTAMP'2023-12-01 08:50:08'),
	 (806205,161964,'SUB','Updated with SWS V2',NULL,'BCEID\BMO',TIMESTAMP'2024-05-03 12:48:26','BCEID\BMO',TIMESTAMP'2024-05-03 12:48:26'),
	 (789804,161964,'OREJ','Please add version 2 SWS Calculator and put in Road Permit in Waste104 - Multiple Timber Marks',NULL,'IDIR\SANJI',TIMESTAMP'2024-01-12 10:53:21','IDIR\SANJI',TIMESTAMP'2024-01-12 10:53:21'),
	 (806211,161964,'APP','Calculator has been added and checked',NULL,'IDIR\SANJI',TIMESTAMP'2024-05-03 12:53:20','IDIR\SANJI',TIMESTAMP'2024-05-03 12:53:20'),
	 (764779,161964,'SUB','Simplified Waste submission - NK1257 Parent block.',NULL,'BCEID\BMO',TIMESTAMP'2023-09-07 10:33:20','BCEID\BMO',TIMESTAMP'2023-09-07 10:33:20'),
	 (808538,161964,'BIP',NULL,68922949,'HBSB013',TIMESTAMP'2024-06-04 11:30:32','HBSB013',TIMESTAMP'2024-06-04 11:30:32'),
	 (789740,161965,'OREJ','Please add version 2 SWS Calculator',NULL,'IDIR\SANJI',TIMESTAMP'2024-01-11 14:43:03','IDIR\SANJI',TIMESTAMP'2024-01-11 14:43:03'),
	 (808598,161965,'BIS',NULL,68922950,'HBSB2031',TIMESTAMP'2024-06-04 15:02:04','HBSB2031',TIMESTAMP'2024-06-04 15:02:04'),
	 (786291,161965,'SUB',NULL,NULL,'IDIR\ROBIN',TIMESTAMP'2023-12-19 14:19:00','IDIR\ROBIN',TIMESTAMP'2023-12-19 14:19:00'),
	 (806146,161965,'SUB','RW FU80R1 added with area from SWS sheet',NULL,'BCEID\BMO',TIMESTAMP'2024-05-02 16:49:10','BCEID\BMO',TIMESTAMP'2024-05-02 16:49:10'),
	 (806189,161965,'OREJ','Please add version 2 SWS Calculator',NULL,'IDIR\SANJI',TIMESTAMP'2024-05-03 11:02:52','IDIR\SANJI',TIMESTAMP'2024-05-03 11:02:52'),
	 (808513,161965,'RTB',NULL,NULL,'IDIR\NAMI',TIMESTAMP'2024-06-04 10:16:00','IDIR\NAMI',TIMESTAMP'2024-06-04 10:16:00'),
	 (763587,161965,'DFT',NULL,NULL,'BCEID\LUFFY',TIMESTAMP'2023-08-30 10:56:21','BCEID\LUFFY',TIMESTAMP'2023-08-30 10:56:21'),
	 (778887,161965,'APP','All files are attached and have been checked.  Volumes and area all match',NULL,'IDIR\SANJI',TIMESTAMP'2023-12-01 08:50:23','IDIR\SANJI',TIMESTAMP'2023-12-01 08:50:23'),
	 (785863,161965,'OREJ','Please correct S/B H for Waste type not a S',NULL,'IDIR\SANJI',TIMESTAMP'2023-12-19 10:55:17','IDIR\SANJI',TIMESTAMP'2023-12-19 10:55:17'),
	 (806201,161965,'SUB','SWS V2 used to resubmit',NULL,'BCEID\BMO',TIMESTAMP'2024-05-03 12:47:26','BCEID\BMO',TIMESTAMP'2024-05-03 12:47:26'),
	 (806207,161965,'APP','Calculator has been added and checked',NULL,'IDIR\SANJI',TIMESTAMP'2024-05-03 12:53:06','IDIR\SANJI',TIMESTAMP'2024-05-03 12:53:06'),
	 (764777,161965,'SUB','Simplified Waste submission parent block.  Documentation as per Manual included in ZIP.',NULL,'BCEID\BMO',TIMESTAMP'2023-09-07 10:25:43','BCEID\BMO',TIMESTAMP'2023-09-07 10:25:43'),
	 (808539,161965,'BIP',NULL,68922950,'HBSB013',TIMESTAMP'2024-06-04 11:30:33','HBSB013',TIMESTAMP'2024-06-04 11:30:33');
INSERT INTO WASTE_ASSESS_AREA_STS_AUDIT (WASTE_ASSESSMENT_AREA_AUDIT_ID,WASTE_ASSESSMENT_AREA_ID,WASTE_ASSESS_AREA_STS_CODE,WASTE_COMMENT,DOCUMENT_CONTROL_NUMBER,ENTRY_USERID,ENTRY_TIMESTAMP,UPDATE_USERID,UPDATE_TIMESTAMP) VALUES
	 (808599,161966,'BIS',NULL,68922951,'HBSB2031',TIMESTAMP'2024-06-04 15:02:05','HBSB2031',TIMESTAMP'2024-06-04 15:02:05'),
	 (806150,161966,'SUB','RW Mark and areas added.',NULL,'BCEID\BMO',TIMESTAMP'2024-05-02 16:50:18','BCEID\BMO',TIMESTAMP'2024-05-02 16:50:18'),
	 (806191,161966,'OREJ','Please add version 2 SWS Calculator',NULL,'IDIR\SANJI',TIMESTAMP'2024-05-03 11:03:01','IDIR\SANJI',TIMESTAMP'2024-05-03 11:03:01'),
	 (808511,161966,'RTB',NULL,NULL,'IDIR\NAMI',TIMESTAMP'2024-06-04 10:15:42','IDIR\NAMI',TIMESTAMP'2024-06-04 10:15:42'),
	 (763588,161966,'DFT',NULL,NULL,'BCEID\LUFFY',TIMESTAMP'2023-08-30 10:56:35','BCEID\LUFFY',TIMESTAMP'2023-08-30 10:56:35'),
	 (778885,161966,'APP','All files are attached and have been checked.  Volumes and area all match',NULL,'IDIR\SANJI',TIMESTAMP'2023-12-01 08:50:16','IDIR\SANJI',TIMESTAMP'2023-12-01 08:50:16'),
	 (806203,161966,'SUB','Updated with SWS V2',NULL,'BCEID\BMO',TIMESTAMP'2024-05-03 12:47:58','BCEID\BMO',TIMESTAMP'2024-05-03 12:47:58'),
	 (778017,161966,'OREJ','Please add Cutting Permit summery report and HBS cut to cruse report.',NULL,'IDIR\SANJI',TIMESTAMP'2023-11-28 13:21:49','IDIR\SANJI',TIMESTAMP'2023-11-28 13:21:49'),
	 (789801,161966,'OREJ','Please add version 2 SWS Calculator and put in Road Permit in Waste104 - Multiple Timber Marks',NULL,'IDIR\SANJI',TIMESTAMP'2024-01-12 10:53:07','IDIR\SANJI',TIMESTAMP'2024-01-12 10:53:07'),
	 (806209,161966,'APP','Calculator has been added and checked',NULL,'IDIR\SANJI',TIMESTAMP'2024-05-03 12:53:13','IDIR\SANJI',TIMESTAMP'2024-05-03 12:53:13'),
	 (764778,161966,'SUB','Simplified waste submission - NK1257 Parent Block.',NULL,'BCEID\BMO',TIMESTAMP'2023-09-07 10:31:30','BCEID\BMO',TIMESTAMP'2023-09-07 10:31:30'),
	 (808540,161966,'BIP',NULL,68922951,'HBSB013',TIMESTAMP'2024-06-04 11:30:34','HBSB013',TIMESTAMP'2024-06-04 11:30:34'),
	 (778120,161966,'SUB','HBS Cut to Cruise report and Gross Comp Cutting Permit Summary added to ZIP.',NULL,'BCEID\BMO',TIMESTAMP'2023-11-28 14:34:37','BCEID\BMO',TIMESTAMP'2023-11-28 14:34:37'),
	 (789739,162228,'OREJ',NULL,NULL,'IDIR\SANJI',TIMESTAMP'2024-01-11 14:43:03','IDIR\SANJI',TIMESTAMP'2024-01-11 14:43:03'),
	 (808600,162228,'BIS',NULL,68922952,'HBSB2031',TIMESTAMP'2024-06-04 15:02:06','HBSB2031',TIMESTAMP'2024-06-04 15:02:06'),
	 (786290,162228,'SUB',NULL,NULL,'IDIR\ROBIN',TIMESTAMP'2023-12-19 14:19:00','IDIR\ROBIN',TIMESTAMP'2023-12-19 14:19:00'),
	 (806145,162228,'SUB',NULL,NULL,'BCEID\BMO',TIMESTAMP'2024-05-02 16:49:10','BCEID\BMO',TIMESTAMP'2024-05-02 16:49:10'),
	 (806188,162228,'OREJ',NULL,NULL,'IDIR\SANJI',TIMESTAMP'2024-05-03 11:02:52','IDIR\SANJI',TIMESTAMP'2024-05-03 11:02:52'),
	 (808512,162228,'RTB',NULL,NULL,'IDIR\NAMI',TIMESTAMP'2024-06-04 10:15:53','IDIR\NAMI',TIMESTAMP'2024-06-04 10:15:53'),
	 (778886,162228,'APP',NULL,NULL,'IDIR\SANJI',TIMESTAMP'2023-12-01 08:50:23','IDIR\SANJI',TIMESTAMP'2023-12-01 08:50:23');
INSERT INTO WASTE_ASSESS_AREA_STS_AUDIT (WASTE_ASSESSMENT_AREA_AUDIT_ID,WASTE_ASSESSMENT_AREA_ID,WASTE_ASSESS_AREA_STS_CODE,WASTE_COMMENT,DOCUMENT_CONTROL_NUMBER,ENTRY_USERID,ENTRY_TIMESTAMP,UPDATE_USERID,UPDATE_TIMESTAMP) VALUES
	 (785862,162228,'OREJ',NULL,NULL,'IDIR\SANJI',TIMESTAMP'2023-12-19 10:55:17','IDIR\SANJI',TIMESTAMP'2023-12-19 10:55:17'),
	 (806200,162228,'SUB',NULL,NULL,'BCEID\BMO',TIMESTAMP'2024-05-03 12:47:26','BCEID\BMO',TIMESTAMP'2024-05-03 12:47:26'),
	 (806206,162228,'APP',NULL,NULL,'IDIR\SANJI',TIMESTAMP'2024-05-03 12:53:06','IDIR\SANJI',TIMESTAMP'2024-05-03 12:53:06'),
	 (764775,162228,'DFT',NULL,NULL,'BCEID\LUFFY',TIMESTAMP'2023-09-07 09:48:17','BCEID\LUFFY',TIMESTAMP'2023-09-07 09:48:17'),
	 (764776,162228,'SUB',NULL,NULL,'BCEID\BMO',TIMESTAMP'2023-09-07 10:25:43','BCEID\BMO',TIMESTAMP'2023-09-07 10:25:43'),
	 (808541,162228,'BIP',NULL,68922952,'HBSB013',TIMESTAMP'2024-06-04 11:30:35','HBSB013',TIMESTAMP'2024-06-04 11:30:35');

INSERT INTO WASTE_SPONSOR (WASTE_SPONSOR_ID,WASTE_ASSESSMENT_AREA_ID,WASTE_SUBMITTER_ROLE_TYPE_CODE,SURVEYOR_SCALER_LICENSE_NUMBER,PERSONALLY_COMPLETED_IND,SPONSORED_BY_RFP_RFT_IND,WASTE_DESIGNATION_TYPE_CODE,LICENSE_NUMBER,NAME,PHONE,FAX,EMAIL,REVISION_COUNT,ENTRY_USERID,ENTRY_TIMESTAMP,UPDATE_USERID,UPDATE_TIMESTAMP,PERSONALLY_SUPERVISED_IND,PERSONALLY_REVIEWED_IND,WASTE_RELIEF_IND,RATIONALE_REQUIRED_IND,BURNT_PILES_IND,WASTE_SUBMITTER_USER_GUID,WASTE_SUBMITTER_USERID,WASTE_SUBMITTER_NAME,WASTE_SUBMITTER_PHONE,WASTE_SUBMITTER_FAX,WASTE_SUBMITTER_EMAIL) VALUES
	 (117584,161964,'RPF','0124',NULL,'Y','RPF','0124','MAKI ZENIN','2500000001',NULL,'zenin.maki@jjk.ca',3,'BCEID\BMO',TIMESTAMP'2023-09-07 10:33:20','BCEID\BMO',TIMESTAMP'2024-05-03 12:48:26',NULL,NULL,NULL,NULL,NULL,NULL,NULL,NULL,NULL,NULL,NULL),
	 (117582,161965,'RPF','0124',NULL,'Y','RPF','0124','MAKI ZENIN','2500000001',NULL,'zenin.maki@jjk.ca',4,'BCEID\BMO',TIMESTAMP'2023-09-07 10:25:43','BCEID\BMO',TIMESTAMP'2024-05-03 12:47:26',NULL,NULL,NULL,NULL,NULL,NULL,NULL,NULL,NULL,NULL,NULL),
	 (117583,161966,'RPF','0124',NULL,'Y','RPF','0124','MAKI ZENIN','2500000001',NULL,'zenin.maki@jjk.ca',4,'BCEID\BMO',TIMESTAMP'2023-09-07 10:31:30','BCEID\BMO',TIMESTAMP'2024-05-03 12:47:58',NULL,NULL,NULL,NULL,NULL,NULL,NULL,NULL,NULL,NULL,NULL);

INSERT INTO WASTE_ASSESSMENT_SURVEY_MAP (WASTE_ASSESSMENT_AREA_ID,SURVEY_MAP_DOCUMENT,WASTE_ASSESSMENT_SURVEY_MAP_ID,SURVEY_MAP_DOCUMENT_NAME,SURVEY_MAP_MIME_TYPE_CODE,WASTE_ASSESS_AREA_STS_CODE,ENTRY_USERID,ENTRY_TIMESTAMP) VALUES
	 (161964,HEXTORAW('A50314'),102099,'RU34004 Waste Attachment.zip','ZIP','SUB','BCEID\BMO',TIMESTAMP'2024-05-03 12:48:26'),
	 (161965,HEXTORAW('A50314'),102098,'RU34004 Waste Attachment.zip','ZIP','SUB','BCEID\BMO',TIMESTAMP'2024-05-03 12:47:26'),
	 (161966,HEXTORAW('A50314'),110439,'RU34004 Waste Attachment.zip','ZIP','SUB','BCEID\BMO',TIMESTAMP'2024-05-03 12:47:58');

INSERT INTO WASTE_STRATUM (WASTE_STRATUM_ID,WASTE_ASSESSMENT_AREA_ID,WASTE_STRATUM_TYPE_CODE,WASTE_TYPE_CODE,WASTE_HARVEST_METHOD_CODE,WASTE_ASSESSMENT_METHOD_CODE,WASTE_PLOT_SIZE_CODE,WASTE_LEVEL_CODE,STRATUM_AREA,TOTAL_ESTIMATED_VOLUME,REVISION_COUNT,ENTRY_USERID,ENTRY_TIMESTAMP,UPDATE_USERID,UPDATE_TIMESTAMP,WASTE_SURVEYOR_LICENCE) VALUES
	 (239402,161965,'DIS','S','C','C',NULL,'X',32.53,NULL,3,'BCEID\LUFFY',TIMESTAMP'2023-09-01 08:59:35','BCEID\BMO',TIMESTAMP'2024-05-03 12:41:08',NULL);

INSERT INTO WASTE_ASSESSMENT_SEGREGATION (SCALE_GRADE_CODE,SCALE_PRODUCT_CODE,SCALE_SPECIES_CODE,WASTE_ASSESSMENT_AREA_ID,ESTIMATED_VOLUME,RATE,AVOIDABLE_IND,NUMBER_OF_PIECES) VALUES
	 ('4',' ','FI',168271,0.135,0,'N',1),
	 ('4',' ','SP',168271,0.03,0,'N',1),
	 ('4',' ','LO',168271,1.003,0.25,'Y',1),
	 ('4',' ','SP',168271,0.488,0.25,'Y',1),
	 ('4',' ','FI',168271,2.745,0.25,'Y',1),
	 ('4',' ','YE',168271,0.004,0.25,'Y',1),
	 ('2',' ','YE',168271,0.007,0,'Y',1),
	 ('2',' ','SP',168271,0.979,0,'Y',1),
	 ('4',' ','LO',168271,0.05,0,'N',1),
	 ('2',' ','FI',168271,4.292,0,'Y',1),
	 ('2',' ','LO',168271,1.569,0,'Y',1),
	 ('4',' ','LO',168272,0.564,0.25,'Y',1),
	 ('2',' ','FI',168272,2.413,0,'Y',1),
	 ('4',' ','SP',168272,0.017,0,'N',1),
	 ('4',' ','FI',168272,0.076,0,'N',1),
	 ('2',' ','YE',168272,0.004,0,'Y',1),
	 ('4',' ','LO',168272,0.028,0,'N',1),
	 ('2',' ','LO',168272,0.882,0,'Y',1),
	 ('2',' ','SP',168272,0.55,0,'Y',1),
	 ('4',' ','FI',168272,1.543,0.25,'Y',1);
INSERT INTO WASTE_ASSESSMENT_SEGREGATION (SCALE_GRADE_CODE,SCALE_PRODUCT_CODE,SCALE_SPECIES_CODE,WASTE_ASSESSMENT_AREA_ID,ESTIMATED_VOLUME,RATE,AVOIDABLE_IND,NUMBER_OF_PIECES) VALUES
	 ('4',' ','SP',168272,0.274,0.25,'Y',1),
	 ('4',' ','YE',168272,0.002,0.25,'Y',1),
	 ('2',' ','FI',161964,43.714,0,'Y',1),
	 ('4',' ','LO',161964,10.21,0.25,'Y',1),
	 ('4',' ','SP',161964,4.972,0.25,'Y',1),
	 ('4',' ','FI',161964,27.956,0.25,'Y',1),
	 ('4',' ','LO',161964,0.508,0,'N',1),
	 ('4',' ','SP',161964,0.309,0,'N',1),
	 ('2',' ','LO',161964,15.978,0,'Y',1),
	 ('2',' ','YE',161964,0.067,0,'Y',1),
	 ('2',' ','SP',161964,9.967,0,'Y',1),
	 ('4',' ','YE',161964,0.044,0.25,'Y',1),
	 ('4',' ','FI',161964,1.37,0,'N',1),
	 ('4',' ','SP',161965,7.2,0.25,'Y',1),
	 ('4',' ','FI',161965,1.984,0,'N',1),
	 ('2',' ','LO',161965,23.136,0,'Y',1),
	 ('2',' ','SP',161965,14.432,0,'Y',1),
	 ('4',' ','SP',161965,0.448,0,'N',1),
	 ('2',' ','YE',161965,0.096,0,'Y',1),
	 ('4',' ','LO',161965,14.784,0.25,'Y',1);
INSERT INTO WASTE_ASSESSMENT_SEGREGATION (SCALE_GRADE_CODE,SCALE_PRODUCT_CODE,SCALE_SPECIES_CODE,WASTE_ASSESSMENT_AREA_ID,ESTIMATED_VOLUME,RATE,AVOIDABLE_IND,NUMBER_OF_PIECES) VALUES
	 ('4',' ','LO',161965,0.736,0,'N',1),
	 ('2',' ','FI',161965,63.296,0,'Y',1),
	 ('4',' ','FI',161965,40.48,0.25,'Y',1),
	 ('4',' ','YE',161965,0.064,0.25,'Y',1),
	 ('4',' ','FI',161966,22.011,0.25,'Y',1),
	 ('2',' ','LO',161966,12.58,0,'Y',1),
	 ('2',' ','SP',161966,7.847,0,'Y',1),
	 ('4',' ','SP',161966,0.243,0,'N',1),
	 ('4',' ','YE',161966,0.035,0.25,'Y',1),
	 ('4',' ','FI',161966,1.079,0,'N',1),
	 ('4',' ','SP',161966,3.915,0.25,'Y',1),
	 ('2',' ','YE',161966,0.052,0,'Y',1),
	 ('4',' ','LO',161966,0.4,0,'N',1),
	 ('4',' ','LO',161966,8.039,0.25,'Y',1),
	 ('2',' ','FI',161966,34.417,0,'Y',1),
	 ('4',' ','LO',162228,0.245,0.25,'Y',1),
	 ('2',' ','SP',162228,0.239,0,'Y',1),
	 ('4',' ','LO',162228,0.012,0,'N',1),
	 ('4',' ','SP',162228,0.119,0.25,'Y',1),
	 ('4',' ','SP',162228,0.007,0,'N',1);
INSERT INTO WASTE_ASSESSMENT_SEGREGATION (SCALE_GRADE_CODE,SCALE_PRODUCT_CODE,SCALE_SPECIES_CODE,WASTE_ASSESSMENT_AREA_ID,ESTIMATED_VOLUME,RATE,AVOIDABLE_IND,NUMBER_OF_PIECES) VALUES
	 ('2',' ','FI',162228,1.048,0,'Y',1),
	 ('4',' ','YE',162228,0.001,0.25,'Y',1),
	 ('4',' ','FI',162228,0.033,0,'N',1),
	 ('4',' ','FI',162228,0.67,0.25,'Y',1),
	 ('2',' ','LO',162228,0.383,0,'Y',1),
	 ('2',' ','YE',162228,0.002,0,'Y',1);
