-- Core data pump for reporting unit 879


INSERT INTO WASTE_REPORTING_UNIT (REPORTING_UNIT_ID,ORG_UNIT_NO,CLIENT_LOCN_CODE,CLIENT_NUMBER,WASTE_SAMPLING_OPTION_CODE,WASTE_DISPERSED_CV_CODE,WASTE_ACCUMULATED_CV_CODE,APPRAISAL_METHOD_CODE,REVISION_COUNT,ENTRY_USERID,ENTRY_TIMESTAMP,UPDATE_USERID,UPDATE_TIMESTAMP) VALUES
	 (879,1824,'00','00001271','AGR','100','100',NULL,55,'IDIR\BMO',TIMESTAMP'2025-07-24 10:38:45','IDIR\JAKEDOG',TIMESTAMP'2026-02-10 09:07:54');

INSERT INTO WASTE_ASSESSMENT_AREA (WASTE_ASSESSMENT_AREA_ID,PARENT_WAA_ID,REPORTING_UNIT_ID,FOREST_FILE_ID,TIMBER_MARK,CB_SKEY,WASTE_MATURITY_TYPE_CODE,WASTE_CONDITION_TYPE_CODE,WASTE_SITE_TYPE_CODE,WASTE_HARVEST_STATUS_CODE,WASTE_NET_AREA,MARK_AREA,REMAINING_HARVEST_AREA,YEAR_LOGGED_FROM,YEAR_LOGGED_TO,PRIMARY_LOGGING_COMPLETE_DATE,ASSESS_STATUS_CHANGE_DATE,BENCHMARK_VOLUME,WASTE_SURVEYOR_LICENCE,RETURN_NUMBER,WASTE_ROADS_AREA,SURVEY_DATE,CRUISE_VOLUME,WASTE_ASSESS_AREA_STS_CODE,SURVEY_MAP_DOCUMENT_NAME,SURVEY_MAP_MIME_TYPE_CODE,PARENT_BLOCK_IND,CHILD_BLOCK_IND,MULTI_MARK_IND,WASTE_PARENT_BLOCK_TYPE_CODE,DOCUMENT_CONTROL_NUMBER,HBS_EDIT_ERR_MESSAGE_CODE,HBS_EDIT_ERR_CATEGORY_CODE,DRAFT_TIMBER_MARK,DRAFT_CUTTING_PERMIT_ID,DRAFT_CUT_BLOCK_ID,CUTTING_PERMIT_ID,CUT_BLOCK_ID,WASTE_SURVEY_CHECK_CODE,NUMBER_OF_PLOTS_CHECKED,WASTE_AREA_RISK_RATING_CODE,INVOICE_NOTATION,REVISION_COUNT,ENTRY_USERID,ENTRY_TIMESTAMP,UPDATE_USERID,UPDATE_TIMESTAMP,ERROR_EMAIL_TIMESTAMP,OBLIGATION_ADJUSTMENT,WASTE_FIBRE_RECOVERY_ZONE_RATE) VALUES
	 (1905,NULL,879,'R21110',NULL,NULL,NULL,NULL,NULL,NULL,10,NULL,NULL,NULL,NULL,NULL,NULL,NULL,NULL,NULL,NULL,NULL,NULL,'DFT',NULL,NULL,'N','N','N',NULL,NULL,NULL,NULL,'R21110',NULL,NULL,NULL,NULL,NULL,NULL,NULL,NULL,1,'IDIR\BMO',TIMESTAMP'2025-07-24 10:39:03','IDIR\BMO',TIMESTAMP'2025-07-24 10:39:03',NULL,NULL,NULL),
	 (1906,NULL,879,'A74531','JY1009',367797,NULL,'N','DB','COM',27.02,27,NULL,2020,2022,TIMESTAMP'2022-07-23 00:00:00',TIMESTAMP'2025-08-11 10:19:56',4,'1','1',NULL,TIMESTAMP'2025-07-01 00:00:00',NULL,'RTB','Test_Empty_ZipFolder1.zip','ZIP','N','N','Y',NULL,NULL,NULL,NULL,NULL,NULL,NULL,'9','CB1','FLD',NULL,NULL,NULL,65,'IDIR\BMO',TIMESTAMP'2025-07-24 11:10:03','IDIR\JAKEDOG',TIMESTAMP'2026-02-10 09:07:54',NULL,NULL,NULL),
	 (1908,1906,879,'R21110','R21110',NULL,NULL,'N','DB','COM',27.02,0.01,NULL,2020,2022,TIMESTAMP'2022-07-24 00:00:00',TIMESTAMP'2025-07-24 11:18:28',4,'1','1',NULL,TIMESTAMP'2025-07-02 00:00:00',NULL,'RTB','Test_Empty_ZipFolder1.zip','ZIP','N','N','N',NULL,NULL,NULL,NULL,NULL,NULL,NULL,NULL,NULL,NULL,NULL,NULL,NULL,42,'IDIR\BMO',TIMESTAMP'2025-07-24 11:19:10','IDIR\JAKEDOG',TIMESTAMP'2026-02-10 09:07:54',NULL,NULL,NULL),
	 (1907,1906,879,'A16824','EM30R1',NULL,NULL,'N','DB','COM',27.02,0.01,NULL,2020,2022,TIMESTAMP'2022-07-24 00:00:00',TIMESTAMP'2025-08-11 10:19:39',4,'1','1',NULL,TIMESTAMP'2025-07-02 00:00:00',NULL,'APP',NULL,NULL,'N','N','N',NULL,NULL,NULL,NULL,NULL,NULL,NULL,NULL,NULL,NULL,NULL,NULL,NULL,57,'IDIR\BMO',TIMESTAMP'2025-07-24 11:13:59','IDIR\JAKEDOG',TIMESTAMP'2026-02-10 09:07:54',NULL,NULL,NULL);

INSERT INTO WASTE_ASSESS_AREA_STS_AUDIT (WASTE_ASSESSMENT_AREA_AUDIT_ID,WASTE_ASSESSMENT_AREA_ID,WASTE_ASSESS_AREA_STS_CODE,WASTE_COMMENT,DOCUMENT_CONTROL_NUMBER,ENTRY_USERID,ENTRY_TIMESTAMP,UPDATE_USERID,UPDATE_TIMESTAMP) VALUES
	 (6824,1905,'DFT',NULL,NULL,'IDIR\BMO',TIMESTAMP'2025-07-24 10:39:03','IDIR\BMO',TIMESTAMP'2025-07-24 10:39:03'),
	 (6832,1908,'RTB',NULL,NULL,'IDIR\BMO',TIMESTAMP'2025-07-24 11:19:10','IDIR\BMO',TIMESTAMP'2025-07-24 11:19:10'),
	 (6831,1906,'RTB',NULL,NULL,'IDIR\BMO',TIMESTAMP'2025-07-24 11:18:28','IDIR\BMO',TIMESTAMP'2025-07-24 11:18:28'),
	 (6843,1906,'SUB',NULL,NULL,'IDIR\BMO',TIMESTAMP'2025-08-11 10:19:30','IDIR\BMO',TIMESTAMP'2025-08-11 10:19:30'),
	 (6845,1906,'APP',NULL,NULL,'IDIR\BMO',TIMESTAMP'2025-08-11 10:19:39','IDIR\BMO',TIMESTAMP'2025-08-11 10:19:39'),
	 (6841,1906,'OREJ',NULL,NULL,'IDIR\BMO',TIMESTAMP'2025-08-11 10:16:15','IDIR\BMO',TIMESTAMP'2025-08-11 10:16:15'),
	 (6825,1906,'DFT',NULL,NULL,'IDIR\BMO',TIMESTAMP'2025-07-24 11:10:03','IDIR\BMO',TIMESTAMP'2025-07-24 11:10:03'),
	 (6828,1906,'SUB','test',NULL,'IDIR\BMO',TIMESTAMP'2025-07-24 11:17:39','IDIR\BMO',TIMESTAMP'2025-07-24 11:17:39'),
	 (6830,1906,'APP','test',NULL,'IDIR\BMO',TIMESTAMP'2025-07-24 11:18:01','IDIR\BMO',TIMESTAMP'2025-07-24 11:18:01'),
	 (6846,1906,'RTB',NULL,NULL,'IDIR\BMO',TIMESTAMP'2025-08-11 10:19:56','IDIR\BMO',TIMESTAMP'2025-08-11 10:19:56'),
	 (6844,1907,'APP',NULL,NULL,'IDIR\BMO',TIMESTAMP'2025-08-11 10:19:39','IDIR\BMO',TIMESTAMP'2025-08-11 10:19:39'),
	 (6842,1907,'SUB',NULL,NULL,'IDIR\BMO',TIMESTAMP'2025-08-11 10:19:30','IDIR\BMO',TIMESTAMP'2025-08-11 10:19:30'),
	 (6840,1907,'OREJ',NULL,NULL,'IDIR\BMO',TIMESTAMP'2025-08-11 10:16:15','IDIR\BMO',TIMESTAMP'2025-08-11 10:16:15'),
	 (6826,1907,'DFT',NULL,NULL,'IDIR\BMO',TIMESTAMP'2025-07-24 11:13:59','IDIR\BMO',TIMESTAMP'2025-07-24 11:13:59'),
	 (6827,1907,'SUB',NULL,NULL,'IDIR\BMO',TIMESTAMP'2025-07-24 11:17:39','IDIR\BMO',TIMESTAMP'2025-07-24 11:17:39'),
	 (6829,1907,'APP',NULL,NULL,'IDIR\BMO',TIMESTAMP'2025-07-24 11:18:01','IDIR\BMO',TIMESTAMP'2025-07-24 11:18:01');

INSERT INTO WASTE_SPONSOR (WASTE_SPONSOR_ID,WASTE_ASSESSMENT_AREA_ID,WASTE_SUBMITTER_ROLE_TYPE_CODE,SURVEYOR_SCALER_LICENSE_NUMBER,PERSONALLY_COMPLETED_IND,SPONSORED_BY_RFP_RFT_IND,WASTE_DESIGNATION_TYPE_CODE,LICENSE_NUMBER,NAME,PHONE,FAX,EMAIL,REVISION_COUNT,ENTRY_USERID,ENTRY_TIMESTAMP,UPDATE_USERID,UPDATE_TIMESTAMP,PERSONALLY_SUPERVISED_IND,PERSONALLY_REVIEWED_IND,WASTE_RELIEF_IND,RATIONALE_REQUIRED_IND,BURNT_PILES_IND,WASTE_SUBMITTER_USER_GUID,WASTE_SUBMITTER_USERID,WASTE_SUBMITTER_NAME,WASTE_SUBMITTER_PHONE,WASTE_SUBMITTER_FAX,WASTE_SUBMITTER_EMAIL) VALUES
	 (969,1906,'RFT','1234','Y','N',NULL,NULL,NULL,NULL,NULL,NULL,2,'IDIR\BMO',TIMESTAMP'2025-07-24 11:17:39','IDIR\BMO',TIMESTAMP'2025-08-11 10:19:30','N','N','N','N','N',NULL,NULL,NULL,NULL,NULL,NULL);

INSERT INTO WASTE_ASSESSMENT_SURVEY_MAP (WASTE_ASSESSMENT_AREA_ID,SURVEY_MAP_DOCUMENT,WASTE_ASSESSMENT_SURVEY_MAP_ID,SURVEY_MAP_DOCUMENT_NAME,SURVEY_MAP_MIME_TYPE_CODE,WASTE_ASSESS_AREA_STS_CODE,ENTRY_USERID,ENTRY_TIMESTAMP) VALUES
	 (1906,'A50314',664,'Test_Empty_ZipFolder1.zip','ZIP','SUB','IDIR\BMO',TIMESTAMP'2025-08-11 10:19:30'),
	 (1906,'A50314',663,'Test_Empty_ZipFolder1.zip','ZIP','SUB','IDIR\BMO',TIMESTAMP'2025-07-24 11:17:39');

INSERT INTO WASTE_STRATUM (WASTE_STRATUM_ID,WASTE_ASSESSMENT_AREA_ID,WASTE_STRATUM_TYPE_CODE,WASTE_TYPE_CODE,WASTE_HARVEST_METHOD_CODE,WASTE_ASSESSMENT_METHOD_CODE,WASTE_PLOT_SIZE_CODE,WASTE_LEVEL_CODE,STRATUM_AREA,TOTAL_ESTIMATED_VOLUME,REVISION_COUNT,ENTRY_USERID,ENTRY_TIMESTAMP,UPDATE_USERID,UPDATE_TIMESTAMP,WASTE_SURVEYOR_LICENCE) VALUES
	 (3596,1906,'DIS','S','O','S',NULL,'X',27.02,NULL,3,'IDIR\BMO',TIMESTAMP'2025-07-24 11:15:23','IDIR\BMO',TIMESTAMP'2025-08-11 10:18:58',NULL);

INSERT INTO WASTE_ASSESSMENT_SEGREGATION (SCALE_GRADE_CODE,SCALE_PRODUCT_CODE,SCALE_SPECIES_CODE,WASTE_ASSESSMENT_AREA_ID,ESTIMATED_VOLUME,RATE,AVOIDABLE_IND,NUMBER_OF_PIECES) VALUES
	 ('2',' ','SP',1906,0.195,0,'N',1);
